2004년 재해자수,2005년 재해자수,2006년 재해자수,2007년 재해자수,2008년 재해자수,2009년 재해자수,2010년 재해자수,2011년 재해자수,2012년 재해자수,2013년 재해자수,2014년 재해자수,2015년 재해자수,2016년 재해자수,2017년 재해자수,2018년 재해자수,2019년 재해자수,2020년 재해자수,2021년 재해자수,2022년 재해자수,구분,source_period,source_endpoint,source_dataset
1695,1617,1679,2686,2773,2643,2566,2483,2529,2594,2379,2350,2406,2268,2607,2786,2553,2758,3024,서 울 청,2022,https://api.odcloud.kr/api/15064475/v1/uddi:f2c37b4f-65c2-476b-8559-e88430401155,PUB-008_노동지청별_재해자수
3535,3199,2972,1652,1605,1618,1546,1432,1363,1372,1448,1337,1320,1263,1459,1570,1561,2024,1895,서울강남,2022,https://api.odcloud.kr/api/15064475/v1/uddi:f2c37b4f-65c2-476b-8559-e88430401155,PUB-008_노동지청별_재해자수
2112,1909,1904,1872,2213,2047,2193,1834,1827,1850,1970,1962,2032,2023,2394,2587,2495,2901,3834,서울동부,2022,https://api.odcloud.kr/api/15064475/v1/uddi:f2c37b4f-65c2-476b-8559-e88430401155,PUB-008_노동지청별_재해자수
1584,1649,1623,1566,1650,1600,1639,1502,1460,1488,1577,1594,1504,1587,1803,1988,1848,2105,2287,서울서부,2022,https://api.odcloud.kr/api/15064475/v1/uddi:f2c37b4f-65c2-476b-8559-e88430401155,PUB-008_노동지청별_재해자수
2172,2014,2058,2014,2112,2101,2035,1865,1758,1896,1764,1672,1796,1834,2182,2360,2129,2224,2470,서울남부,2022,https://api.odcloud.kr/api/15064475/v1/uddi:f2c37b4f-65c2-476b-8559-e88430401155,PUB-008_노동지청별_재해자수
1522,1515,1481,1359,1595,1660,1643,1500,1459,1532,1531,1569,1565,1592,1857,1856,1734,1884,2104,서울북부,2022,https://api.odcloud.kr/api/15064475/v1/uddi:f2c37b4f-65c2-476b-8559-e88430401155,PUB-008_노동지청별_재해자수
1851,1948,1943,1928,1997,1713,1995,1825,1817,1766,1777,1745,1691,1728,2053,1875,2036,2086,2341,서울관악,2022,https://api.odcloud.kr/api/15064475/v1/uddi:f2c37b4f-65c2-476b-8559-e88430401155,PUB-008_노동지청별_재해자수
4128,4224,2625,2802,3127,3486,3651,3318,3274,3230,3338,3230,3387,3275,3923,4142,4119,4824,5123,의 정 부,2022,https://api.odcloud.kr/api/15064475/v1/uddi:f2c37b4f-65c2-476b-8559-e88430401155,PUB-008_노동지청별_재해자수
740,768,885,993,1009,1224,1138,1060,1053,1092,1039,1002,999,975,1254,1258,1116,1271,1309,강    원,2022,https://api.odcloud.kr/api/15064475/v1/uddi:f2c37b4f-65c2-476b-8559-e88430401155,PUB-008_노동지청별_재해자수
954,879,863,813,685,693,639,615,529,572,869,939,924,1003,1365,1474,1731,1811,2161,태    백,2022,https://api.odcloud.kr/api/15064475/v1/uddi:f2c37b4f-65c2-476b-8559-e88430401155,PUB-008_노동지청별_재해자수
929,732,755,778,864,878,812,819,802,772,869,773,918,980,1074,1249,1290,1519,1501,강    릉,2022,https://api.odcloud.kr/api/15064475/v1/uddi:f2c37b4f-65c2-476b-8559-e88430401155,PUB-008_노동지청별_재해자수
551,616,641,706,715,767,760,788,676,723,769,738,747,692,807,913,812,973,1072,원    주,2022,https://api.odcloud.kr/api/15064475/v1/uddi:f2c37b4f-65c2-476b-8559-e88430401155,PUB-008_노동지청별_재해자수
841,830,790,814,696,662,648,601,588,574,613,597,649,793,824,845,872,1362,1498,영    월,2022,https://api.odcloud.kr/api/15064475/v1/uddi:f2c37b4f-65c2-476b-8559-e88430401155,PUB-008_노동지청별_재해자수
3076,2697,2812,2751,2757,2876,2733,2349,2465,2255,2196,2200,2341,2170,2533,2588,2548,2963,3108,부 산 청,2022,https://api.odcloud.kr/api/15064475/v1/uddi:f2c37b4f-65c2-476b-8559-e88430401155,PUB-008_노동지청별_재해자수
1339,1208,1212,1239,1331,1584,1463,1423,1422,1447,1443,1461,1494,1470,1605,1722,1631,1862,2031,부산동부,2022,https://api.odcloud.kr/api/15064475/v1/uddi:f2c37b4f-65c2-476b-8559-e88430401155,PUB-008_노동지청별_재해자수
2112,2091,2248,2173,2379,2279,2213,2100,2147,1903,1949,1882,1778,1749,1950,2080,1929,2021,2037,부산북부,2022,https://api.odcloud.kr/api/15064475/v1/uddi:f2c37b4f-65c2-476b-8559-e88430401155,PUB-008_노동지청별_재해자수
3283,3193,3119,3035,3022,2696,3000,2918,2880,2725,2528,2522,2509,2363,2517,2737,2774,2965,2929,창    원,2022,https://api.odcloud.kr/api/15064475/v1/uddi:f2c37b4f-65c2-476b-8559-e88430401155,PUB-008_노동지청별_재해자수
3925,3475,3258,3367,3313,3201,2895,2929,2891,2870,2877,2782,2638,2768,3100,3468,3319,3853,4580,울    산,2022,https://api.odcloud.kr/api/15064475/v1/uddi:f2c37b4f-65c2-476b-8559-e88430401155,PUB-008_노동지청별_재해자수
2547,2435,2671,2734,2806,2851,2811,2902,2801,2426,2498,2418,2626,2398,2726,2866,2754,2990,3038,양    산,2022,https://api.odcloud.kr/api/15064475/v1/uddi:f2c37b4f-65c2-476b-8559-e88430401155,PUB-008_노동지청별_재해자수
978,897,1021,1184,1255,1550,1427,1425,1295,1254,1217,1241,1187,1150,1360,1460,1442,1498,1526,진    주,2022,https://api.odcloud.kr/api/15064475/v1/uddi:f2c37b4f-65c2-476b-8559-e88430401155,PUB-008_노동지청별_재해자수
1400,1307,1343,1282,1495,1536,1424,1233,1154,1191,1333,1371,1266,1488,1376,1566,1783,2147,2054,통    영,2022,https://api.odcloud.kr/api/15064475/v1/uddi:f2c37b4f-65c2-476b-8559-e88430401155,PUB-008_노동지청별_재해자수
2248,1882,2069,2413,2565,2634,2719,2608,2447,2462,2460,2534,2635,2601,2834,3020,2856,3321,3634,대 구 청,2022,https://api.odcloud.kr/api/15064475/v1/uddi:f2c37b4f-65c2-476b-8559-e88430401155,PUB-008_노동지청별_재해자수
2884,2818,2788,2677,2690,2734,2800,2777,2613,2580,2607,2591,2634,2495,2775,2853,2833,3099,3225,대구서부,2022,https://api.odcloud.kr/api/15064475/v1/uddi:f2c37b4f-65c2-476b-8559-e88430401155,PUB-008_노동지청별_재해자수
1734,1741,1923,1908,1855,1955,1934,1832,1834,1759,1793,1693,1723,1649,1900,1950,1923,2271,2533,포    항,2022,https://api.odcloud.kr/api/15064475/v1/uddi:f2c37b4f-65c2-476b-8559-e88430401155,PUB-008_노동지청별_재해자수
887,790,880,812,810,855,833,841,796,795,827,800,777,737,822,848,864,901,1046,구    미,2022,https://api.odcloud.kr/api/15064475/v1/uddi:f2c37b4f-65c2-476b-8559-e88430401155,PUB-008_노동지청별_재해자수
681,799,699,646,741,774,778,749,708,710,653,671,675,738,832,915,930,1019,1099,영    주,2022,https://api.odcloud.kr/api/15064475/v1/uddi:f2c37b4f-65c2-476b-8559-e88430401155,PUB-008_노동지청별_재해자수
418,358,402,410,428,604,566,566,568,543,488,563,547,476,534,583,574,638,580,안    동,2022,https://api.odcloud.kr/api/15064475/v1/uddi:f2c37b4f-65c2-476b-8559-e88430401155,PUB-008_노동지청별_재해자수
3038,2814,2902,3095,3067,3159,3227,2944,2887,2848,2773,2744,2771,2865,3289,3180,3216,3576,3959,중 부 청,2022,https://api.odcloud.kr/api/15064475/v1/uddi:f2c37b4f-65c2-476b-8559-e88430401155,PUB-008_노동지청별_재해자수
2722,2698,2615,2520,2790,2761,2803,2657,2556,2521,2454,2514,2464,2340,2644,2866,2799,3188,3467,인천북부,2022,https://api.odcloud.kr/api/15064475/v1/uddi:f2c37b4f-65c2-476b-8559-e88430401155,PUB-008_노동지청별_재해자수
5872,4235,4645,5172,5509,5055,5455,5028,4950,5169,5289,5023,5072,5009,5735,6135,6097,7406,7736,경    기,2022,https://api.odcloud.kr/api/15064475/v1/uddi:f2c37b4f-65c2-476b-8559-e88430401155,PUB-008_노동지청별_재해자수
2045,1936,2151,2187,2364,2232,2427,2250,2362,2355,2197,2341,2350,2245,2522,2710,2626,3354,3030,부    천,2022,https://api.odcloud.kr/api/15064475/v1/uddi:f2c37b4f-65c2-476b-8559-e88430401155,PUB-008_노동지청별_재해자수
1974,1719,1879,1741,1808,1921,1967,1746,1655,1711,1732,1698,1655,1715,1894,2126,2077,2287,2447,안    양,2022,https://api.odcloud.kr/api/15064475/v1/uddi:f2c37b4f-65c2-476b-8559-e88430401155,PUB-008_노동지청별_재해자수
3284,3123,3540,3508,3635,3393,3697,3508,3360,3333,3169,2949,2917,2976,3249,3446,3434,3800,3855,안    산,2022,https://api.odcloud.kr/api/15064475/v1/uddi:f2c37b4f-65c2-476b-8559-e88430401155,PUB-008_노동지청별_재해자수
2492,2405,2579,2847,3136,3355,3489,3239,3274,3542,3393,3591,3708,3457,4101,4056,4275,4807,5260,성    남,2022,https://api.odcloud.kr/api/15064475/v1/uddi:f2c37b4f-65c2-476b-8559-e88430401155,PUB-008_노동지청별_재해자수
0,1650,1852,1945,2034,1910,2010,1984,1714,1794,1818,1823,1841,1965,2119,2374,2462,2746,3090,평    택,2022,https://api.odcloud.kr/api/15064475/v1/uddi:f2c37b4f-65c2-476b-8559-e88430401155,PUB-008_노동지청별_재해자수
0,0,1940,1889,2017,2239,2539,2231,2321,2246,2103,2245,2277,2322,2649,2774,2545,3071,3431,고    양,2022,https://api.odcloud.kr/api/15064475/v1/uddi:f2c37b4f-65c2-476b-8559-e88430401155,PUB-008_노동지청별_재해자수
3193,2941,2998,3155,3341,3308,3445,3288,3632,3450,3355,3279,3028,3214,3750,4085,4184,4660,4613,광 주 청,2022,https://api.odcloud.kr/api/15064475/v1/uddi:f2c37b4f-65c2-476b-8559-e88430401155,PUB-008_노동지청별_재해자수
1756,1630,1780,1690,1835,2313,2262,2267,2125,2220,2135,2056,1822,1853,2188,2219,2216,2497,2531,전    주,2022,https://api.odcloud.kr/api/15064475/v1/uddi:f2c37b4f-65c2-476b-8559-e88430401155,PUB-008_노동지청별_재해자수
881,784,895,717,857,928,871,899,901,808,682,615,688,728,855,928,895,1011,1004,익    산,2022,https://api.odcloud.kr/api/15064475/v1/uddi:f2c37b4f-65c2-476b-8559-e88430401155,PUB-008_노동지청별_재해자수
761,861,919,849,938,876,927,901,961,855,892,872,791,759,817,874,887,952,958,군    산,2022,https://api.odcloud.kr/api/15064475/v1/uddi:f2c37b4f-65c2-476b-8559-e88430401155,PUB-008_노동지청별_재해자수
990,1057,1235,1254,1616,1880,1564,1386,1356,1313,1160,1215,1247,1102,1241,1588,1646,1875,1814,목    포,2022,https://api.odcloud.kr/api/15064475/v1/uddi:f2c37b4f-65c2-476b-8559-e88430401155,PUB-008_노동지청별_재해자수
1091,1141,1244,1260,1324,1464,1420,1358,1381,1336,1226,1290,1311,1300,1497,1667,1893,1938,1972,여    수,2022,https://api.odcloud.kr/api/15064475/v1/uddi:f2c37b4f-65c2-476b-8559-e88430401155,PUB-008_노동지청별_재해자수
663,655,819,764,851,890,895,918,1120,1082,1200,1160,1207,1297,1315,1360,1207,1300,1436,제    주,2022,https://api.odcloud.kr/api/15064475/v1/uddi:f2c37b4f-65c2-476b-8559-e88430401155,PUB-008_노동지청별_재해자수
2601,2491,2843,2642,3226,3344,3369,3269,3112,3293,3151,3214,3410,3286,3896,4378,4457,5095,5366,대 전 청,2022,https://api.odcloud.kr/api/15064475/v1/uddi:f2c37b4f-65c2-476b-8559-e88430401155,PUB-008_노동지청별_재해자수
1707,1711,1985,1889,2155,2300,2244,2097,2266,2299,2224,2233,2269,2175,2528,2733,2750,2962,3229,청    주,2022,https://api.odcloud.kr/api/15064475/v1/uddi:f2c37b4f-65c2-476b-8559-e88430401155,PUB-008_노동지청별_재해자수
815,863,1067,1170,1224,1354,1349,1316,1421,1393,1311,1233,1203,1258,1408,1631,1565,1707,1756,충    주,2022,https://api.odcloud.kr/api/15064475/v1/uddi:f2c37b4f-65c2-476b-8559-e88430401155,PUB-008_노동지청별_재해자수
1837,1999,2199,2124,2397,2631,2522,2536,2588,2687,2672,2480,2457,2472,2732,3019,3176,3438,3652,천    안,2022,https://api.odcloud.kr/api/15064475/v1/uddi:f2c37b4f-65c2-476b-8559-e88430401155,PUB-008_노동지청별_재해자수
1026,1107,1159,1115,1194,1287,1302,1176,1158,1188,1161,1317,1400,1245,1410,1066,1057,1115,1131,보    령,2022,https://api.odcloud.kr/api/15064475/v1/uddi:f2c37b4f-65c2-476b-8559-e88430401155,PUB-008_노동지청별_재해자수
0,0,0,0,0,0,0,0,0,0,0,0,0,0,0,468,459,638,572,서    산,2022,https://api.odcloud.kr/api/15064475/v1/uddi:f2c37b4f-65c2-476b-8559-e88430401155,PUB-008_노동지청별_재해자수
