2004년 사고재해자수,2005년 사고재해자수,2006년 사고재해자수,2007년 사고재해자수,2008년 사고재해자수,2009년 사고재해자수,2010년 사고재해자수,2011년 사고재해자수,2012년 사고재해자수,2013년 사고재해자수,2014년 사고재해자수,2015년 사고재해자수,2016년 사고재해자수,2017년 사고재해자수,2018년 사고재해자수,2019년 사고재해자수,2020년 사고재해자수,구분,대업종,source_period,source_endpoint,source_dataset,2004,2005,2006,2007,2008,2009,2010,2011,2012,2013,2014,2015,2016,2017,2018,2019,2020,2021,2021년 사고재해자수,2022년 사고재해자수,2023년 사고재해자수,2024년 사고재해자수,2025년 사고재해자수
468.0,480.0,487.0,443.0,476.0,422.0,431.0,382.0,356.0,317.0,288.0,258.0,254.0,236.0,301.0,337.0,258.0,금융및보험업,금융및보험업,2020,https://api.odcloud.kr/api/15084656/v1/uddi:79613c8f-5eae-45d4-9f4f-d047edb084dd,PUB-007_산업중분류별_사고재해,,,,,,,,,,,,,,,,,,,,,,,
164.0,110.0,102.0,115.0,88.0,88.0,74.0,69.0,69.0,64.0,24.0,34.0,42.0,39.0,28.0,28.0,17.0,석탄광업및채석업,광  업,2020,https://api.odcloud.kr/api/15084656/v1/uddi:79613c8f-5eae-45d4-9f4f-d047edb084dd,PUB-007_산업중분류별_사고재해,,,,,,,,,,,,,,,,,,,,,,,
255.0,227.0,206.0,178.0,192.0,160.0,165.0,149.0,144.0,134.0,127.0,111.0,124.0,119.0,167.0,158.0,124.0,석회석·금속·비금속광업및기타광업,광  업,2020,https://api.odcloud.kr/api/15084656/v1/uddi:79613c8f-5eae-45d4-9f4f-d047edb084dd,PUB-007_산업중분류별_사고재해,,,,,,,,,,,,,,,,,,,,,,,
1991.0,2099.0,2107.0,1897.0,2137.0,2087.0,2299.0,2008.0,2068.0,2090.0,2089.0,2033.0,2031.0,2030.0,2388.0,2638.0,2621.0,식료품제조업,제조업,2020,https://api.odcloud.kr/api/15084656/v1/uddi:79613c8f-5eae-45d4-9f4f-d047edb084dd,PUB-007_산업중분류별_사고재해,,,,,,,,,,,,,,,,,,,,,,,
1781.0,1587.0,1445.0,1251.0,1232.0,1204.0,1285.0,1186.0,1099.0,1038.0,1051.0,935.0,972.0,878.0,951.0,922.0,853.0,섬유및섬유제품제조업,제조업,2020,https://api.odcloud.kr/api/15084656/v1/uddi:79613c8f-5eae-45d4-9f4f-d047edb084dd,PUB-007_산업중분류별_사고재해,,,,,,,,,,,,,,,,,,,,,,,
2085.0,2047.0,2044.0,1889.0,2019.0,1889.0,1938.0,1802.0,1674.0,1575.0,1636.0,1545.0,1472.0,1364.0,1453.0,1451.0,1339.0,목재및종이제품제조업,제조업,2020,https://api.odcloud.kr/api/15084656/v1/uddi:79613c8f-5eae-45d4-9f4f-d047edb084dd,PUB-007_산업중분류별_사고재해,,,,,,,,,,,,,,,,,,,,,,,
637.0,652.0,655.0,572.0,609.0,614.0,592.0,526.0,508.0,467.0,433.0,403.0,405.0,343.0,399.0,384.0,386.0,출판·인쇄·제본또는인쇄물가공업,제조업,2020,https://api.odcloud.kr/api/15084656/v1/uddi:79613c8f-5eae-45d4-9f4f-d047edb084dd,PUB-007_산업중분류별_사고재해,,,,,,,,,,,,,,,,,,,,,,,
3444.0,3451.0,3231.0,3055.0,3257.0,3120.0,3195.0,3363.0,3144.0,2930.0,2888.0,2594.0,2696.0,2472.0,2654.0,2675.0,2556.0,화학및고무제품제조업,제조업,2020,https://api.odcloud.kr/api/15084656/v1/uddi:79613c8f-5eae-45d4-9f4f-d047edb084dd,PUB-007_산업중분류별_사고재해,,,,,,,,,,,,,,,,,,,,,,,
229.0,214.0,227.0,183.0,203.0,215.0,201.0,183.0,190.0,153.0,144.0,152.0,182.0,171.0,225.0,256.0,252.0,의약품·화장품·연탄·석유제품제조업,제조업,2020,https://api.odcloud.kr/api/15084656/v1/uddi:79613c8f-5eae-45d4-9f4f-d047edb084dd,PUB-007_산업중분류별_사고재해,,,,,,,,,,,,,,,,,,,,,,,
17203.0,16920.0,16436.0,15603.0,16672.0,15031.0,15874.0,15170.0,14880.0,13495.0,12886.0,12115.0,11417.0,11086.0,11626.0,11842.0,11380.0,기계기구·금속·비금속광물제품제조업,제조업,2020,https://api.odcloud.kr/api/15084656/v1/uddi:79613c8f-5eae-45d4-9f4f-d047edb084dd,PUB-007_산업중분류별_사고재해,,,,,,,,,,,,,,,,,,,,,,,
91.0,102.0,74.0,74.0,61.0,65.0,111.0,96.0,70.0,108.0,95.0,74.0,73.0,58.0,88.0,106.0,90.0,금속제련업,제조업,2020,https://api.odcloud.kr/api/15084656/v1/uddi:79613c8f-5eae-45d4-9f4f-d047edb084dd,PUB-007_산업중분류별_사고재해,,,,,,,,,,,,,,,,,,,,,,,
2034.0,1988.0,1825.0,1679.0,1737.0,1634.0,1877.0,1748.0,1713.0,1624.0,1557.0,1360.0,1250.0,1228.0,1317.0,1413.0,1475.0,전기기계기구·정밀기구·전자제품제조업,제조업,2020,https://api.odcloud.kr/api/15084656/v1/uddi:79613c8f-5eae-45d4-9f4f-d047edb084dd,PUB-007_산업중분류별_사고재해,,,,,,,,,,,,,,,,,,,,,,,
1649.0,1710.0,1684.0,1563.0,1967.0,2123.0,1760.0,1511.0,1385.0,1226.0,1349.0,1404.0,1320.0,932.0,764.0,961.0,1151.0,선박건조및수리업,제조업,2020,https://api.odcloud.kr/api/15084656/v1/uddi:79613c8f-5eae-45d4-9f4f-d047edb084dd,PUB-007_산업중분류별_사고재해,,,,,,,,,,,,,,,,,,,,,,,
1886.0,1798.0,1819.0,1664.0,1851.0,1771.0,1741.0,1746.0,1636.0,1499.0,1441.0,1309.0,1324.0,1103.0,1093.0,1036.0,1024.0,수제품및기타제품제조업,제조업,2020,https://api.odcloud.kr/api/15084656/v1/uddi:79613c8f-5eae-45d4-9f4f-d047edb084dd,PUB-007_산업중분류별_사고재해,,,,,,,,,,,,,,,,,,,,,,,
112.0,109.0,100.0,107.0,87.0,99.0,76.0,78.0,85.0,69.0,91.0,88.0,94.0,74.0,96.0,97.0,87.0,전기·가스·증기및수도사업,전기·가스·증기및수도사업,2020,https://api.odcloud.kr/api/15084656/v1/uddi:79613c8f-5eae-45d4-9f4f-d047edb084dd,PUB-007_산업중분류별_사고재해,,,,,,,,,,,,,,,,,,,,,,,
18856.0,15954.0,17577.0,18419.0,20088.0,20267.0,21885.0,22187.0,22679.0,22892.0,22935.0,24287.0,25701.0,24718.0,26486.0,25298.0,24617.0,건설업,건설업,2020,https://api.odcloud.kr/api/15084656/v1/uddi:79613c8f-5eae-45d4-9f4f-d047edb084dd,PUB-007_산업중분류별_사고재해,,,,,,,,,,,,,,,,,,,,,,,
1910.0,1970.0,2089.0,2000.0,2078.0,1905.0,1974.0,1996.0,1886.0,1842.0,1860.0,1741.0,1639.0,1667.0,2068.0,2123.0,2024.0,철도·항공·창고·운수관련서비스업,운수·창고 및 통신업,2020,https://api.odcloud.kr/api/15084656/v1/uddi:79613c8f-5eae-45d4-9f4f-d047edb084dd,PUB-007_산업중분류별_사고재해,,,,,,,,,,,,,,,,,,,,,,,
2350.0,2136.0,2095.0,1894.0,1910.0,1815.0,1797.0,1727.0,1745.0,1805.0,1779.0,1831.0,1932.0,2097.0,2505.0,3143.0,4274.0,육상및수상운수업,운수·창고 및 통신업,2020,https://api.odcloud.kr/api/15084656/v1/uddi:79613c8f-5eae-45d4-9f4f-d047edb084dd,PUB-007_산업중분류별_사고재해,,,,,,,,,,,,,,,,,,,,,,,
396.0,312.0,315.0,272.0,335.0,320.0,296.0,234.0,280.0,261.0,233.0,179.0,202.0,144.0,204.0,198.0,206.0,통신업,운수·창고 및 통신업,2020,https://api.odcloud.kr/api/15084656/v1/uddi:79613c8f-5eae-45d4-9f4f-d047edb084dd,PUB-007_산업중분류별_사고재해,,,,,,,,,,,,,,,,,,,,,,,
884.0,1031.0,1113.0,1258.0,1616.0,2921.0,2091.0,1934.0,1779.0,1921.0,1676.0,1593.0,1400.0,1093.0,1018.0,985.0,1004.0,임업,임  업,2020,https://api.odcloud.kr/api/15084656/v1/uddi:79613c8f-5eae-45d4-9f4f-d047edb084dd,PUB-007_산업중분류별_사고재해,,,,,,,,,,,,,,,,,,,,,,,
84.0,44.0,52.0,57.0,67.0,59.0,63.0,66.0,56.0,55.0,74.0,55.0,39.0,56.0,59.0,58.0,44.0,어업,어  업,2020,https://api.odcloud.kr/api/15084656/v1/uddi:79613c8f-5eae-45d4-9f4f-d047edb084dd,PUB-007_산업중분류별_사고재해,,,,,,,,,,,,,,,,,,,,,,,
357.0,387.0,442.0,394.0,489.0,575.0,618.0,535.0,563.0,598.0,595.0,619.0,701.0,529.0,603.0,599.0,593.0,농업,농  업,2020,https://api.odcloud.kr/api/15084656/v1/uddi:79613c8f-5eae-45d4-9f4f-d047edb084dd,PUB-007_산업중분류별_사고재해,,,,,,,,,,,,,,,,,,,,,,,
7143.0,7780.0,7537.0,7313.0,8028.0,10047.0,9172.0,8061.0,7650.0,7852.0,7052.0,6688.0,6442.0,5556.0,7285.0,7570.0,7383.0,시설관리및사업지원서비스업,기타의사업,2020,https://api.odcloud.kr/api/15084656/v1/uddi:79613c8f-5eae-45d4-9f4f-d047edb084dd,PUB-007_산업중분류별_사고재해,,,,,,,,,,,,,,,,,,,,,,,
1930.0,1812.0,1959.0,1966.0,2025.0,2226.0,2421.0,1717.0,1865.0,1469.0,1378.0,1230.0,1305.0,1236.0,1554.0,1633.0,1454.0,기타의각종사업,기타의사업,2020,https://api.odcloud.kr/api/15084656/v1/uddi:79613c8f-5eae-45d4-9f4f-d047edb084dd,PUB-007_산업중분류별_사고재해,,,,,,,,,,,,,,,,,,,,,,,
1.0,7.0,9.0,10.0,21.0,23.0,13.0,22.0,38.0,44.0,39.0,51.0,36.0,38.0,19.0,27.0,13.0,해외파견자,기타의사업,2020,https://api.odcloud.kr/api/15084656/v1/uddi:79613c8f-5eae-45d4-9f4f-d047edb084dd,PUB-007_산업중분류별_사고재해,,,,,,,,,,,,,,,,,,,,,,,
3277.0,3704.0,4045.0,4153.0,4665.0,5227.0,5438.0,4941.0,4939.0,5470.0,5473.0,5349.0,5272.0,4500.0,5635.0,6220.0,6006.0,전문·보건·교육·여가관련서비스업,기타의사업,2020,https://api.odcloud.kr/api/15084656/v1/uddi:79613c8f-5eae-45d4-9f4f-d047edb084dd,PUB-007_산업중분류별_사고재해,,,,,,,,,,,,,,,,,,,,,,,
8346.0,9067.0,9776.0,10451.0,11960.0,12977.0,13248.0,12341.0,12020.0,12813.0,13655.0,13778.0,14086.0,14023.0,16389.0,17816.0,16834.0,도소매·음식·숙박업,기타의사업,2020,https://api.odcloud.kr/api/15084656/v1/uddi:79613c8f-5eae-45d4-9f4f-d047edb084dd,PUB-007_산업중분류별_사고재해,,,,,,,,,,,,,,,,,,,,,,,
128.0,154.0,165.0,163.0,142.0,167.0,154.0,218.0,223.0,191.0,151.0,183.0,155.0,168.0,195.0,228.0,213.0,부동산업및임대업,기타의사업,2020,https://api.odcloud.kr/api/15084656/v1/uddi:79613c8f-5eae-45d4-9f4f-d047edb084dd,PUB-007_산업중분류별_사고재해,,,,,,,,,,,,,,,,,,,,,,,
0.0,0.0,0.0,0.0,0.0,0.0,0.0,0.0,0.0,156.0,192.0,179.0,185.0,2673.0,3231.0,3798.0,4073.0,국가및지방자치단체의사업,기타의사업,2020,https://api.odcloud.kr/api/15084656/v1/uddi:79613c8f-5eae-45d4-9f4f-d047edb084dd,PUB-007_산업중분류별_사고재해,,,,,,,,,,,,,,,,,,,,,,,
0.0,64.0,59.0,52.0,60.0,49.0,53.0,49.0,40.0,39.0,40.0,32.0,29.0,34.0,31.0,47.0,32.0,주한미군,기타의사업,2020,https://api.odcloud.kr/api/15084656/v1/uddi:79613c8f-5eae-45d4-9f4f-d047edb084dd,PUB-007_산업중분류별_사고재해,,,,,,,,,,,,,,,,,,,,,,,
,,,,,,,,,,,,,,,,,금융및보험업,금융및보험업,2021,https://api.odcloud.kr/api/15084656/v1/uddi:3e4d3a05-30a6-46bc-95d6-9e1ebf1d51df,PUB-007_산업중분류별_사고재해,468.0,480.0,487.0,443.0,476.0,422.0,431.0,382.0,356.0,317.0,288.0,258.0,254.0,236.0,301.0,337.0,258.0,297.0,,,,,
,,,,,,,,,,,,,,,,,석탄광업및채석업,광  업,2021,https://api.odcloud.kr/api/15084656/v1/uddi:3e4d3a05-30a6-46bc-95d6-9e1ebf1d51df,PUB-007_산업중분류별_사고재해,159.0,108.0,101.0,109.0,88.0,87.0,74.0,69.0,68.0,64.0,24.0,34.0,42.0,39.0,28.0,28.0,17.0,17.0,,,,,
,,,,,,,,,,,,,,,,,석회석·금속·비금속광업및기타광업,광  업,2021,https://api.odcloud.kr/api/15084656/v1/uddi:3e4d3a05-30a6-46bc-95d6-9e1ebf1d51df,PUB-007_산업중분류별_사고재해,260.0,229.0,207.0,184.0,192.0,161.0,165.0,149.0,145.0,134.0,127.0,111.0,124.0,119.0,167.0,158.0,124.0,116.0,,,,,
,,,,,,,,,,,,,,,,,식료품제조업,제조업,2021,https://api.odcloud.kr/api/15084656/v1/uddi:3e4d3a05-30a6-46bc-95d6-9e1ebf1d51df,PUB-007_산업중분류별_사고재해,1991.0,2099.0,2107.0,1897.0,2137.0,2087.0,2299.0,2008.0,2068.0,2090.0,2089.0,2033.0,2031.0,2030.0,2388.0,2638.0,2621.0,2977.0,,,,,
,,,,,,,,,,,,,,,,,섬유및섬유제품제조업,제조업,2021,https://api.odcloud.kr/api/15084656/v1/uddi:3e4d3a05-30a6-46bc-95d6-9e1ebf1d51df,PUB-007_산업중분류별_사고재해,1781.0,1587.0,1445.0,1251.0,1232.0,1204.0,1285.0,1186.0,1099.0,1038.0,1051.0,935.0,972.0,878.0,951.0,922.0,853.0,906.0,,,,,
,,,,,,,,,,,,,,,,,목재및종이제품제조업,제조업,2021,https://api.odcloud.kr/api/15084656/v1/uddi:3e4d3a05-30a6-46bc-95d6-9e1ebf1d51df,PUB-007_산업중분류별_사고재해,2085.0,2047.0,2044.0,1889.0,2019.0,1889.0,1938.0,1802.0,1674.0,1575.0,1636.0,1545.0,1472.0,1364.0,1453.0,1451.0,1339.0,1457.0,,,,,
,,,,,,,,,,,,,,,,,출판·인쇄·제본또는인쇄물가공업,제조업,2021,https://api.odcloud.kr/api/15084656/v1/uddi:3e4d3a05-30a6-46bc-95d6-9e1ebf1d51df,PUB-007_산업중분류별_사고재해,637.0,652.0,655.0,572.0,609.0,614.0,592.0,526.0,508.0,467.0,433.0,403.0,405.0,343.0,399.0,384.0,386.0,356.0,,,,,
,,,,,,,,,,,,,,,,,화학및고무제품제조업,제조업,2021,https://api.odcloud.kr/api/15084656/v1/uddi:3e4d3a05-30a6-46bc-95d6-9e1ebf1d51df,PUB-007_산업중분류별_사고재해,3444.0,3451.0,3231.0,3055.0,3257.0,3120.0,3195.0,3363.0,3144.0,2930.0,2888.0,2594.0,2696.0,2472.0,2654.0,2675.0,2556.0,2816.0,,,,,
,,,,,,,,,,,,,,,,,의약품·화장품·연탄·석유제품제조업,제조업,2021,https://api.odcloud.kr/api/15084656/v1/uddi:3e4d3a05-30a6-46bc-95d6-9e1ebf1d51df,PUB-007_산업중분류별_사고재해,229.0,214.0,227.0,183.0,203.0,215.0,201.0,183.0,190.0,153.0,144.0,152.0,182.0,171.0,225.0,256.0,252.0,239.0,,,,,
,,,,,,,,,,,,,,,,,기계기구·금속·비금속광물제품제조업,제조업,2021,https://api.odcloud.kr/api/15084656/v1/uddi:3e4d3a05-30a6-46bc-95d6-9e1ebf1d51df,PUB-007_산업중분류별_사고재해,17203.0,16920.0,16436.0,15603.0,16672.0,15031.0,15874.0,15170.0,14880.0,13495.0,12886.0,12115.0,11417.0,11086.0,11626.0,11842.0,11380.0,11449.0,,,,,
,,,,,,,,,,,,,,,,,금속제련업,제조업,2021,https://api.odcloud.kr/api/15084656/v1/uddi:3e4d3a05-30a6-46bc-95d6-9e1ebf1d51df,PUB-007_산업중분류별_사고재해,91.0,102.0,74.0,74.0,61.0,65.0,111.0,96.0,70.0,108.0,95.0,74.0,73.0,58.0,88.0,106.0,90.0,156.0,,,,,
,,,,,,,,,,,,,,,,,전기기계기구·정밀기구·전자제품제조업,제조업,2021,https://api.odcloud.kr/api/15084656/v1/uddi:3e4d3a05-30a6-46bc-95d6-9e1ebf1d51df,PUB-007_산업중분류별_사고재해,2034.0,1988.0,1825.0,1679.0,1737.0,1634.0,1877.0,1748.0,1713.0,1624.0,1557.0,1360.0,1250.0,1228.0,1317.0,1413.0,1475.0,1585.0,,,,,
,,,,,,,,,,,,,,,,,선박건조및수리업,제조업,2021,https://api.odcloud.kr/api/15084656/v1/uddi:3e4d3a05-30a6-46bc-95d6-9e1ebf1d51df,PUB-007_산업중분류별_사고재해,1649.0,1710.0,1684.0,1563.0,1967.0,2123.0,1760.0,1511.0,1385.0,1226.0,1349.0,1404.0,1320.0,932.0,764.0,961.0,1151.0,1201.0,,,,,
,,,,,,,,,,,,,,,,,수제품및기타제품제조업,제조업,2021,https://api.odcloud.kr/api/15084656/v1/uddi:3e4d3a05-30a6-46bc-95d6-9e1ebf1d51df,PUB-007_산업중분류별_사고재해,1886.0,1798.0,1819.0,1664.0,1851.0,1771.0,1741.0,1746.0,1636.0,1499.0,1441.0,1309.0,1324.0,1103.0,1093.0,1036.0,1024.0,1123.0,,,,,
,,,,,,,,,,,,,,,,,전기·가스·증기및수도사업,전기·가스·증기및수도사업,2021,https://api.odcloud.kr/api/15084656/v1/uddi:3e4d3a05-30a6-46bc-95d6-9e1ebf1d51df,PUB-007_산업중분류별_사고재해,112.0,109.0,100.0,107.0,87.0,99.0,76.0,78.0,85.0,69.0,91.0,88.0,94.0,74.0,96.0,97.0,87.0,102.0,,,,,
,,,,,,,,,,,,,,,,,건설업,건설업,2021,https://api.odcloud.kr/api/15084656/v1/uddi:3e4d3a05-30a6-46bc-95d6-9e1ebf1d51df,PUB-007_산업중분류별_사고재해,18856.0,15954.0,17577.0,18419.0,20088.0,20267.0,21885.0,22187.0,22679.0,22892.0,22935.0,24287.0,25701.0,24718.0,26486.0,25298.0,24617.0,26888.0,,,,,
,,,,,,,,,,,,,,,,,철도·항공·창고·운수관련서비스업,운수·창고·통신업,2021,https://api.odcloud.kr/api/15084656/v1/uddi:3e4d3a05-30a6-46bc-95d6-9e1ebf1d51df,PUB-007_산업중분류별_사고재해,1910.0,1970.0,2089.0,2000.0,2078.0,1905.0,1974.0,1996.0,1886.0,1842.0,1860.0,1741.0,1639.0,1667.0,2068.0,2123.0,2024.0,2369.0,,,,,
,,,,,,,,,,,,,,,,,육상및수상운수업,운수·창고·통신업,2021,https://api.odcloud.kr/api/15084656/v1/uddi:3e4d3a05-30a6-46bc-95d6-9e1ebf1d51df,PUB-007_산업중분류별_사고재해,2350.0,2136.0,2095.0,1894.0,1910.0,1815.0,1797.0,1727.0,1745.0,1805.0,1779.0,1831.0,1932.0,2097.0,2505.0,3143.0,4274.0,6545.0,,,,,
,,,,,,,,,,,,,,,,,통신업,운수·창고·통신업,2021,https://api.odcloud.kr/api/15084656/v1/uddi:3e4d3a05-30a6-46bc-95d6-9e1ebf1d51df,PUB-007_산업중분류별_사고재해,396.0,312.0,315.0,272.0,335.0,320.0,296.0,234.0,280.0,261.0,233.0,179.0,202.0,144.0,204.0,198.0,206.0,234.0,,,,,
,,,,,,,,,,,,,,,,,임업,임  업,2021,https://api.odcloud.kr/api/15084656/v1/uddi:3e4d3a05-30a6-46bc-95d6-9e1ebf1d51df,PUB-007_산업중분류별_사고재해,884.0,1031.0,1113.0,1258.0,1616.0,2921.0,2091.0,1934.0,1779.0,1921.0,1676.0,1593.0,1400.0,1093.0,1018.0,985.0,1004.0,915.0,,,,,
,,,,,,,,,,,,,,,,,어업,어  업,2021,https://api.odcloud.kr/api/15084656/v1/uddi:3e4d3a05-30a6-46bc-95d6-9e1ebf1d51df,PUB-007_산업중분류별_사고재해,84.0,44.0,52.0,57.0,67.0,59.0,63.0,66.0,56.0,55.0,74.0,55.0,39.0,56.0,59.0,58.0,44.0,67.0,,,,,
,,,,,,,,,,,,,,,,,농업,농  업,2021,https://api.odcloud.kr/api/15084656/v1/uddi:3e4d3a05-30a6-46bc-95d6-9e1ebf1d51df,PUB-007_산업중분류별_사고재해,357.0,387.0,442.0,394.0,489.0,575.0,618.0,535.0,563.0,598.0,595.0,619.0,701.0,529.0,603.0,599.0,593.0,630.0,,,,,
,,,,,,,,,,,,,,,,,시설관리및사업지원서비스업,기타의사업,2021,https://api.odcloud.kr/api/15084656/v1/uddi:3e4d3a05-30a6-46bc-95d6-9e1ebf1d51df,PUB-007_산업중분류별_사고재해,7143.0,7780.0,7537.0,7313.0,8028.0,10047.0,9172.0,8061.0,7650.0,7852.0,7052.0,6688.0,6442.0,5556.0,7285.0,7570.0,7383.0,8150.0,,,,,
,,,,,,,,,,,,,,,,,기타의각종사업,기타의사업,2021,https://api.odcloud.kr/api/15084656/v1/uddi:3e4d3a05-30a6-46bc-95d6-9e1ebf1d51df,PUB-007_산업중분류별_사고재해,1930.0,1812.0,1959.0,1966.0,2025.0,2226.0,2421.0,1717.0,1865.0,1469.0,1378.0,1230.0,1305.0,1236.0,1554.0,1633.0,1454.0,1440.0,,,,,
,,,,,,,,,,,,,,,,,해외파견자,기타의사업,2021,https://api.odcloud.kr/api/15084656/v1/uddi:3e4d3a05-30a6-46bc-95d6-9e1ebf1d51df,PUB-007_산업중분류별_사고재해,1.0,7.0,9.0,10.0,21.0,23.0,13.0,22.0,38.0,44.0,39.0,51.0,36.0,38.0,19.0,27.0,13.0,16.0,,,,,
,,,,,,,,,,,,,,,,,전문·보건·교육·여가관련서비스업,기타의사업,2021,https://api.odcloud.kr/api/15084656/v1/uddi:3e4d3a05-30a6-46bc-95d6-9e1ebf1d51df,PUB-007_산업중분류별_사고재해,3277.0,3704.0,4045.0,4153.0,4665.0,5227.0,5438.0,4941.0,4939.0,5470.0,5473.0,5349.0,5272.0,4500.0,5635.0,6220.0,6006.0,7255.0,,,,,
,,,,,,,,,,,,,,,,,도소매·음식·숙박업,기타의사업,2021,https://api.odcloud.kr/api/15084656/v1/uddi:3e4d3a05-30a6-46bc-95d6-9e1ebf1d51df,PUB-007_산업중분류별_사고재해,8346.0,9067.0,9776.0,10451.0,11960.0,12977.0,13248.0,12341.0,12020.0,12813.0,13655.0,13778.0,14086.0,14023.0,16389.0,17816.0,16834.0,18500.0,,,,,
,,,,,,,,,,,,,,,,,부동산업및임대업,기타의사업,2021,https://api.odcloud.kr/api/15084656/v1/uddi:3e4d3a05-30a6-46bc-95d6-9e1ebf1d51df,PUB-007_산업중분류별_사고재해,128.0,154.0,165.0,163.0,142.0,167.0,154.0,218.0,223.0,191.0,151.0,183.0,155.0,168.0,195.0,228.0,213.0,210.0,,,,,
,,,,,,,,,,,,,,,,,국가및지방자치단체의사업,기타의사업,2021,https://api.odcloud.kr/api/15084656/v1/uddi:3e4d3a05-30a6-46bc-95d6-9e1ebf1d51df,PUB-007_산업중분류별_사고재해,0.0,0.0,0.0,0.0,0.0,0.0,0.0,0.0,0.0,156.0,192.0,179.0,185.0,2673.0,3231.0,3798.0,4073.0,4230.0,,,,,
,,,,,,,,,,,,,,,,,주한미군,기타의사업,2021,https://api.odcloud.kr/api/15084656/v1/uddi:3e4d3a05-30a6-46bc-95d6-9e1ebf1d51df,PUB-007_산업중분류별_사고재해,0.0,64.0,59.0,52.0,60.0,49.0,53.0,49.0,40.0,39.0,40.0,32.0,29.0,34.0,31.0,47.0,32.0,32.0,,,,,
468.0,480.0,487.0,443.0,476.0,422.0,431.0,382.0,356.0,317.0,288.0,258.0,254.0,236.0,301.0,337.0,258.0,금융및보험업,금융및보험업,2022,https://api.odcloud.kr/api/15084656/v1/uddi:fbb7e7a5-9e47-4f90-8b3c-bb2bf2fbdd81,PUB-007_산업중분류별_사고재해,,,,,,,,,,,,,,,,,,,297.0,465.0,,,
159.0,108.0,101.0,109.0,88.0,87.0,74.0,69.0,68.0,64.0,24.0,34.0,42.0,39.0,28.0,28.0,17.0,석탄광업및채석업,광  업,2022,https://api.odcloud.kr/api/15084656/v1/uddi:fbb7e7a5-9e47-4f90-8b3c-bb2bf2fbdd81,PUB-007_산업중분류별_사고재해,,,,,,,,,,,,,,,,,,,17.0,22.0,,,
260.0,229.0,207.0,184.0,192.0,161.0,165.0,149.0,145.0,134.0,127.0,111.0,124.0,119.0,167.0,158.0,124.0,석회석·금속·비금속광업및기타광업,광  업,2022,https://api.odcloud.kr/api/15084656/v1/uddi:fbb7e7a5-9e47-4f90-8b3c-bb2bf2fbdd81,PUB-007_산업중분류별_사고재해,,,,,,,,,,,,,,,,,,,116.0,127.0,,,
1991.0,2099.0,2107.0,1897.0,2137.0,2087.0,2299.0,2008.0,2068.0,2090.0,2089.0,2033.0,2031.0,2030.0,2388.0,2638.0,2621.0,식료품제조업,제조업,2022,https://api.odcloud.kr/api/15084656/v1/uddi:fbb7e7a5-9e47-4f90-8b3c-bb2bf2fbdd81,PUB-007_산업중분류별_사고재해,,,,,,,,,,,,,,,,,,,2977.0,3032.0,,,
1781.0,1587.0,1445.0,1251.0,1232.0,1204.0,1285.0,1186.0,1099.0,1038.0,1051.0,935.0,972.0,878.0,951.0,922.0,853.0,섬유및섬유제품제조업,제조업,2022,https://api.odcloud.kr/api/15084656/v1/uddi:fbb7e7a5-9e47-4f90-8b3c-bb2bf2fbdd81,PUB-007_산업중분류별_사고재해,,,,,,,,,,,,,,,,,,,906.0,926.0,,,
2085.0,2047.0,2044.0,1889.0,2019.0,1889.0,1938.0,1802.0,1674.0,1575.0,1636.0,1545.0,1472.0,1364.0,1453.0,1451.0,1339.0,목재및종이제품제조업,제조업,2022,https://api.odcloud.kr/api/15084656/v1/uddi:fbb7e7a5-9e47-4f90-8b3c-bb2bf2fbdd81,PUB-007_산업중분류별_사고재해,,,,,,,,,,,,,,,,,,,1457.0,1349.0,,,
637.0,652.0,655.0,572.0,609.0,614.0,592.0,526.0,508.0,467.0,433.0,403.0,405.0,343.0,399.0,384.0,386.0,출판·인쇄·제본업,제조업,2022,https://api.odcloud.kr/api/15084656/v1/uddi:fbb7e7a5-9e47-4f90-8b3c-bb2bf2fbdd81,PUB-007_산업중분류별_사고재해,,,,,,,,,,,,,,,,,,,356.0,360.0,,,
3444.0,3451.0,3231.0,3055.0,3257.0,3120.0,3195.0,3363.0,3144.0,2930.0,2888.0,2594.0,2696.0,2472.0,2654.0,2675.0,2556.0,화학및고무제품제조업,제조업,2022,https://api.odcloud.kr/api/15084656/v1/uddi:fbb7e7a5-9e47-4f90-8b3c-bb2bf2fbdd81,PUB-007_산업중분류별_사고재해,,,,,,,,,,,,,,,,,,,2816.0,2635.0,,,
229.0,214.0,227.0,183.0,203.0,215.0,201.0,183.0,190.0,153.0,144.0,152.0,182.0,171.0,225.0,256.0,252.0,의약품·화장품·연탄·석유제품제조업,제조업,2022,https://api.odcloud.kr/api/15084656/v1/uddi:fbb7e7a5-9e47-4f90-8b3c-bb2bf2fbdd81,PUB-007_산업중분류별_사고재해,,,,,,,,,,,,,,,,,,,239.0,306.0,,,
17203.0,16920.0,16436.0,15603.0,16672.0,15031.0,15874.0,15170.0,14880.0,13495.0,12886.0,12115.0,11417.0,11086.0,11626.0,11842.0,11380.0,기계기구·금속·비금속광물제품제조업,제조업,2022,https://api.odcloud.kr/api/15084656/v1/uddi:fbb7e7a5-9e47-4f90-8b3c-bb2bf2fbdd81,PUB-007_산업중분류별_사고재해,,,,,,,,,,,,,,,,,,,11449.0,10984.0,,,
91.0,102.0,74.0,74.0,61.0,65.0,111.0,96.0,70.0,108.0,95.0,74.0,73.0,58.0,88.0,106.0,90.0,금속제련업,제조업,2022,https://api.odcloud.kr/api/15084656/v1/uddi:fbb7e7a5-9e47-4f90-8b3c-bb2bf2fbdd81,PUB-007_산업중분류별_사고재해,,,,,,,,,,,,,,,,,,,156.0,164.0,,,
2034.0,1988.0,1825.0,1679.0,1737.0,1634.0,1877.0,1748.0,1713.0,1624.0,1557.0,1360.0,1250.0,1228.0,1317.0,1413.0,1475.0,전기기계기구·정밀기구·전자제품제조업,제조업,2022,https://api.odcloud.kr/api/15084656/v1/uddi:fbb7e7a5-9e47-4f90-8b3c-bb2bf2fbdd81,PUB-007_산업중분류별_사고재해,,,,,,,,,,,,,,,,,,,1585.0,1636.0,,,
1649.0,1710.0,1684.0,1563.0,1967.0,2123.0,1760.0,1511.0,1385.0,1226.0,1349.0,1404.0,1320.0,932.0,764.0,961.0,1151.0,선박건조및수리업,제조업,2022,https://api.odcloud.kr/api/15084656/v1/uddi:fbb7e7a5-9e47-4f90-8b3c-bb2bf2fbdd81,PUB-007_산업중분류별_사고재해,,,,,,,,,,,,,,,,,,,1201.0,1368.0,,,
1886.0,1798.0,1819.0,1664.0,1851.0,1771.0,1741.0,1746.0,1636.0,1499.0,1441.0,1309.0,1324.0,1103.0,1093.0,1036.0,1024.0,수제품및기타제품제조업,제조업,2022,https://api.odcloud.kr/api/15084656/v1/uddi:fbb7e7a5-9e47-4f90-8b3c-bb2bf2fbdd81,PUB-007_산업중분류별_사고재해,,,,,,,,,,,,,,,,,,,1123.0,1004.0,,,
112.0,109.0,100.0,107.0,87.0,99.0,76.0,78.0,85.0,69.0,91.0,88.0,94.0,74.0,96.0,97.0,87.0,전기·가스·증기·수도사업,전기·가스·증기·수도사업,2022,https://api.odcloud.kr/api/15084656/v1/uddi:fbb7e7a5-9e47-4f90-8b3c-bb2bf2fbdd81,PUB-007_산업중분류별_사고재해,,,,,,,,,,,,,,,,,,,102.0,105.0,,,
18856.0,15954.0,17577.0,18419.0,20088.0,20267.0,21885.0,22187.0,22679.0,22892.0,22935.0,24287.0,25701.0,24718.0,26486.0,25298.0,24617.0,건설업,건설업,2022,https://api.odcloud.kr/api/15084656/v1/uddi:fbb7e7a5-9e47-4f90-8b3c-bb2bf2fbdd81,PUB-007_산업중분류별_사고재해,,,,,,,,,,,,,,,,,,,26888.0,27432.0,,,
1910.0,1970.0,2089.0,2000.0,2078.0,1905.0,1974.0,1996.0,1886.0,1842.0,1860.0,1741.0,1639.0,1667.0,2068.0,2123.0,2024.0,철도·항공·창고·운수관련서비스업,운수·창고·통신업,2022,https://api.odcloud.kr/api/15084656/v1/uddi:fbb7e7a5-9e47-4f90-8b3c-bb2bf2fbdd81,PUB-007_산업중분류별_사고재해,,,,,,,,,,,,,,,,,,,2369.0,2724.0,,,
2350.0,2136.0,2095.0,1894.0,1910.0,1815.0,1797.0,1727.0,1745.0,1805.0,1779.0,1831.0,1932.0,2097.0,2505.0,3143.0,4274.0,육상및수상운수업,운수·창고·통신업,2022,https://api.odcloud.kr/api/15084656/v1/uddi:fbb7e7a5-9e47-4f90-8b3c-bb2bf2fbdd81,PUB-007_산업중분류별_사고재해,,,,,,,,,,,,,,,,,,,6545.0,8652.0,,,
396.0,312.0,315.0,272.0,335.0,320.0,296.0,234.0,280.0,261.0,233.0,179.0,202.0,144.0,204.0,198.0,206.0,통신업,운수·창고·통신업,2022,https://api.odcloud.kr/api/15084656/v1/uddi:fbb7e7a5-9e47-4f90-8b3c-bb2bf2fbdd81,PUB-007_산업중분류별_사고재해,,,,,,,,,,,,,,,,,,,234.0,215.0,,,
884.0,1031.0,1113.0,1258.0,1616.0,2921.0,2091.0,1934.0,1779.0,1921.0,1676.0,1593.0,1400.0,1093.0,1018.0,985.0,1004.0,임업,임  업,2022,https://api.odcloud.kr/api/15084656/v1/uddi:fbb7e7a5-9e47-4f90-8b3c-bb2bf2fbdd81,PUB-007_산업중분류별_사고재해,,,,,,,,,,,,,,,,,,,915.0,928.0,,,
84.0,44.0,52.0,57.0,67.0,59.0,63.0,66.0,56.0,55.0,74.0,55.0,39.0,56.0,59.0,58.0,44.0,어업,어  업,2022,https://api.odcloud.kr/api/15084656/v1/uddi:fbb7e7a5-9e47-4f90-8b3c-bb2bf2fbdd81,PUB-007_산업중분류별_사고재해,,,,,,,,,,,,,,,,,,,67.0,56.0,,,
357.0,387.0,442.0,394.0,489.0,575.0,618.0,535.0,563.0,598.0,595.0,619.0,701.0,529.0,603.0,599.0,593.0,농업,농  업,2022,https://api.odcloud.kr/api/15084656/v1/uddi:fbb7e7a5-9e47-4f90-8b3c-bb2bf2fbdd81,PUB-007_산업중분류별_사고재해,,,,,,,,,,,,,,,,,,,630.0,635.0,,,
7143.0,7780.0,7537.0,7313.0,8028.0,10047.0,9172.0,8061.0,7650.0,7852.0,7052.0,6688.0,6442.0,5556.0,7285.0,7570.0,7383.0,시설관리및사업지원서비스업,기타의사업,2022,https://api.odcloud.kr/api/15084656/v1/uddi:fbb7e7a5-9e47-4f90-8b3c-bb2bf2fbdd81,PUB-007_산업중분류별_사고재해,,,,,,,,,,,,,,,,,,,8150.0,8725.0,,,
1930.0,1812.0,1959.0,1966.0,2025.0,2226.0,2421.0,1717.0,1865.0,1469.0,1378.0,1230.0,1305.0,1236.0,1554.0,1633.0,1454.0,기타의각종사업,기타의사업,2022,https://api.odcloud.kr/api/15084656/v1/uddi:fbb7e7a5-9e47-4f90-8b3c-bb2bf2fbdd81,PUB-007_산업중분류별_사고재해,,,,,,,,,,,,,,,,,,,1440.0,1465.0,,,
1.0,7.0,9.0,10.0,21.0,23.0,13.0,22.0,38.0,44.0,39.0,51.0,36.0,38.0,19.0,27.0,13.0,해외파견자,기타의사업,2022,https://api.odcloud.kr/api/15084656/v1/uddi:fbb7e7a5-9e47-4f90-8b3c-bb2bf2fbdd81,PUB-007_산업중분류별_사고재해,,,,,,,,,,,,,,,,,,,16.0,15.0,,,
3277.0,3704.0,4045.0,4153.0,4665.0,5227.0,5438.0,4941.0,4939.0,5470.0,5473.0,5349.0,5272.0,4500.0,5635.0,6220.0,6006.0,전문·보건·교육·여가관련서비스업,기타의사업,2022,https://api.odcloud.kr/api/15084656/v1/uddi:fbb7e7a5-9e47-4f90-8b3c-bb2bf2fbdd81,PUB-007_산업중분류별_사고재해,,,,,,,,,,,,,,,,,,,7255.0,8403.0,,,
8346.0,9067.0,9776.0,10451.0,11960.0,12977.0,13248.0,12341.0,12020.0,12813.0,13655.0,13778.0,14086.0,14023.0,16389.0,17816.0,16834.0,도소매·음식·숙박업,기타의사업,2022,https://api.odcloud.kr/api/15084656/v1/uddi:fbb7e7a5-9e47-4f90-8b3c-bb2bf2fbdd81,PUB-007_산업중분류별_사고재해,,,,,,,,,,,,,,,,,,,18500.0,18749.0,,,
128.0,154.0,165.0,163.0,142.0,167.0,154.0,218.0,223.0,191.0,151.0,183.0,155.0,168.0,195.0,228.0,213.0,부동산업및임대업,기타의사업,2022,https://api.odcloud.kr/api/15084656/v1/uddi:fbb7e7a5-9e47-4f90-8b3c-bb2bf2fbdd81,PUB-007_산업중분류별_사고재해,,,,,,,,,,,,,,,,,,,210.0,263.0,,,
0.0,0.0,0.0,0.0,0.0,0.0,0.0,0.0,0.0,156.0,192.0,179.0,185.0,2673.0,3231.0,3798.0,4073.0,국가및지방자치단체의사업,기타의사업,2022,https://api.odcloud.kr/api/15084656/v1/uddi:fbb7e7a5-9e47-4f90-8b3c-bb2bf2fbdd81,PUB-007_산업중분류별_사고재해,,,,,,,,,,,,,,,,,,,4230.0,4424.0,,,
0.0,64.0,59.0,52.0,60.0,49.0,53.0,49.0,40.0,39.0,40.0,32.0,29.0,34.0,31.0,47.0,32.0,주한미군,기타의사업,2022,https://api.odcloud.kr/api/15084656/v1/uddi:fbb7e7a5-9e47-4f90-8b3c-bb2bf2fbdd81,PUB-007_산업중분류별_사고재해,,,,,,,,,,,,,,,,,,,32.0,45.0,,,
468.0,480.0,487.0,443.0,476.0,422.0,431.0,382.0,356.0,317.0,288.0,258.0,254.0,236.0,301.0,337.0,258.0,금융및보험업,금융및보험업,2023,https://api.odcloud.kr/api/15084656/v1/uddi:c79506b4-7501-40f9-8f02-c12f2451ba22,PUB-007_산업중분류별_사고재해,,,,,,,,,,,,,,,,,,,297.0,465.0,522.0,,
159.0,108.0,101.0,109.0,88.0,87.0,74.0,69.0,68.0,64.0,24.0,34.0,42.0,39.0,28.0,28.0,17.0,석탄광업및채석업,광  업,2023,https://api.odcloud.kr/api/15084656/v1/uddi:c79506b4-7501-40f9-8f02-c12f2451ba22,PUB-007_산업중분류별_사고재해,,,,,,,,,,,,,,,,,,,17.0,22.0,22.0,,
260.0,229.0,207.0,184.0,192.0,161.0,165.0,149.0,145.0,134.0,127.0,111.0,124.0,119.0,167.0,158.0,124.0,석회석·금속·비금속광업및기타광업,광  업,2023,https://api.odcloud.kr/api/15084656/v1/uddi:c79506b4-7501-40f9-8f02-c12f2451ba22,PUB-007_산업중분류별_사고재해,,,,,,,,,,,,,,,,,,,116.0,127.0,105.0,,
1991.0,2099.0,2107.0,1897.0,2137.0,2087.0,2299.0,2008.0,2068.0,2090.0,2089.0,2033.0,2031.0,2030.0,2388.0,2638.0,2621.0,식료품제조업,제조업,2023,https://api.odcloud.kr/api/15084656/v1/uddi:c79506b4-7501-40f9-8f02-c12f2451ba22,PUB-007_산업중분류별_사고재해,,,,,,,,,,,,,,,,,,,2977.0,3032.0,3101.0,,
1781.0,1587.0,1445.0,1251.0,1232.0,1204.0,1285.0,1186.0,1099.0,1038.0,1051.0,935.0,972.0,878.0,951.0,922.0,853.0,섬유및섬유제품제조업,제조업,2023,https://api.odcloud.kr/api/15084656/v1/uddi:c79506b4-7501-40f9-8f02-c12f2451ba22,PUB-007_산업중분류별_사고재해,,,,,,,,,,,,,,,,,,,906.0,926.0,820.0,,
2085.0,2047.0,2044.0,1889.0,2019.0,1889.0,1938.0,1802.0,1674.0,1575.0,1636.0,1545.0,1472.0,1364.0,1453.0,1451.0,1339.0,목재및종이제품제조업,제조업,2023,https://api.odcloud.kr/api/15084656/v1/uddi:c79506b4-7501-40f9-8f02-c12f2451ba22,PUB-007_산업중분류별_사고재해,,,,,,,,,,,,,,,,,,,1457.0,1349.0,1363.0,,
637.0,652.0,655.0,572.0,609.0,614.0,592.0,526.0,508.0,467.0,433.0,403.0,405.0,343.0,399.0,384.0,386.0,출판·인쇄·제본업,제조업,2023,https://api.odcloud.kr/api/15084656/v1/uddi:c79506b4-7501-40f9-8f02-c12f2451ba22,PUB-007_산업중분류별_사고재해,,,,,,,,,,,,,,,,,,,356.0,360.0,341.0,,
3444.0,3451.0,3231.0,3055.0,3257.0,3120.0,3195.0,3363.0,3144.0,2930.0,2888.0,2594.0,2696.0,2472.0,2654.0,2675.0,2556.0,화학및고무제품제조업,제조업,2023,https://api.odcloud.kr/api/15084656/v1/uddi:c79506b4-7501-40f9-8f02-c12f2451ba22,PUB-007_산업중분류별_사고재해,,,,,,,,,,,,,,,,,,,2816.0,2635.0,2707.0,,
229.0,214.0,227.0,183.0,203.0,215.0,201.0,183.0,190.0,153.0,144.0,152.0,182.0,171.0,225.0,256.0,252.0,의약품·화장품·연탄·석유제품제조업,제조업,2023,https://api.odcloud.kr/api/15084656/v1/uddi:c79506b4-7501-40f9-8f02-c12f2451ba22,PUB-007_산업중분류별_사고재해,,,,,,,,,,,,,,,,,,,239.0,306.0,270.0,,
17203.0,16920.0,16436.0,15603.0,16672.0,15031.0,15874.0,15170.0,14880.0,13495.0,12886.0,12115.0,11417.0,11086.0,11626.0,11842.0,11380.0,기계기구·금속·비금속광물제품제조업,제조업,2023,https://api.odcloud.kr/api/15084656/v1/uddi:c79506b4-7501-40f9-8f02-c12f2451ba22,PUB-007_산업중분류별_사고재해,,,,,,,,,,,,,,,,,,,11449.0,10984.0,11465.0,,
91.0,102.0,74.0,74.0,61.0,65.0,111.0,96.0,70.0,108.0,95.0,74.0,73.0,58.0,88.0,106.0,90.0,금속제련업,제조업,2023,https://api.odcloud.kr/api/15084656/v1/uddi:c79506b4-7501-40f9-8f02-c12f2451ba22,PUB-007_산업중분류별_사고재해,,,,,,,,,,,,,,,,,,,156.0,164.0,160.0,,
2034.0,1988.0,1825.0,1679.0,1737.0,1634.0,1877.0,1748.0,1713.0,1624.0,1557.0,1360.0,1250.0,1228.0,1317.0,1413.0,1475.0,전기기계기구·정밀기구·전자제품제조업,제조업,2023,https://api.odcloud.kr/api/15084656/v1/uddi:c79506b4-7501-40f9-8f02-c12f2451ba22,PUB-007_산업중분류별_사고재해,,,,,,,,,,,,,,,,,,,1585.0,1636.0,1613.0,,
1649.0,1710.0,1684.0,1563.0,1967.0,2123.0,1760.0,1511.0,1385.0,1226.0,1349.0,1404.0,1320.0,932.0,764.0,961.0,1151.0,선박건조및수리업,제조업,2023,https://api.odcloud.kr/api/15084656/v1/uddi:c79506b4-7501-40f9-8f02-c12f2451ba22,PUB-007_산업중분류별_사고재해,,,,,,,,,,,,,,,,,,,1201.0,1368.0,1652.0,,
1886.0,1798.0,1819.0,1664.0,1851.0,1771.0,1741.0,1746.0,1636.0,1499.0,1441.0,1309.0,1324.0,1103.0,1093.0,1036.0,1024.0,수제품및기타제품제조업,제조업,2023,https://api.odcloud.kr/api/15084656/v1/uddi:c79506b4-7501-40f9-8f02-c12f2451ba22,PUB-007_산업중분류별_사고재해,,,,,,,,,,,,,,,,,,,1123.0,1004.0,911.0,,
112.0,109.0,100.0,107.0,87.0,99.0,76.0,78.0,85.0,69.0,91.0,88.0,94.0,74.0,96.0,97.0,87.0,전기·가스·증기·수도사업,전기·가스·증기·수도사업,2023,https://api.odcloud.kr/api/15084656/v1/uddi:c79506b4-7501-40f9-8f02-c12f2451ba22,PUB-007_산업중분류별_사고재해,,,,,,,,,,,,,,,,,,,102.0,105.0,104.0,,
18856.0,15954.0,17577.0,18419.0,20088.0,20267.0,21885.0,22187.0,22679.0,22892.0,22935.0,24287.0,25701.0,24718.0,26486.0,25298.0,24617.0,건설업,건설업,2023,https://api.odcloud.kr/api/15084656/v1/uddi:c79506b4-7501-40f9-8f02-c12f2451ba22,PUB-007_산업중분류별_사고재해,,,,,,,,,,,,,,,,,,,26888.0,27432.0,26829.0,,
1910.0,1970.0,2089.0,2000.0,2078.0,1905.0,1974.0,1996.0,1886.0,1842.0,1860.0,1741.0,1639.0,1667.0,2068.0,2123.0,2024.0,철도·항공·창고·운수관련서비스업,운수·창고·통신업,2023,https://api.odcloud.kr/api/15084656/v1/uddi:c79506b4-7501-40f9-8f02-c12f2451ba22,PUB-007_산업중분류별_사고재해,,,,,,,,,,,,,,,,,,,2369.0,2724.0,3146.0,,
2350.0,2136.0,2095.0,1894.0,1910.0,1815.0,1797.0,1727.0,1745.0,1805.0,1779.0,1831.0,1932.0,2097.0,2505.0,3143.0,4274.0,육상및수상운수업,운수·창고·통신업,2023,https://api.odcloud.kr/api/15084656/v1/uddi:c79506b4-7501-40f9-8f02-c12f2451ba22,PUB-007_산업중분류별_사고재해,,,,,,,,,,,,,,,,,,,6545.0,8652.0,10689.0,,
396.0,312.0,315.0,272.0,335.0,320.0,296.0,234.0,280.0,261.0,233.0,179.0,202.0,144.0,204.0,198.0,206.0,통신업,운수·창고·통신업,2023,https://api.odcloud.kr/api/15084656/v1/uddi:c79506b4-7501-40f9-8f02-c12f2451ba22,PUB-007_산업중분류별_사고재해,,,,,,,,,,,,,,,,,,,234.0,215.0,204.0,,
884.0,1031.0,1113.0,1258.0,1616.0,2921.0,2091.0,1934.0,1779.0,1921.0,1676.0,1593.0,1400.0,1093.0,1018.0,985.0,1004.0,임업,임  업,2023,https://api.odcloud.kr/api/15084656/v1/uddi:c79506b4-7501-40f9-8f02-c12f2451ba22,PUB-007_산업중분류별_사고재해,,,,,,,,,,,,,,,,,,,915.0,928.0,946.0,,
84.0,44.0,52.0,57.0,67.0,59.0,63.0,66.0,56.0,55.0,74.0,55.0,39.0,56.0,59.0,58.0,44.0,어업,어  업,2023,https://api.odcloud.kr/api/15084656/v1/uddi:c79506b4-7501-40f9-8f02-c12f2451ba22,PUB-007_산업중분류별_사고재해,,,,,,,,,,,,,,,,,,,67.0,56.0,34.0,,
357.0,387.0,442.0,394.0,489.0,575.0,618.0,535.0,563.0,598.0,595.0,619.0,701.0,529.0,603.0,599.0,593.0,농업,농  업,2023,https://api.odcloud.kr/api/15084656/v1/uddi:c79506b4-7501-40f9-8f02-c12f2451ba22,PUB-007_산업중분류별_사고재해,,,,,,,,,,,,,,,,,,,630.0,635.0,669.0,,
7143.0,7780.0,7537.0,7313.0,8028.0,10047.0,9172.0,8061.0,7650.0,7852.0,7052.0,6688.0,6442.0,5556.0,7285.0,7570.0,7383.0,시설관리및사업지원서비스업,기타의사업,2023,https://api.odcloud.kr/api/15084656/v1/uddi:c79506b4-7501-40f9-8f02-c12f2451ba22,PUB-007_산업중분류별_사고재해,,,,,,,,,,,,,,,,,,,8150.0,8725.0,9296.0,,
1930.0,1812.0,1959.0,1966.0,2025.0,2226.0,2421.0,1717.0,1865.0,1469.0,1378.0,1230.0,1305.0,1236.0,1554.0,1633.0,1454.0,기타의각종사업,기타의사업,2023,https://api.odcloud.kr/api/15084656/v1/uddi:c79506b4-7501-40f9-8f02-c12f2451ba22,PUB-007_산업중분류별_사고재해,,,,,,,,,,,,,,,,,,,1440.0,1465.0,1572.0,,
1.0,7.0,9.0,10.0,21.0,23.0,13.0,22.0,38.0,44.0,39.0,51.0,36.0,38.0,19.0,27.0,13.0,해외파견자,기타의사업,2023,https://api.odcloud.kr/api/15084656/v1/uddi:c79506b4-7501-40f9-8f02-c12f2451ba22,PUB-007_산업중분류별_사고재해,,,,,,,,,,,,,,,,,,,16.0,15.0,16.0,,
3277.0,3704.0,4045.0,4153.0,4665.0,5227.0,5438.0,4941.0,4939.0,5470.0,5473.0,5349.0,5272.0,4500.0,5635.0,6220.0,6006.0,전문·보건·교육·여가관련서비스업,기타의사업,2023,https://api.odcloud.kr/api/15084656/v1/uddi:c79506b4-7501-40f9-8f02-c12f2451ba22,PUB-007_산업중분류별_사고재해,,,,,,,,,,,,,,,,,,,7255.0,8403.0,10357.0,,
8346.0,9067.0,9776.0,10451.0,11960.0,12977.0,13248.0,12341.0,12020.0,12813.0,13655.0,13778.0,14086.0,14023.0,16389.0,17816.0,16834.0,도소매·음식·숙박업,기타의사업,2023,https://api.odcloud.kr/api/15084656/v1/uddi:c79506b4-7501-40f9-8f02-c12f2451ba22,PUB-007_산업중분류별_사고재해,,,,,,,,,,,,,,,,,,,18500.0,18749.0,19254.0,,
128.0,154.0,165.0,163.0,142.0,167.0,154.0,218.0,223.0,191.0,151.0,183.0,155.0,168.0,195.0,228.0,213.0,부동산업및임대업,기타의사업,2023,https://api.odcloud.kr/api/15084656/v1/uddi:c79506b4-7501-40f9-8f02-c12f2451ba22,PUB-007_산업중분류별_사고재해,,,,,,,,,,,,,,,,,,,210.0,263.0,262.0,,
0.0,0.0,0.0,0.0,0.0,0.0,0.0,0.0,0.0,156.0,192.0,179.0,185.0,2673.0,3231.0,3798.0,4073.0,국가및지방자치단체의사업,기타의사업,2023,https://api.odcloud.kr/api/15084656/v1/uddi:c79506b4-7501-40f9-8f02-c12f2451ba22,PUB-007_산업중분류별_사고재해,,,,,,,,,,,,,,,,,,,4230.0,4424.0,4998.0,,
0.0,64.0,59.0,52.0,60.0,49.0,53.0,49.0,40.0,39.0,40.0,32.0,29.0,34.0,31.0,47.0,32.0,주한미군,기타의사업,2023,https://api.odcloud.kr/api/15084656/v1/uddi:c79506b4-7501-40f9-8f02-c12f2451ba22,PUB-007_산업중분류별_사고재해,,,,,,,,,,,,,,,,,,,32.0,45.0,37.0,,
468.0,480.0,487.0,443.0,476.0,422.0,431.0,382.0,356.0,317.0,288.0,258.0,254.0,236.0,301.0,337.0,258.0,금융및보험업,금융및보험업,2024,https://api.odcloud.kr/api/15084656/v1/uddi:e0494ce1-7eba-4012-bed4-ed539c3a0914,PUB-007_산업중분류별_사고재해,,,,,,,,,,,,,,,,,,,297.0,465.0,522.0,539.0,
159.0,108.0,101.0,109.0,88.0,87.0,74.0,69.0,68.0,64.0,24.0,34.0,42.0,39.0,28.0,28.0,17.0,석탄광업및채석업,광  업,2024,https://api.odcloud.kr/api/15084656/v1/uddi:e0494ce1-7eba-4012-bed4-ed539c3a0914,PUB-007_산업중분류별_사고재해,,,,,,,,,,,,,,,,,,,17.0,22.0,22.0,16.0,
260.0,229.0,207.0,184.0,192.0,161.0,165.0,149.0,145.0,134.0,127.0,111.0,124.0,119.0,167.0,158.0,124.0,석회석·금속·비금속광업및기타광업,광  업,2024,https://api.odcloud.kr/api/15084656/v1/uddi:e0494ce1-7eba-4012-bed4-ed539c3a0914,PUB-007_산업중분류별_사고재해,,,,,,,,,,,,,,,,,,,116.0,127.0,105.0,96.0,
1991.0,2099.0,2107.0,1897.0,2137.0,2087.0,2299.0,2008.0,2068.0,2090.0,2089.0,2033.0,2031.0,2030.0,2388.0,2638.0,2621.0,식료품제조업,제조업,2024,https://api.odcloud.kr/api/15084656/v1/uddi:e0494ce1-7eba-4012-bed4-ed539c3a0914,PUB-007_산업중분류별_사고재해,,,,,,,,,,,,,,,,,,,2977.0,3032.0,3101.0,3134.0,
1781.0,1587.0,1445.0,1251.0,1232.0,1204.0,1285.0,1186.0,1099.0,1038.0,1051.0,935.0,972.0,878.0,951.0,922.0,853.0,섬유및섬유제품제조업,제조업,2024,https://api.odcloud.kr/api/15084656/v1/uddi:e0494ce1-7eba-4012-bed4-ed539c3a0914,PUB-007_산업중분류별_사고재해,,,,,,,,,,,,,,,,,,,906.0,926.0,820.0,789.0,
2085.0,2047.0,2044.0,1889.0,2019.0,1889.0,1938.0,1802.0,1674.0,1575.0,1636.0,1545.0,1472.0,1364.0,1453.0,1451.0,1339.0,목재및종이제품제조업,제조업,2024,https://api.odcloud.kr/api/15084656/v1/uddi:e0494ce1-7eba-4012-bed4-ed539c3a0914,PUB-007_산업중분류별_사고재해,,,,,,,,,,,,,,,,,,,1457.0,1349.0,1363.0,1312.0,
637.0,652.0,655.0,572.0,609.0,614.0,592.0,526.0,508.0,467.0,433.0,403.0,405.0,343.0,399.0,384.0,386.0,출판·인쇄·제본업,제조업,2024,https://api.odcloud.kr/api/15084656/v1/uddi:e0494ce1-7eba-4012-bed4-ed539c3a0914,PUB-007_산업중분류별_사고재해,,,,,,,,,,,,,,,,,,,356.0,360.0,341.0,372.0,
3444.0,3451.0,3231.0,3055.0,3257.0,3120.0,3195.0,3363.0,3144.0,2930.0,2888.0,2594.0,2696.0,2472.0,2654.0,2675.0,2556.0,화학및고무제품제조업,제조업,2024,https://api.odcloud.kr/api/15084656/v1/uddi:e0494ce1-7eba-4012-bed4-ed539c3a0914,PUB-007_산업중분류별_사고재해,,,,,,,,,,,,,,,,,,,2816.0,2635.0,2707.0,2598.0,
229.0,214.0,227.0,183.0,203.0,215.0,201.0,183.0,190.0,153.0,144.0,152.0,182.0,171.0,225.0,256.0,252.0,의약품·화장품·연탄·석유제품제조업,제조업,2024,https://api.odcloud.kr/api/15084656/v1/uddi:e0494ce1-7eba-4012-bed4-ed539c3a0914,PUB-007_산업중분류별_사고재해,,,,,,,,,,,,,,,,,,,239.0,306.0,270.0,363.0,
17203.0,16920.0,16436.0,15603.0,16672.0,15031.0,15874.0,15170.0,14880.0,13495.0,12886.0,12115.0,11417.0,11086.0,11626.0,11842.0,11380.0,기계기구·금속·비금속광물제품제조업,제조업,2024,https://api.odcloud.kr/api/15084656/v1/uddi:e0494ce1-7eba-4012-bed4-ed539c3a0914,PUB-007_산업중분류별_사고재해,,,,,,,,,,,,,,,,,,,11449.0,10984.0,11465.0,11277.0,
91.0,102.0,74.0,74.0,61.0,65.0,111.0,96.0,70.0,108.0,95.0,74.0,73.0,58.0,88.0,106.0,90.0,금속제련업,제조업,2024,https://api.odcloud.kr/api/15084656/v1/uddi:e0494ce1-7eba-4012-bed4-ed539c3a0914,PUB-007_산업중분류별_사고재해,,,,,,,,,,,,,,,,,,,156.0,164.0,160.0,168.0,
2034.0,1988.0,1825.0,1679.0,1737.0,1634.0,1877.0,1748.0,1713.0,1624.0,1557.0,1360.0,1250.0,1228.0,1317.0,1413.0,1475.0,전기기계기구·정밀기구·전자제품제조업,제조업,2024,https://api.odcloud.kr/api/15084656/v1/uddi:e0494ce1-7eba-4012-bed4-ed539c3a0914,PUB-007_산업중분류별_사고재해,,,,,,,,,,,,,,,,,,,1585.0,1636.0,1613.0,1627.0,
1649.0,1710.0,1684.0,1563.0,1967.0,2123.0,1760.0,1511.0,1385.0,1226.0,1349.0,1404.0,1320.0,932.0,764.0,961.0,1151.0,선박건조및수리업,제조업,2024,https://api.odcloud.kr/api/15084656/v1/uddi:e0494ce1-7eba-4012-bed4-ed539c3a0914,PUB-007_산업중분류별_사고재해,,,,,,,,,,,,,,,,,,,1201.0,1368.0,1652.0,1848.0,
1886.0,1798.0,1819.0,1664.0,1851.0,1771.0,1741.0,1746.0,1636.0,1499.0,1441.0,1309.0,1324.0,1103.0,1093.0,1036.0,1024.0,수제품및기타제품제조업,제조업,2024,https://api.odcloud.kr/api/15084656/v1/uddi:e0494ce1-7eba-4012-bed4-ed539c3a0914,PUB-007_산업중분류별_사고재해,,,,,,,,,,,,,,,,,,,1123.0,1004.0,911.0,921.0,
112.0,109.0,100.0,107.0,87.0,99.0,76.0,78.0,85.0,69.0,91.0,88.0,94.0,74.0,96.0,97.0,87.0,전기·가스·증기·수도사업,전기·가스·증기·수도사업,2024,https://api.odcloud.kr/api/15084656/v1/uddi:e0494ce1-7eba-4012-bed4-ed539c3a0914,PUB-007_산업중분류별_사고재해,,,,,,,,,,,,,,,,,,,102.0,105.0,104.0,81.0,
18856.0,15954.0,17577.0,18419.0,20088.0,20267.0,21885.0,22187.0,22679.0,22892.0,22935.0,24287.0,25701.0,24718.0,26486.0,25298.0,24617.0,건설업,건설업,2024,https://api.odcloud.kr/api/15084656/v1/uddi:e0494ce1-7eba-4012-bed4-ed539c3a0914,PUB-007_산업중분류별_사고재해,,,,,,,,,,,,,,,,,,,26888.0,27432.0,26829.0,25152.0,
1910.0,1970.0,2089.0,2000.0,2078.0,1905.0,1974.0,1996.0,1886.0,1842.0,1860.0,1741.0,1639.0,1667.0,2068.0,2123.0,2024.0,철도·항공·창고·운수관련서비스업,운수·창고·통신업,2024,https://api.odcloud.kr/api/15084656/v1/uddi:e0494ce1-7eba-4012-bed4-ed539c3a0914,PUB-007_산업중분류별_사고재해,,,,,,,,,,,,,,,,,,,2369.0,2724.0,3146.0,3619.0,
2350.0,2136.0,2095.0,1894.0,1910.0,1815.0,1797.0,1727.0,1745.0,1805.0,1779.0,1831.0,1932.0,2097.0,2505.0,3143.0,4274.0,육상및수상운수업,운수·창고·통신업,2024,https://api.odcloud.kr/api/15084656/v1/uddi:e0494ce1-7eba-4012-bed4-ed539c3a0914,PUB-007_산업중분류별_사고재해,,,,,,,,,,,,,,,,,,,6545.0,8652.0,10689.0,12164.0,
396.0,312.0,315.0,272.0,335.0,320.0,296.0,234.0,280.0,261.0,233.0,179.0,202.0,144.0,204.0,198.0,206.0,통신업,운수·창고·통신업,2024,https://api.odcloud.kr/api/15084656/v1/uddi:e0494ce1-7eba-4012-bed4-ed539c3a0914,PUB-007_산업중분류별_사고재해,,,,,,,,,,,,,,,,,,,234.0,215.0,204.0,215.0,
884.0,1031.0,1113.0,1258.0,1616.0,2921.0,2091.0,1934.0,1779.0,1921.0,1676.0,1593.0,1400.0,1093.0,1018.0,985.0,1004.0,임업,임  업,2024,https://api.odcloud.kr/api/15084656/v1/uddi:e0494ce1-7eba-4012-bed4-ed539c3a0914,PUB-007_산업중분류별_사고재해,,,,,,,,,,,,,,,,,,,915.0,928.0,946.0,834.0,
84.0,44.0,52.0,57.0,67.0,59.0,63.0,66.0,56.0,55.0,74.0,55.0,39.0,56.0,59.0,58.0,44.0,어업,어  업,2024,https://api.odcloud.kr/api/15084656/v1/uddi:e0494ce1-7eba-4012-bed4-ed539c3a0914,PUB-007_산업중분류별_사고재해,,,,,,,,,,,,,,,,,,,67.0,56.0,34.0,55.0,
357.0,387.0,442.0,394.0,489.0,575.0,618.0,535.0,563.0,598.0,595.0,619.0,701.0,529.0,603.0,599.0,593.0,농업,농  업,2024,https://api.odcloud.kr/api/15084656/v1/uddi:e0494ce1-7eba-4012-bed4-ed539c3a0914,PUB-007_산업중분류별_사고재해,,,,,,,,,,,,,,,,,,,630.0,635.0,669.0,705.0,
7143.0,7780.0,7537.0,7313.0,8028.0,10047.0,9172.0,8061.0,7650.0,7852.0,7052.0,6688.0,6442.0,5556.0,7285.0,7570.0,7383.0,시설관리및사업지원서비스업,기타의사업,2024,https://api.odcloud.kr/api/15084656/v1/uddi:e0494ce1-7eba-4012-bed4-ed539c3a0914,PUB-007_산업중분류별_사고재해,,,,,,,,,,,,,,,,,,,8150.0,8725.0,9296.0,9686.0,
1930.0,1812.0,1959.0,1966.0,2025.0,2226.0,2421.0,1717.0,1865.0,1469.0,1378.0,1230.0,1305.0,1236.0,1554.0,1633.0,1454.0,기타의각종사업,기타의사업,2024,https://api.odcloud.kr/api/15084656/v1/uddi:e0494ce1-7eba-4012-bed4-ed539c3a0914,PUB-007_산업중분류별_사고재해,,,,,,,,,,,,,,,,,,,1440.0,1465.0,1572.0,1596.0,
1.0,7.0,9.0,10.0,21.0,23.0,13.0,22.0,38.0,44.0,39.0,51.0,36.0,38.0,19.0,27.0,13.0,해외파견자,기타의사업,2024,https://api.odcloud.kr/api/15084656/v1/uddi:e0494ce1-7eba-4012-bed4-ed539c3a0914,PUB-007_산업중분류별_사고재해,,,,,,,,,,,,,,,,,,,16.0,15.0,16.0,34.0,
3277.0,3704.0,4045.0,4153.0,4665.0,5227.0,5438.0,4941.0,4939.0,5470.0,5473.0,5349.0,5272.0,4500.0,5635.0,6220.0,6006.0,전문·보건·교육·여가관련서비스업,기타의사업,2024,https://api.odcloud.kr/api/15084656/v1/uddi:e0494ce1-7eba-4012-bed4-ed539c3a0914,PUB-007_산업중분류별_사고재해,,,,,,,,,,,,,,,,,,,7255.0,8403.0,10357.0,11291.0,
8346.0,9067.0,9776.0,10451.0,11960.0,12977.0,13248.0,12341.0,12020.0,12813.0,13655.0,13778.0,14086.0,14023.0,16389.0,17816.0,16834.0,도소매·음식·숙박업,기타의사업,2024,https://api.odcloud.kr/api/15084656/v1/uddi:e0494ce1-7eba-4012-bed4-ed539c3a0914,PUB-007_산업중분류별_사고재해,,,,,,,,,,,,,,,,,,,18500.0,18749.0,19254.0,19763.0,
128.0,154.0,165.0,163.0,142.0,167.0,154.0,218.0,223.0,191.0,151.0,183.0,155.0,168.0,195.0,228.0,213.0,부동산업및임대업,기타의사업,2024,https://api.odcloud.kr/api/15084656/v1/uddi:e0494ce1-7eba-4012-bed4-ed539c3a0914,PUB-007_산업중분류별_사고재해,,,,,,,,,,,,,,,,,,,210.0,263.0,262.0,262.0,
0.0,0.0,0.0,0.0,0.0,0.0,0.0,0.0,0.0,156.0,192.0,179.0,185.0,2673.0,3231.0,3798.0,4073.0,국가및지방자치단체의사업,기타의사업,2024,https://api.odcloud.kr/api/15084656/v1/uddi:e0494ce1-7eba-4012-bed4-ed539c3a0914,PUB-007_산업중분류별_사고재해,,,,,,,,,,,,,,,,,,,4230.0,4424.0,4998.0,5223.0,
0.0,64.0,59.0,52.0,60.0,49.0,53.0,49.0,40.0,39.0,40.0,32.0,29.0,34.0,31.0,47.0,32.0,주한미군,기타의사업,2024,https://api.odcloud.kr/api/15084656/v1/uddi:e0494ce1-7eba-4012-bed4-ed539c3a0914,PUB-007_산업중분류별_사고재해,,,,,,,,,,,,,,,,,,,32.0,45.0,37.0,33.0,
468.0,480.0,487.0,443.0,476.0,422.0,431.0,382.0,356.0,317.0,288.0,258.0,254.0,236.0,301.0,337.0,258.0,금융및보험업,금융및보험업,2025,https://api.odcloud.kr/api/15084656/v1/uddi:6051f73c-761d-4362-9b3a-a6eca6ac42a3,PUB-007_산업중분류별_사고재해,,,,,,,,,,,,,,,,,,,297.0,465.0,522.0,539.0,591.0
159.0,108.0,101.0,109.0,88.0,87.0,74.0,69.0,68.0,64.0,24.0,34.0,42.0,39.0,28.0,28.0,17.0,석탄광업및채석업,광  업,2025,https://api.odcloud.kr/api/15084656/v1/uddi:6051f73c-761d-4362-9b3a-a6eca6ac42a3,PUB-007_산업중분류별_사고재해,,,,,,,,,,,,,,,,,,,17.0,22.0,22.0,16.0,14.0
260.0,229.0,207.0,184.0,192.0,161.0,165.0,149.0,145.0,134.0,127.0,111.0,124.0,119.0,167.0,158.0,124.0,석회석·금속·비금속광업및기타광업,광  업,2025,https://api.odcloud.kr/api/15084656/v1/uddi:6051f73c-761d-4362-9b3a-a6eca6ac42a3,PUB-007_산업중분류별_사고재해,,,,,,,,,,,,,,,,,,,116.0,127.0,105.0,96.0,99.0
1991.0,2099.0,2107.0,1897.0,2137.0,2087.0,2299.0,2008.0,2068.0,2090.0,2089.0,2033.0,2031.0,2030.0,2388.0,2638.0,2621.0,식료품제조업,제조업,2025,https://api.odcloud.kr/api/15084656/v1/uddi:6051f73c-761d-4362-9b3a-a6eca6ac42a3,PUB-007_산업중분류별_사고재해,,,,,,,,,,,,,,,,,,,2977.0,3032.0,3101.0,3134.0,3199.0
1781.0,1587.0,1445.0,1251.0,1232.0,1204.0,1285.0,1186.0,1099.0,1038.0,1051.0,935.0,972.0,878.0,951.0,922.0,853.0,섬유및섬유제품제조업,제조업,2025,https://api.odcloud.kr/api/15084656/v1/uddi:6051f73c-761d-4362-9b3a-a6eca6ac42a3,PUB-007_산업중분류별_사고재해,,,,,,,,,,,,,,,,,,,906.0,926.0,820.0,789.0,738.0
2085.0,2047.0,2044.0,1889.0,2019.0,1889.0,1938.0,1802.0,1674.0,1575.0,1636.0,1545.0,1472.0,1364.0,1453.0,1451.0,1339.0,목재및종이제품제조업,제조업,2025,https://api.odcloud.kr/api/15084656/v1/uddi:6051f73c-761d-4362-9b3a-a6eca6ac42a3,PUB-007_산업중분류별_사고재해,,,,,,,,,,,,,,,,,,,1457.0,1349.0,1363.0,1312.0,1230.0
637.0,652.0,655.0,572.0,609.0,614.0,592.0,526.0,508.0,467.0,433.0,403.0,405.0,343.0,399.0,384.0,386.0,출판·인쇄·제본업,제조업,2025,https://api.odcloud.kr/api/15084656/v1/uddi:6051f73c-761d-4362-9b3a-a6eca6ac42a3,PUB-007_산업중분류별_사고재해,,,,,,,,,,,,,,,,,,,356.0,360.0,341.0,372.0,353.0
3444.0,3451.0,3231.0,3055.0,3257.0,3120.0,3195.0,3363.0,3144.0,2930.0,2888.0,2594.0,2696.0,2472.0,2654.0,2675.0,2556.0,화학및고무제품제조업,제조업,2025,https://api.odcloud.kr/api/15084656/v1/uddi:6051f73c-761d-4362-9b3a-a6eca6ac42a3,PUB-007_산업중분류별_사고재해,,,,,,,,,,,,,,,,,,,2816.0,2635.0,2707.0,2598.0,2410.0
229.0,214.0,227.0,183.0,203.0,215.0,201.0,183.0,190.0,153.0,144.0,152.0,182.0,171.0,225.0,256.0,252.0,의약품·화장품·연탄·석유제품제조업,제조업,2025,https://api.odcloud.kr/api/15084656/v1/uddi:6051f73c-761d-4362-9b3a-a6eca6ac42a3,PUB-007_산업중분류별_사고재해,,,,,,,,,,,,,,,,,,,239.0,306.0,270.0,363.0,370.0
17203.0,16920.0,16436.0,15603.0,16672.0,15031.0,15874.0,15170.0,14880.0,13495.0,12886.0,12115.0,11417.0,11086.0,11626.0,11842.0,11380.0,기계기구·금속·비금속광물제품제조업,제조업,2025,https://api.odcloud.kr/api/15084656/v1/uddi:6051f73c-761d-4362-9b3a-a6eca6ac42a3,PUB-007_산업중분류별_사고재해,,,,,,,,,,,,,,,,,,,11449.0,10984.0,11465.0,11277.0,10679.0
91.0,102.0,74.0,74.0,61.0,65.0,111.0,96.0,70.0,108.0,95.0,74.0,73.0,58.0,88.0,106.0,90.0,금속제련업,제조업,2025,https://api.odcloud.kr/api/15084656/v1/uddi:6051f73c-761d-4362-9b3a-a6eca6ac42a3,PUB-007_산업중분류별_사고재해,,,,,,,,,,,,,,,,,,,156.0,164.0,160.0,168.0,153.0
2034.0,1988.0,1825.0,1679.0,1737.0,1634.0,1877.0,1748.0,1713.0,1624.0,1557.0,1360.0,1250.0,1228.0,1317.0,1413.0,1475.0,전기기계기구·정밀기구·전자제품제조업,제조업,2025,https://api.odcloud.kr/api/15084656/v1/uddi:6051f73c-761d-4362-9b3a-a6eca6ac42a3,PUB-007_산업중분류별_사고재해,,,,,,,,,,,,,,,,,,,1585.0,1636.0,1613.0,1627.0,1648.0
1649.0,1710.0,1684.0,1563.0,1967.0,2123.0,1760.0,1511.0,1385.0,1226.0,1349.0,1404.0,1320.0,932.0,764.0,961.0,1151.0,선박건조및수리업,제조업,2025,https://api.odcloud.kr/api/15084656/v1/uddi:6051f73c-761d-4362-9b3a-a6eca6ac42a3,PUB-007_산업중분류별_사고재해,,,,,,,,,,,,,,,,,,,1201.0,1368.0,1652.0,1848.0,1632.0
1886.0,1798.0,1819.0,1664.0,1851.0,1771.0,1741.0,1746.0,1636.0,1499.0,1441.0,1309.0,1324.0,1103.0,1093.0,1036.0,1024.0,수제품및기타제품제조업,제조업,2025,https://api.odcloud.kr/api/15084656/v1/uddi:6051f73c-761d-4362-9b3a-a6eca6ac42a3,PUB-007_산업중분류별_사고재해,,,,,,,,,,,,,,,,,,,1123.0,1004.0,911.0,921.0,1000.0
112.0,109.0,100.0,107.0,87.0,99.0,76.0,78.0,85.0,69.0,91.0,88.0,94.0,74.0,96.0,97.0,87.0,전기·가스·증기·수도사업,전기·가스·증기·수도사업,2025,https://api.odcloud.kr/api/15084656/v1/uddi:6051f73c-761d-4362-9b3a-a6eca6ac42a3,PUB-007_산업중분류별_사고재해,,,,,,,,,,,,,,,,,,,102.0,105.0,104.0,81.0,90.0
18856.0,15954.0,17577.0,18419.0,20088.0,20267.0,21885.0,22187.0,22679.0,22892.0,22935.0,24287.0,25701.0,24718.0,26486.0,25298.0,24617.0,건설업,건설업,2025,https://api.odcloud.kr/api/15084656/v1/uddi:6051f73c-761d-4362-9b3a-a6eca6ac42a3,PUB-007_산업중분류별_사고재해,,,,,,,,,,,,,,,,,,,26888.0,27432.0,26829.0,25152.0,21524.0
1910.0,1970.0,2089.0,2000.0,2078.0,1905.0,1974.0,1996.0,1886.0,1842.0,1860.0,1741.0,1639.0,1667.0,2068.0,2123.0,2024.0,철도·항공·창고·운수관련서비스업,운수·창고·통신업,2025,https://api.odcloud.kr/api/15084656/v1/uddi:6051f73c-761d-4362-9b3a-a6eca6ac42a3,PUB-007_산업중분류별_사고재해,,,,,,,,,,,,,,,,,,,2369.0,2724.0,3146.0,3619.0,3881.0
2350.0,2136.0,2095.0,1894.0,1910.0,1815.0,1797.0,1727.0,1745.0,1805.0,1779.0,1831.0,1932.0,2097.0,2505.0,3143.0,4274.0,육상및수상운수업,운수·창고·통신업,2025,https://api.odcloud.kr/api/15084656/v1/uddi:6051f73c-761d-4362-9b3a-a6eca6ac42a3,PUB-007_산업중분류별_사고재해,,,,,,,,,,,,,,,,,,,6545.0,8652.0,10689.0,12164.0,12443.0
396.0,312.0,315.0,272.0,335.0,320.0,296.0,234.0,280.0,261.0,233.0,179.0,202.0,144.0,204.0,198.0,206.0,통신업,운수·창고·통신업,2025,https://api.odcloud.kr/api/15084656/v1/uddi:6051f73c-761d-4362-9b3a-a6eca6ac42a3,PUB-007_산업중분류별_사고재해,,,,,,,,,,,,,,,,,,,234.0,215.0,204.0,215.0,181.0
884.0,1031.0,1113.0,1258.0,1616.0,2921.0,2091.0,1934.0,1779.0,1921.0,1676.0,1593.0,1400.0,1093.0,1018.0,985.0,1004.0,임업,임  업,2025,https://api.odcloud.kr/api/15084656/v1/uddi:6051f73c-761d-4362-9b3a-a6eca6ac42a3,PUB-007_산업중분류별_사고재해,,,,,,,,,,,,,,,,,,,915.0,928.0,946.0,834.0,851.0
84.0,44.0,52.0,57.0,67.0,59.0,63.0,66.0,56.0,55.0,74.0,55.0,39.0,56.0,59.0,58.0,44.0,어업,어  업,2025,https://api.odcloud.kr/api/15084656/v1/uddi:6051f73c-761d-4362-9b3a-a6eca6ac42a3,PUB-007_산업중분류별_사고재해,,,,,,,,,,,,,,,,,,,67.0,56.0,34.0,55.0,37.0
357.0,387.0,442.0,394.0,489.0,575.0,618.0,535.0,563.0,598.0,595.0,619.0,701.0,529.0,603.0,599.0,593.0,농업,농  업,2025,https://api.odcloud.kr/api/15084656/v1/uddi:6051f73c-761d-4362-9b3a-a6eca6ac42a3,PUB-007_산업중분류별_사고재해,,,,,,,,,,,,,,,,,,,630.0,635.0,669.0,705.0,711.0
7143.0,7780.0,7537.0,7313.0,8028.0,10047.0,9172.0,8061.0,7650.0,7852.0,7052.0,6688.0,6442.0,5556.0,7285.0,7570.0,7383.0,시설관리및사업지원서비스업,기타의사업,2025,https://api.odcloud.kr/api/15084656/v1/uddi:6051f73c-761d-4362-9b3a-a6eca6ac42a3,PUB-007_산업중분류별_사고재해,,,,,,,,,,,,,,,,,,,8150.0,8725.0,9296.0,9686.0,10171.0
1930.0,1812.0,1959.0,1966.0,2025.0,2226.0,2421.0,1717.0,1865.0,1469.0,1378.0,1230.0,1305.0,1236.0,1554.0,1633.0,1454.0,기타의각종사업,기타의사업,2025,https://api.odcloud.kr/api/15084656/v1/uddi:6051f73c-761d-4362-9b3a-a6eca6ac42a3,PUB-007_산업중분류별_사고재해,,,,,,,,,,,,,,,,,,,1440.0,1465.0,1572.0,1596.0,1643.0
1.0,7.0,9.0,10.0,21.0,23.0,13.0,22.0,38.0,44.0,39.0,51.0,36.0,38.0,19.0,27.0,13.0,해외파견자,기타의사업,2025,https://api.odcloud.kr/api/15084656/v1/uddi:6051f73c-761d-4362-9b3a-a6eca6ac42a3,PUB-007_산업중분류별_사고재해,,,,,,,,,,,,,,,,,,,16.0,15.0,16.0,34.0,21.0
3277.0,3704.0,4045.0,4153.0,4665.0,5227.0,5438.0,4941.0,4939.0,5470.0,5473.0,5349.0,5272.0,4500.0,5635.0,6220.0,6006.0,전문·보건·교육·여가관련서비스업,기타의사업,2025,https://api.odcloud.kr/api/15084656/v1/uddi:6051f73c-761d-4362-9b3a-a6eca6ac42a3,PUB-007_산업중분류별_사고재해,,,,,,,,,,,,,,,,,,,7255.0,8403.0,10357.0,11291.0,11967.0
8346.0,9067.0,9776.0,10451.0,11960.0,12977.0,13248.0,12341.0,12020.0,12813.0,13655.0,13778.0,14086.0,14023.0,16389.0,17816.0,16834.0,도소매·음식·숙박업,기타의사업,2025,https://api.odcloud.kr/api/15084656/v1/uddi:6051f73c-761d-4362-9b3a-a6eca6ac42a3,PUB-007_산업중분류별_사고재해,,,,,,,,,,,,,,,,,,,18500.0,18749.0,19254.0,19763.0,20008.0
128.0,154.0,165.0,163.0,142.0,167.0,154.0,218.0,223.0,191.0,151.0,183.0,155.0,168.0,195.0,228.0,213.0,부동산업및임대업,기타의사업,2025,https://api.odcloud.kr/api/15084656/v1/uddi:6051f73c-761d-4362-9b3a-a6eca6ac42a3,PUB-007_산업중분류별_사고재해,,,,,,,,,,,,,,,,,,,210.0,263.0,262.0,262.0,259.0
0.0,0.0,0.0,0.0,0.0,0.0,0.0,0.0,0.0,156.0,192.0,179.0,185.0,2673.0,3231.0,3798.0,4073.0,국가및지방자치단체의사업,기타의사업,2025,https://api.odcloud.kr/api/15084656/v1/uddi:6051f73c-761d-4362-9b3a-a6eca6ac42a3,PUB-007_산업중분류별_사고재해,,,,,,,,,,,,,,,,,,,4230.0,4424.0,4998.0,5223.0,5366.0
0.0,64.0,59.0,52.0,60.0,49.0,53.0,49.0,40.0,39.0,40.0,32.0,29.0,34.0,31.0,47.0,32.0,주한미군,기타의사업,2025,https://api.odcloud.kr/api/15084656/v1/uddi:6051f73c-761d-4362-9b3a-a6eca6ac42a3,PUB-007_산업중분류별_사고재해,,,,,,,,,,,,,,,,,,,32.0,45.0,37.0,33.0,36.0
