contRegnStr1Code,contRegnStr1Name,contRegnStr2Code,contRegnStr2Name,source_dataset,source_endpoint
1100000000,서울특별시,1100000000,,PUB-002A_노인사회활동_지역코드,https://apis.data.go.kr/B552474/OdsnCodeInquiryService2/getOdsnAreaCodeInquiryList2
1100000000,서울특별시,1100900000,직속,PUB-002A_노인사회활동_지역코드,https://apis.data.go.kr/B552474/OdsnCodeInquiryService2/getOdsnAreaCodeInquiryList2
1100000000,서울특별시,1111000000,종로구,PUB-002A_노인사회활동_지역코드,https://apis.data.go.kr/B552474/OdsnCodeInquiryService2/getOdsnAreaCodeInquiryList2
1100000000,서울특별시,1114000000,중구,PUB-002A_노인사회활동_지역코드,https://apis.data.go.kr/B552474/OdsnCodeInquiryService2/getOdsnAreaCodeInquiryList2
1100000000,서울특별시,1117000000,용산구,PUB-002A_노인사회활동_지역코드,https://apis.data.go.kr/B552474/OdsnCodeInquiryService2/getOdsnAreaCodeInquiryList2
1100000000,서울특별시,1120000000,성동구,PUB-002A_노인사회활동_지역코드,https://apis.data.go.kr/B552474/OdsnCodeInquiryService2/getOdsnAreaCodeInquiryList2
1100000000,서울특별시,1121500000,광진구,PUB-002A_노인사회활동_지역코드,https://apis.data.go.kr/B552474/OdsnCodeInquiryService2/getOdsnAreaCodeInquiryList2
1100000000,서울특별시,1123000000,동대문구,PUB-002A_노인사회활동_지역코드,https://apis.data.go.kr/B552474/OdsnCodeInquiryService2/getOdsnAreaCodeInquiryList2
1100000000,서울특별시,1126000000,중랑구,PUB-002A_노인사회활동_지역코드,https://apis.data.go.kr/B552474/OdsnCodeInquiryService2/getOdsnAreaCodeInquiryList2
1100000000,서울특별시,1129000000,성북구,PUB-002A_노인사회활동_지역코드,https://apis.data.go.kr/B552474/OdsnCodeInquiryService2/getOdsnAreaCodeInquiryList2
1100000000,서울특별시,1130500000,강북구,PUB-002A_노인사회활동_지역코드,https://apis.data.go.kr/B552474/OdsnCodeInquiryService2/getOdsnAreaCodeInquiryList2
1100000000,서울특별시,1132000000,도봉구,PUB-002A_노인사회활동_지역코드,https://apis.data.go.kr/B552474/OdsnCodeInquiryService2/getOdsnAreaCodeInquiryList2
1100000000,서울특별시,1135000000,노원구,PUB-002A_노인사회활동_지역코드,https://apis.data.go.kr/B552474/OdsnCodeInquiryService2/getOdsnAreaCodeInquiryList2
1100000000,서울특별시,1138000000,은평구,PUB-002A_노인사회활동_지역코드,https://apis.data.go.kr/B552474/OdsnCodeInquiryService2/getOdsnAreaCodeInquiryList2
1100000000,서울특별시,1141000000,서대문구,PUB-002A_노인사회활동_지역코드,https://apis.data.go.kr/B552474/OdsnCodeInquiryService2/getOdsnAreaCodeInquiryList2
1100000000,서울특별시,1144000000,마포구,PUB-002A_노인사회활동_지역코드,https://apis.data.go.kr/B552474/OdsnCodeInquiryService2/getOdsnAreaCodeInquiryList2
1100000000,서울특별시,1147000000,양천구,PUB-002A_노인사회활동_지역코드,https://apis.data.go.kr/B552474/OdsnCodeInquiryService2/getOdsnAreaCodeInquiryList2
1100000000,서울특별시,1150000000,강서구,PUB-002A_노인사회활동_지역코드,https://apis.data.go.kr/B552474/OdsnCodeInquiryService2/getOdsnAreaCodeInquiryList2
1100000000,서울특별시,1153000000,구로구,PUB-002A_노인사회활동_지역코드,https://apis.data.go.kr/B552474/OdsnCodeInquiryService2/getOdsnAreaCodeInquiryList2
1100000000,서울특별시,1154500000,금천구,PUB-002A_노인사회활동_지역코드,https://apis.data.go.kr/B552474/OdsnCodeInquiryService2/getOdsnAreaCodeInquiryList2
1100000000,서울특별시,1156000000,영등포구,PUB-002A_노인사회활동_지역코드,https://apis.data.go.kr/B552474/OdsnCodeInquiryService2/getOdsnAreaCodeInquiryList2
1100000000,서울특별시,1159000000,동작구,PUB-002A_노인사회활동_지역코드,https://apis.data.go.kr/B552474/OdsnCodeInquiryService2/getOdsnAreaCodeInquiryList2
1100000000,서울특별시,1162000000,관악구,PUB-002A_노인사회활동_지역코드,https://apis.data.go.kr/B552474/OdsnCodeInquiryService2/getOdsnAreaCodeInquiryList2
1100000000,서울특별시,1165000000,서초구,PUB-002A_노인사회활동_지역코드,https://apis.data.go.kr/B552474/OdsnCodeInquiryService2/getOdsnAreaCodeInquiryList2
1100000000,서울특별시,1168000000,강남구,PUB-002A_노인사회활동_지역코드,https://apis.data.go.kr/B552474/OdsnCodeInquiryService2/getOdsnAreaCodeInquiryList2
1100000000,서울특별시,1171000000,송파구,PUB-002A_노인사회활동_지역코드,https://apis.data.go.kr/B552474/OdsnCodeInquiryService2/getOdsnAreaCodeInquiryList2
1100000000,서울특별시,1174000000,강동구,PUB-002A_노인사회활동_지역코드,https://apis.data.go.kr/B552474/OdsnCodeInquiryService2/getOdsnAreaCodeInquiryList2
1200000000,전남광주통합특별시,1200000000,,PUB-002A_노인사회활동_지역코드,https://apis.data.go.kr/B552474/OdsnCodeInquiryService2/getOdsnAreaCodeInquiryList2
1200000000,전남광주통합특별시,1200900000,직속,PUB-002A_노인사회활동_지역코드,https://apis.data.go.kr/B552474/OdsnCodeInquiryService2/getOdsnAreaCodeInquiryList2
1200000000,전남광주통합특별시,1211000000,목포시,PUB-002A_노인사회활동_지역코드,https://apis.data.go.kr/B552474/OdsnCodeInquiryService2/getOdsnAreaCodeInquiryList2
1200000000,전남광주통합특별시,1213000000,여수시,PUB-002A_노인사회활동_지역코드,https://apis.data.go.kr/B552474/OdsnCodeInquiryService2/getOdsnAreaCodeInquiryList2
1200000000,전남광주통합특별시,1215000000,순천시,PUB-002A_노인사회활동_지역코드,https://apis.data.go.kr/B552474/OdsnCodeInquiryService2/getOdsnAreaCodeInquiryList2
1200000000,전남광주통합특별시,1217000000,나주시,PUB-002A_노인사회활동_지역코드,https://apis.data.go.kr/B552474/OdsnCodeInquiryService2/getOdsnAreaCodeInquiryList2
1200000000,전남광주통합특별시,1219000000,광양시,PUB-002A_노인사회활동_지역코드,https://apis.data.go.kr/B552474/OdsnCodeInquiryService2/getOdsnAreaCodeInquiryList2
1200000000,전남광주통합특별시,1221000000,동구,PUB-002A_노인사회활동_지역코드,https://apis.data.go.kr/B552474/OdsnCodeInquiryService2/getOdsnAreaCodeInquiryList2
1200000000,전남광주통합특별시,1224000000,서구,PUB-002A_노인사회활동_지역코드,https://apis.data.go.kr/B552474/OdsnCodeInquiryService2/getOdsnAreaCodeInquiryList2
1200000000,전남광주통합특별시,1227000000,남구,PUB-002A_노인사회활동_지역코드,https://apis.data.go.kr/B552474/OdsnCodeInquiryService2/getOdsnAreaCodeInquiryList2
1200000000,전남광주통합특별시,1230000000,북구,PUB-002A_노인사회활동_지역코드,https://apis.data.go.kr/B552474/OdsnCodeInquiryService2/getOdsnAreaCodeInquiryList2
1200000000,전남광주통합특별시,1233000000,광산구,PUB-002A_노인사회활동_지역코드,https://apis.data.go.kr/B552474/OdsnCodeInquiryService2/getOdsnAreaCodeInquiryList2
1200000000,전남광주통합특별시,1271000000,담양군,PUB-002A_노인사회활동_지역코드,https://apis.data.go.kr/B552474/OdsnCodeInquiryService2/getOdsnAreaCodeInquiryList2
1200000000,전남광주통합특별시,1272000000,곡성군,PUB-002A_노인사회활동_지역코드,https://apis.data.go.kr/B552474/OdsnCodeInquiryService2/getOdsnAreaCodeInquiryList2
1200000000,전남광주통합특별시,1273000000,구례군,PUB-002A_노인사회활동_지역코드,https://apis.data.go.kr/B552474/OdsnCodeInquiryService2/getOdsnAreaCodeInquiryList2
1200000000,전남광주통합특별시,1274000000,고흥군,PUB-002A_노인사회활동_지역코드,https://apis.data.go.kr/B552474/OdsnCodeInquiryService2/getOdsnAreaCodeInquiryList2
1200000000,전남광주통합특별시,1275000000,보성군,PUB-002A_노인사회활동_지역코드,https://apis.data.go.kr/B552474/OdsnCodeInquiryService2/getOdsnAreaCodeInquiryList2
1200000000,전남광주통합특별시,1276000000,화순군,PUB-002A_노인사회활동_지역코드,https://apis.data.go.kr/B552474/OdsnCodeInquiryService2/getOdsnAreaCodeInquiryList2
1200000000,전남광주통합특별시,1277000000,장흥군,PUB-002A_노인사회활동_지역코드,https://apis.data.go.kr/B552474/OdsnCodeInquiryService2/getOdsnAreaCodeInquiryList2
1200000000,전남광주통합특별시,1278000000,강진군,PUB-002A_노인사회활동_지역코드,https://apis.data.go.kr/B552474/OdsnCodeInquiryService2/getOdsnAreaCodeInquiryList2
1200000000,전남광주통합특별시,1279000000,해남군,PUB-002A_노인사회활동_지역코드,https://apis.data.go.kr/B552474/OdsnCodeInquiryService2/getOdsnAreaCodeInquiryList2
1200000000,전남광주통합특별시,1280000000,영암군,PUB-002A_노인사회활동_지역코드,https://apis.data.go.kr/B552474/OdsnCodeInquiryService2/getOdsnAreaCodeInquiryList2
1200000000,전남광주통합특별시,1281000000,무안군,PUB-002A_노인사회활동_지역코드,https://apis.data.go.kr/B552474/OdsnCodeInquiryService2/getOdsnAreaCodeInquiryList2
1200000000,전남광주통합특별시,1282000000,함평군,PUB-002A_노인사회활동_지역코드,https://apis.data.go.kr/B552474/OdsnCodeInquiryService2/getOdsnAreaCodeInquiryList2
1200000000,전남광주통합특별시,1283000000,영광군,PUB-002A_노인사회활동_지역코드,https://apis.data.go.kr/B552474/OdsnCodeInquiryService2/getOdsnAreaCodeInquiryList2
1200000000,전남광주통합특별시,1284000000,장성군,PUB-002A_노인사회활동_지역코드,https://apis.data.go.kr/B552474/OdsnCodeInquiryService2/getOdsnAreaCodeInquiryList2
1200000000,전남광주통합특별시,1285000000,완도군,PUB-002A_노인사회활동_지역코드,https://apis.data.go.kr/B552474/OdsnCodeInquiryService2/getOdsnAreaCodeInquiryList2
1200000000,전남광주통합특별시,1286000000,진도군,PUB-002A_노인사회활동_지역코드,https://apis.data.go.kr/B552474/OdsnCodeInquiryService2/getOdsnAreaCodeInquiryList2
1200000000,전남광주통합특별시,1287000000,신안군,PUB-002A_노인사회활동_지역코드,https://apis.data.go.kr/B552474/OdsnCodeInquiryService2/getOdsnAreaCodeInquiryList2
2600000000,부산광역시,2600000000,,PUB-002A_노인사회활동_지역코드,https://apis.data.go.kr/B552474/OdsnCodeInquiryService2/getOdsnAreaCodeInquiryList2
2600000000,부산광역시,2600900000,직속,PUB-002A_노인사회활동_지역코드,https://apis.data.go.kr/B552474/OdsnCodeInquiryService2/getOdsnAreaCodeInquiryList2
2600000000,부산광역시,2611000000,중구,PUB-002A_노인사회활동_지역코드,https://apis.data.go.kr/B552474/OdsnCodeInquiryService2/getOdsnAreaCodeInquiryList2
2600000000,부산광역시,2614000000,서구,PUB-002A_노인사회활동_지역코드,https://apis.data.go.kr/B552474/OdsnCodeInquiryService2/getOdsnAreaCodeInquiryList2
2600000000,부산광역시,2617000000,동구,PUB-002A_노인사회활동_지역코드,https://apis.data.go.kr/B552474/OdsnCodeInquiryService2/getOdsnAreaCodeInquiryList2
2600000000,부산광역시,2620000000,영도구,PUB-002A_노인사회활동_지역코드,https://apis.data.go.kr/B552474/OdsnCodeInquiryService2/getOdsnAreaCodeInquiryList2
2600000000,부산광역시,2623000000,부산진구,PUB-002A_노인사회활동_지역코드,https://apis.data.go.kr/B552474/OdsnCodeInquiryService2/getOdsnAreaCodeInquiryList2
2600000000,부산광역시,2626000000,동래구,PUB-002A_노인사회활동_지역코드,https://apis.data.go.kr/B552474/OdsnCodeInquiryService2/getOdsnAreaCodeInquiryList2
2600000000,부산광역시,2629000000,남구,PUB-002A_노인사회활동_지역코드,https://apis.data.go.kr/B552474/OdsnCodeInquiryService2/getOdsnAreaCodeInquiryList2
2600000000,부산광역시,2632000000,북구,PUB-002A_노인사회활동_지역코드,https://apis.data.go.kr/B552474/OdsnCodeInquiryService2/getOdsnAreaCodeInquiryList2
2600000000,부산광역시,2635000000,해운대구,PUB-002A_노인사회활동_지역코드,https://apis.data.go.kr/B552474/OdsnCodeInquiryService2/getOdsnAreaCodeInquiryList2
2600000000,부산광역시,2638000000,사하구,PUB-002A_노인사회활동_지역코드,https://apis.data.go.kr/B552474/OdsnCodeInquiryService2/getOdsnAreaCodeInquiryList2
2600000000,부산광역시,2641000000,금정구,PUB-002A_노인사회활동_지역코드,https://apis.data.go.kr/B552474/OdsnCodeInquiryService2/getOdsnAreaCodeInquiryList2
2600000000,부산광역시,2644000000,강서구,PUB-002A_노인사회활동_지역코드,https://apis.data.go.kr/B552474/OdsnCodeInquiryService2/getOdsnAreaCodeInquiryList2
2600000000,부산광역시,2647000000,연제구,PUB-002A_노인사회활동_지역코드,https://apis.data.go.kr/B552474/OdsnCodeInquiryService2/getOdsnAreaCodeInquiryList2
2600000000,부산광역시,2650000000,수영구,PUB-002A_노인사회활동_지역코드,https://apis.data.go.kr/B552474/OdsnCodeInquiryService2/getOdsnAreaCodeInquiryList2
2600000000,부산광역시,2653000000,사상구,PUB-002A_노인사회활동_지역코드,https://apis.data.go.kr/B552474/OdsnCodeInquiryService2/getOdsnAreaCodeInquiryList2
2600000000,부산광역시,2671000000,기장군,PUB-002A_노인사회활동_지역코드,https://apis.data.go.kr/B552474/OdsnCodeInquiryService2/getOdsnAreaCodeInquiryList2
2700000000,대구광역시,2700000000,,PUB-002A_노인사회활동_지역코드,https://apis.data.go.kr/B552474/OdsnCodeInquiryService2/getOdsnAreaCodeInquiryList2
2700000000,대구광역시,2700900000,직속,PUB-002A_노인사회활동_지역코드,https://apis.data.go.kr/B552474/OdsnCodeInquiryService2/getOdsnAreaCodeInquiryList2
2700000000,대구광역시,2711000000,중구,PUB-002A_노인사회활동_지역코드,https://apis.data.go.kr/B552474/OdsnCodeInquiryService2/getOdsnAreaCodeInquiryList2
2700000000,대구광역시,2714000000,동구,PUB-002A_노인사회활동_지역코드,https://apis.data.go.kr/B552474/OdsnCodeInquiryService2/getOdsnAreaCodeInquiryList2
2700000000,대구광역시,2717000000,서구,PUB-002A_노인사회활동_지역코드,https://apis.data.go.kr/B552474/OdsnCodeInquiryService2/getOdsnAreaCodeInquiryList2
2700000000,대구광역시,2720000000,남구,PUB-002A_노인사회활동_지역코드,https://apis.data.go.kr/B552474/OdsnCodeInquiryService2/getOdsnAreaCodeInquiryList2
2700000000,대구광역시,2723000000,북구,PUB-002A_노인사회활동_지역코드,https://apis.data.go.kr/B552474/OdsnCodeInquiryService2/getOdsnAreaCodeInquiryList2
2700000000,대구광역시,2726000000,수성구,PUB-002A_노인사회활동_지역코드,https://apis.data.go.kr/B552474/OdsnCodeInquiryService2/getOdsnAreaCodeInquiryList2
2700000000,대구광역시,2729000000,달서구,PUB-002A_노인사회활동_지역코드,https://apis.data.go.kr/B552474/OdsnCodeInquiryService2/getOdsnAreaCodeInquiryList2
2700000000,대구광역시,2771000000,달성군,PUB-002A_노인사회활동_지역코드,https://apis.data.go.kr/B552474/OdsnCodeInquiryService2/getOdsnAreaCodeInquiryList2
2700000000,대구광역시,2772000000,군위군,PUB-002A_노인사회활동_지역코드,https://apis.data.go.kr/B552474/OdsnCodeInquiryService2/getOdsnAreaCodeInquiryList2
2800000000,인천광역시,2800000000,,PUB-002A_노인사회활동_지역코드,https://apis.data.go.kr/B552474/OdsnCodeInquiryService2/getOdsnAreaCodeInquiryList2
2800000000,인천광역시,2800900000,직속,PUB-002A_노인사회활동_지역코드,https://apis.data.go.kr/B552474/OdsnCodeInquiryService2/getOdsnAreaCodeInquiryList2
2800000000,인천광역시,2811000000,중구,PUB-002A_노인사회활동_지역코드,https://apis.data.go.kr/B552474/OdsnCodeInquiryService2/getOdsnAreaCodeInquiryList2
2800000000,인천광역시,2814000000,동구,PUB-002A_노인사회활동_지역코드,https://apis.data.go.kr/B552474/OdsnCodeInquiryService2/getOdsnAreaCodeInquiryList2
2800000000,인천광역시,2817000000,미추홀구,PUB-002A_노인사회활동_지역코드,https://apis.data.go.kr/B552474/OdsnCodeInquiryService2/getOdsnAreaCodeInquiryList2
2800000000,인천광역시,2818500000,연수구,PUB-002A_노인사회활동_지역코드,https://apis.data.go.kr/B552474/OdsnCodeInquiryService2/getOdsnAreaCodeInquiryList2
2800000000,인천광역시,2820000000,남동구,PUB-002A_노인사회활동_지역코드,https://apis.data.go.kr/B552474/OdsnCodeInquiryService2/getOdsnAreaCodeInquiryList2
2800000000,인천광역시,2823700000,부평구,PUB-002A_노인사회활동_지역코드,https://apis.data.go.kr/B552474/OdsnCodeInquiryService2/getOdsnAreaCodeInquiryList2
2800000000,인천광역시,2824500000,계양구,PUB-002A_노인사회활동_지역코드,https://apis.data.go.kr/B552474/OdsnCodeInquiryService2/getOdsnAreaCodeInquiryList2
2800000000,인천광역시,2826000000,서구,PUB-002A_노인사회활동_지역코드,https://apis.data.go.kr/B552474/OdsnCodeInquiryService2/getOdsnAreaCodeInquiryList2
2800000000,인천광역시,2871000000,강화군,PUB-002A_노인사회활동_지역코드,https://apis.data.go.kr/B552474/OdsnCodeInquiryService2/getOdsnAreaCodeInquiryList2
2800000000,인천광역시,2872000000,옹진군,PUB-002A_노인사회활동_지역코드,https://apis.data.go.kr/B552474/OdsnCodeInquiryService2/getOdsnAreaCodeInquiryList2
2900000000,전남광주통합(광주),2900000000,,PUB-002A_노인사회활동_지역코드,https://apis.data.go.kr/B552474/OdsnCodeInquiryService2/getOdsnAreaCodeInquiryList2
2900000000,전남광주통합(광주),2900900000,직속,PUB-002A_노인사회활동_지역코드,https://apis.data.go.kr/B552474/OdsnCodeInquiryService2/getOdsnAreaCodeInquiryList2
2900000000,전남광주통합(광주),2911000000,동구,PUB-002A_노인사회활동_지역코드,https://apis.data.go.kr/B552474/OdsnCodeInquiryService2/getOdsnAreaCodeInquiryList2
2900000000,전남광주통합(광주),2914000000,서구,PUB-002A_노인사회활동_지역코드,https://apis.data.go.kr/B552474/OdsnCodeInquiryService2/getOdsnAreaCodeInquiryList2
2900000000,전남광주통합(광주),2915500000,남구,PUB-002A_노인사회활동_지역코드,https://apis.data.go.kr/B552474/OdsnCodeInquiryService2/getOdsnAreaCodeInquiryList2
2900000000,전남광주통합(광주),2917000000,북구,PUB-002A_노인사회활동_지역코드,https://apis.data.go.kr/B552474/OdsnCodeInquiryService2/getOdsnAreaCodeInquiryList2
2900000000,전남광주통합(광주),2920000000,광산구,PUB-002A_노인사회활동_지역코드,https://apis.data.go.kr/B552474/OdsnCodeInquiryService2/getOdsnAreaCodeInquiryList2
3000000000,대전광역시,3000000000,,PUB-002A_노인사회활동_지역코드,https://apis.data.go.kr/B552474/OdsnCodeInquiryService2/getOdsnAreaCodeInquiryList2
3000000000,대전광역시,3000900000,직속,PUB-002A_노인사회활동_지역코드,https://apis.data.go.kr/B552474/OdsnCodeInquiryService2/getOdsnAreaCodeInquiryList2
3000000000,대전광역시,3011000000,동구,PUB-002A_노인사회활동_지역코드,https://apis.data.go.kr/B552474/OdsnCodeInquiryService2/getOdsnAreaCodeInquiryList2
3000000000,대전광역시,3014000000,중구,PUB-002A_노인사회활동_지역코드,https://apis.data.go.kr/B552474/OdsnCodeInquiryService2/getOdsnAreaCodeInquiryList2
3000000000,대전광역시,3017000000,서구,PUB-002A_노인사회활동_지역코드,https://apis.data.go.kr/B552474/OdsnCodeInquiryService2/getOdsnAreaCodeInquiryList2
3000000000,대전광역시,3020000000,유성구,PUB-002A_노인사회활동_지역코드,https://apis.data.go.kr/B552474/OdsnCodeInquiryService2/getOdsnAreaCodeInquiryList2
3000000000,대전광역시,3023000000,대덕구,PUB-002A_노인사회활동_지역코드,https://apis.data.go.kr/B552474/OdsnCodeInquiryService2/getOdsnAreaCodeInquiryList2
3100000000,울산광역시,3100000000,,PUB-002A_노인사회활동_지역코드,https://apis.data.go.kr/B552474/OdsnCodeInquiryService2/getOdsnAreaCodeInquiryList2
3100000000,울산광역시,3100900000,직속,PUB-002A_노인사회활동_지역코드,https://apis.data.go.kr/B552474/OdsnCodeInquiryService2/getOdsnAreaCodeInquiryList2
3100000000,울산광역시,3111000000,중구,PUB-002A_노인사회활동_지역코드,https://apis.data.go.kr/B552474/OdsnCodeInquiryService2/getOdsnAreaCodeInquiryList2
3100000000,울산광역시,3114000000,남구,PUB-002A_노인사회활동_지역코드,https://apis.data.go.kr/B552474/OdsnCodeInquiryService2/getOdsnAreaCodeInquiryList2
3100000000,울산광역시,3117000000,동구,PUB-002A_노인사회활동_지역코드,https://apis.data.go.kr/B552474/OdsnCodeInquiryService2/getOdsnAreaCodeInquiryList2
3100000000,울산광역시,3120000000,북구,PUB-002A_노인사회활동_지역코드,https://apis.data.go.kr/B552474/OdsnCodeInquiryService2/getOdsnAreaCodeInquiryList2
3100000000,울산광역시,3171000000,울주군,PUB-002A_노인사회활동_지역코드,https://apis.data.go.kr/B552474/OdsnCodeInquiryService2/getOdsnAreaCodeInquiryList2
3600000000,세종특별자치시,3600000000,,PUB-002A_노인사회활동_지역코드,https://apis.data.go.kr/B552474/OdsnCodeInquiryService2/getOdsnAreaCodeInquiryList2
3600000000,세종특별자치시,3600900000,직속,PUB-002A_노인사회활동_지역코드,https://apis.data.go.kr/B552474/OdsnCodeInquiryService2/getOdsnAreaCodeInquiryList2
3600000000,세종특별자치시,3611000000,,PUB-002A_노인사회활동_지역코드,https://apis.data.go.kr/B552474/OdsnCodeInquiryService2/getOdsnAreaCodeInquiryList2
3600000000,세종특별자치시,3611000000,세종시,PUB-002A_노인사회활동_지역코드,https://apis.data.go.kr/B552474/OdsnCodeInquiryService2/getOdsnAreaCodeInquiryList2
3600000000,세총특별자치시,3611000000,세종시,PUB-002A_노인사회활동_지역코드,https://apis.data.go.kr/B552474/OdsnCodeInquiryService2/getOdsnAreaCodeInquiryList2
4100000000,경기도,4100000000,,PUB-002A_노인사회활동_지역코드,https://apis.data.go.kr/B552474/OdsnCodeInquiryService2/getOdsnAreaCodeInquiryList2
4100000000,경기도,4100900000,직속,PUB-002A_노인사회활동_지역코드,https://apis.data.go.kr/B552474/OdsnCodeInquiryService2/getOdsnAreaCodeInquiryList2
4100000000,경기도,4111000000,수원시,PUB-002A_노인사회활동_지역코드,https://apis.data.go.kr/B552474/OdsnCodeInquiryService2/getOdsnAreaCodeInquiryList2
4100000000,경기도,4111100000,수원시 장안구,PUB-002A_노인사회활동_지역코드,https://apis.data.go.kr/B552474/OdsnCodeInquiryService2/getOdsnAreaCodeInquiryList2
4100000000,경기도,4111300000,수원시 권선구,PUB-002A_노인사회활동_지역코드,https://apis.data.go.kr/B552474/OdsnCodeInquiryService2/getOdsnAreaCodeInquiryList2
4100000000,경기도,4111500000,수원시 팔달구,PUB-002A_노인사회활동_지역코드,https://apis.data.go.kr/B552474/OdsnCodeInquiryService2/getOdsnAreaCodeInquiryList2
4100000000,경기도,4111700000,수원시 영통구,PUB-002A_노인사회활동_지역코드,https://apis.data.go.kr/B552474/OdsnCodeInquiryService2/getOdsnAreaCodeInquiryList2
4100000000,경기도,4113000000,성남시,PUB-002A_노인사회활동_지역코드,https://apis.data.go.kr/B552474/OdsnCodeInquiryService2/getOdsnAreaCodeInquiryList2
4100000000,경기도,4113100000,성남시 수정구,PUB-002A_노인사회활동_지역코드,https://apis.data.go.kr/B552474/OdsnCodeInquiryService2/getOdsnAreaCodeInquiryList2
4100000000,경기도,4113300000,성남시 중원구,PUB-002A_노인사회활동_지역코드,https://apis.data.go.kr/B552474/OdsnCodeInquiryService2/getOdsnAreaCodeInquiryList2
4100000000,경기도,4113500000,성남시 분당구,PUB-002A_노인사회활동_지역코드,https://apis.data.go.kr/B552474/OdsnCodeInquiryService2/getOdsnAreaCodeInquiryList2
4100000000,경기도,4115000000,의정부시,PUB-002A_노인사회활동_지역코드,https://apis.data.go.kr/B552474/OdsnCodeInquiryService2/getOdsnAreaCodeInquiryList2
4100000000,경기도,4117000000,안양시,PUB-002A_노인사회활동_지역코드,https://apis.data.go.kr/B552474/OdsnCodeInquiryService2/getOdsnAreaCodeInquiryList2
4100000000,경기도,4117100000,안양시 만안구,PUB-002A_노인사회활동_지역코드,https://apis.data.go.kr/B552474/OdsnCodeInquiryService2/getOdsnAreaCodeInquiryList2
4100000000,경기도,4117300000,안양시 동안구,PUB-002A_노인사회활동_지역코드,https://apis.data.go.kr/B552474/OdsnCodeInquiryService2/getOdsnAreaCodeInquiryList2
4100000000,경기도,4119000000,부천시,PUB-002A_노인사회활동_지역코드,https://apis.data.go.kr/B552474/OdsnCodeInquiryService2/getOdsnAreaCodeInquiryList2
4100000000,경기도,4121000000,광명시,PUB-002A_노인사회활동_지역코드,https://apis.data.go.kr/B552474/OdsnCodeInquiryService2/getOdsnAreaCodeInquiryList2
4100000000,경기도,4122000000,평택시,PUB-002A_노인사회활동_지역코드,https://apis.data.go.kr/B552474/OdsnCodeInquiryService2/getOdsnAreaCodeInquiryList2
4100000000,경기도,4125000000,동두천시,PUB-002A_노인사회활동_지역코드,https://apis.data.go.kr/B552474/OdsnCodeInquiryService2/getOdsnAreaCodeInquiryList2
4100000000,경기도,4127000000,안산시,PUB-002A_노인사회활동_지역코드,https://apis.data.go.kr/B552474/OdsnCodeInquiryService2/getOdsnAreaCodeInquiryList2
4100000000,경기도,4127100000,안산시 상록구,PUB-002A_노인사회활동_지역코드,https://apis.data.go.kr/B552474/OdsnCodeInquiryService2/getOdsnAreaCodeInquiryList2
4100000000,경기도,4127300000,안산시 단원구,PUB-002A_노인사회활동_지역코드,https://apis.data.go.kr/B552474/OdsnCodeInquiryService2/getOdsnAreaCodeInquiryList2
4100000000,경기도,4128000000,고양시,PUB-002A_노인사회활동_지역코드,https://apis.data.go.kr/B552474/OdsnCodeInquiryService2/getOdsnAreaCodeInquiryList2
4100000000,경기도,4128100000,고양시 덕양구,PUB-002A_노인사회활동_지역코드,https://apis.data.go.kr/B552474/OdsnCodeInquiryService2/getOdsnAreaCodeInquiryList2
4100000000,경기도,4128500000,고양시 일산동구,PUB-002A_노인사회활동_지역코드,https://apis.data.go.kr/B552474/OdsnCodeInquiryService2/getOdsnAreaCodeInquiryList2
4100000000,경기도,4128700000,고양시 일산서구,PUB-002A_노인사회활동_지역코드,https://apis.data.go.kr/B552474/OdsnCodeInquiryService2/getOdsnAreaCodeInquiryList2
4100000000,경기도,4129000000,과천시,PUB-002A_노인사회활동_지역코드,https://apis.data.go.kr/B552474/OdsnCodeInquiryService2/getOdsnAreaCodeInquiryList2
4100000000,경기도,4131000000,구리시,PUB-002A_노인사회활동_지역코드,https://apis.data.go.kr/B552474/OdsnCodeInquiryService2/getOdsnAreaCodeInquiryList2
4100000000,경기도,4136000000,남양주시,PUB-002A_노인사회활동_지역코드,https://apis.data.go.kr/B552474/OdsnCodeInquiryService2/getOdsnAreaCodeInquiryList2
4100000000,경기도,4137000000,오산시,PUB-002A_노인사회활동_지역코드,https://apis.data.go.kr/B552474/OdsnCodeInquiryService2/getOdsnAreaCodeInquiryList2
4100000000,경기도,4139000000,시흥시,PUB-002A_노인사회활동_지역코드,https://apis.data.go.kr/B552474/OdsnCodeInquiryService2/getOdsnAreaCodeInquiryList2
4100000000,경기도,4141000000,군포시,PUB-002A_노인사회활동_지역코드,https://apis.data.go.kr/B552474/OdsnCodeInquiryService2/getOdsnAreaCodeInquiryList2
4100000000,경기도,4143000000,의왕시,PUB-002A_노인사회활동_지역코드,https://apis.data.go.kr/B552474/OdsnCodeInquiryService2/getOdsnAreaCodeInquiryList2
4100000000,경기도,4145000000,하남시,PUB-002A_노인사회활동_지역코드,https://apis.data.go.kr/B552474/OdsnCodeInquiryService2/getOdsnAreaCodeInquiryList2
4100000000,경기도,4146000000,용인시,PUB-002A_노인사회활동_지역코드,https://apis.data.go.kr/B552474/OdsnCodeInquiryService2/getOdsnAreaCodeInquiryList2
4100000000,경기도,4146100000,용인시,PUB-002A_노인사회활동_지역코드,https://apis.data.go.kr/B552474/OdsnCodeInquiryService2/getOdsnAreaCodeInquiryList2
4100000000,경기도,4146100000,용인시 처인구,PUB-002A_노인사회활동_지역코드,https://apis.data.go.kr/B552474/OdsnCodeInquiryService2/getOdsnAreaCodeInquiryList2
4100000000,경기도,4146300000,용인시 기흥구,PUB-002A_노인사회활동_지역코드,https://apis.data.go.kr/B552474/OdsnCodeInquiryService2/getOdsnAreaCodeInquiryList2
4100000000,경기도,4146500000,용인시,PUB-002A_노인사회활동_지역코드,https://apis.data.go.kr/B552474/OdsnCodeInquiryService2/getOdsnAreaCodeInquiryList2
4100000000,경기도,4146500000,용인시 수지구,PUB-002A_노인사회활동_지역코드,https://apis.data.go.kr/B552474/OdsnCodeInquiryService2/getOdsnAreaCodeInquiryList2
4100000000,경기도,4148000000,파주시,PUB-002A_노인사회활동_지역코드,https://apis.data.go.kr/B552474/OdsnCodeInquiryService2/getOdsnAreaCodeInquiryList2
4100000000,경기도,4150000000,이천시,PUB-002A_노인사회활동_지역코드,https://apis.data.go.kr/B552474/OdsnCodeInquiryService2/getOdsnAreaCodeInquiryList2
4100000000,경기도,4155000000,안성시,PUB-002A_노인사회활동_지역코드,https://apis.data.go.kr/B552474/OdsnCodeInquiryService2/getOdsnAreaCodeInquiryList2
4100000000,경기도,4157000000,김포시,PUB-002A_노인사회활동_지역코드,https://apis.data.go.kr/B552474/OdsnCodeInquiryService2/getOdsnAreaCodeInquiryList2
4100000000,경기도,4159000000,화성시,PUB-002A_노인사회활동_지역코드,https://apis.data.go.kr/B552474/OdsnCodeInquiryService2/getOdsnAreaCodeInquiryList2
4100000000,경기도,4159100000,화성시 만세구,PUB-002A_노인사회활동_지역코드,https://apis.data.go.kr/B552474/OdsnCodeInquiryService2/getOdsnAreaCodeInquiryList2
4100000000,경기도,4159300000,화성시 효행구,PUB-002A_노인사회활동_지역코드,https://apis.data.go.kr/B552474/OdsnCodeInquiryService2/getOdsnAreaCodeInquiryList2
4100000000,경기도,4159500000,화성시 병점구,PUB-002A_노인사회활동_지역코드,https://apis.data.go.kr/B552474/OdsnCodeInquiryService2/getOdsnAreaCodeInquiryList2
4100000000,경기도,4159700000,화성시 동탄구,PUB-002A_노인사회활동_지역코드,https://apis.data.go.kr/B552474/OdsnCodeInquiryService2/getOdsnAreaCodeInquiryList2
4100000000,경기도,4161000000,광주시,PUB-002A_노인사회활동_지역코드,https://apis.data.go.kr/B552474/OdsnCodeInquiryService2/getOdsnAreaCodeInquiryList2
4100000000,경기도,4163000000,양주시,PUB-002A_노인사회활동_지역코드,https://apis.data.go.kr/B552474/OdsnCodeInquiryService2/getOdsnAreaCodeInquiryList2
4100000000,경기도,4165000000,포천시,PUB-002A_노인사회활동_지역코드,https://apis.data.go.kr/B552474/OdsnCodeInquiryService2/getOdsnAreaCodeInquiryList2
4100000000,경기도,4167000000,여주시,PUB-002A_노인사회활동_지역코드,https://apis.data.go.kr/B552474/OdsnCodeInquiryService2/getOdsnAreaCodeInquiryList2
4100000000,경기도,4180000000,연천군,PUB-002A_노인사회활동_지역코드,https://apis.data.go.kr/B552474/OdsnCodeInquiryService2/getOdsnAreaCodeInquiryList2
4100000000,경기도,4182000000,가평군,PUB-002A_노인사회활동_지역코드,https://apis.data.go.kr/B552474/OdsnCodeInquiryService2/getOdsnAreaCodeInquiryList2
4100000000,경기도,4183000000,양평군,PUB-002A_노인사회활동_지역코드,https://apis.data.go.kr/B552474/OdsnCodeInquiryService2/getOdsnAreaCodeInquiryList2
4100000000,북부출장소,4110500000,,PUB-002A_노인사회활동_지역코드,https://apis.data.go.kr/B552474/OdsnCodeInquiryService2/getOdsnAreaCodeInquiryList2
4200000000,강원도,4200900000,직속,PUB-002A_노인사회활동_지역코드,https://apis.data.go.kr/B552474/OdsnCodeInquiryService2/getOdsnAreaCodeInquiryList2
4200000000,강원도,4211000000,춘천시,PUB-002A_노인사회활동_지역코드,https://apis.data.go.kr/B552474/OdsnCodeInquiryService2/getOdsnAreaCodeInquiryList2
4200000000,강원도,4213000000,원주시,PUB-002A_노인사회활동_지역코드,https://apis.data.go.kr/B552474/OdsnCodeInquiryService2/getOdsnAreaCodeInquiryList2
4200000000,강원도,4215000000,강릉시,PUB-002A_노인사회활동_지역코드,https://apis.data.go.kr/B552474/OdsnCodeInquiryService2/getOdsnAreaCodeInquiryList2
4200000000,강원도,4217000000,동해시,PUB-002A_노인사회활동_지역코드,https://apis.data.go.kr/B552474/OdsnCodeInquiryService2/getOdsnAreaCodeInquiryList2
4200000000,강원도,4219000000,태백시,PUB-002A_노인사회활동_지역코드,https://apis.data.go.kr/B552474/OdsnCodeInquiryService2/getOdsnAreaCodeInquiryList2
4200000000,강원도,4221000000,속초시,PUB-002A_노인사회활동_지역코드,https://apis.data.go.kr/B552474/OdsnCodeInquiryService2/getOdsnAreaCodeInquiryList2
4200000000,강원도,4223000000,삼척시,PUB-002A_노인사회활동_지역코드,https://apis.data.go.kr/B552474/OdsnCodeInquiryService2/getOdsnAreaCodeInquiryList2
4200000000,강원도,4272000000,홍천군,PUB-002A_노인사회활동_지역코드,https://apis.data.go.kr/B552474/OdsnCodeInquiryService2/getOdsnAreaCodeInquiryList2
4200000000,강원도,4273000000,횡성군,PUB-002A_노인사회활동_지역코드,https://apis.data.go.kr/B552474/OdsnCodeInquiryService2/getOdsnAreaCodeInquiryList2
4200000000,강원도,4275000000,영월군,PUB-002A_노인사회활동_지역코드,https://apis.data.go.kr/B552474/OdsnCodeInquiryService2/getOdsnAreaCodeInquiryList2
4200000000,강원도,4276000000,평창군,PUB-002A_노인사회활동_지역코드,https://apis.data.go.kr/B552474/OdsnCodeInquiryService2/getOdsnAreaCodeInquiryList2
4200000000,강원도,4277000000,정선군,PUB-002A_노인사회활동_지역코드,https://apis.data.go.kr/B552474/OdsnCodeInquiryService2/getOdsnAreaCodeInquiryList2
4200000000,강원도,4278000000,철원군,PUB-002A_노인사회활동_지역코드,https://apis.data.go.kr/B552474/OdsnCodeInquiryService2/getOdsnAreaCodeInquiryList2
4200000000,강원도,4279000000,화천군,PUB-002A_노인사회활동_지역코드,https://apis.data.go.kr/B552474/OdsnCodeInquiryService2/getOdsnAreaCodeInquiryList2
4200000000,강원도,4280000000,양구군,PUB-002A_노인사회활동_지역코드,https://apis.data.go.kr/B552474/OdsnCodeInquiryService2/getOdsnAreaCodeInquiryList2
4200000000,강원도,4281000000,인제군,PUB-002A_노인사회활동_지역코드,https://apis.data.go.kr/B552474/OdsnCodeInquiryService2/getOdsnAreaCodeInquiryList2
4200000000,강원도,4282000000,고성군,PUB-002A_노인사회활동_지역코드,https://apis.data.go.kr/B552474/OdsnCodeInquiryService2/getOdsnAreaCodeInquiryList2
4200000000,강원도,4283000000,양양군,PUB-002A_노인사회활동_지역코드,https://apis.data.go.kr/B552474/OdsnCodeInquiryService2/getOdsnAreaCodeInquiryList2
4200000000,동해출장소,4210500000,,PUB-002A_노인사회활동_지역코드,https://apis.data.go.kr/B552474/OdsnCodeInquiryService2/getOdsnAreaCodeInquiryList2
4200000000,강원특별자치도,4200000000,,PUB-002A_노인사회활동_지역코드,https://apis.data.go.kr/B552474/OdsnCodeInquiryService2/getOdsnAreaCodeInquiryList2
4300000000,충청북도,4300000000,,PUB-002A_노인사회활동_지역코드,https://apis.data.go.kr/B552474/OdsnCodeInquiryService2/getOdsnAreaCodeInquiryList2
4300000000,충청북도,4300900000,직속,PUB-002A_노인사회활동_지역코드,https://apis.data.go.kr/B552474/OdsnCodeInquiryService2/getOdsnAreaCodeInquiryList2
4300000000,충청북도,4311000000,청주시,PUB-002A_노인사회활동_지역코드,https://apis.data.go.kr/B552474/OdsnCodeInquiryService2/getOdsnAreaCodeInquiryList2
4300000000,충청북도,4311100000,청주시 상당구,PUB-002A_노인사회활동_지역코드,https://apis.data.go.kr/B552474/OdsnCodeInquiryService2/getOdsnAreaCodeInquiryList2
4300000000,충청북도,4311200000,청주시 서원구,PUB-002A_노인사회활동_지역코드,https://apis.data.go.kr/B552474/OdsnCodeInquiryService2/getOdsnAreaCodeInquiryList2
4300000000,충청북도,4311300000,청주시 흥덕구,PUB-002A_노인사회활동_지역코드,https://apis.data.go.kr/B552474/OdsnCodeInquiryService2/getOdsnAreaCodeInquiryList2
4300000000,충청북도,4311400000,청주시 청원구,PUB-002A_노인사회활동_지역코드,https://apis.data.go.kr/B552474/OdsnCodeInquiryService2/getOdsnAreaCodeInquiryList2
4300000000,충청북도,4313000000,충주시,PUB-002A_노인사회활동_지역코드,https://apis.data.go.kr/B552474/OdsnCodeInquiryService2/getOdsnAreaCodeInquiryList2
4300000000,충청북도,4315000000,제천시,PUB-002A_노인사회활동_지역코드,https://apis.data.go.kr/B552474/OdsnCodeInquiryService2/getOdsnAreaCodeInquiryList2
4300000000,충청북도,4372000000,보은군,PUB-002A_노인사회활동_지역코드,https://apis.data.go.kr/B552474/OdsnCodeInquiryService2/getOdsnAreaCodeInquiryList2
4300000000,충청북도,4373000000,옥천군,PUB-002A_노인사회활동_지역코드,https://apis.data.go.kr/B552474/OdsnCodeInquiryService2/getOdsnAreaCodeInquiryList2
4300000000,충청북도,4374000000,영동군,PUB-002A_노인사회활동_지역코드,https://apis.data.go.kr/B552474/OdsnCodeInquiryService2/getOdsnAreaCodeInquiryList2
4300000000,충청북도,4374500000,증평군,PUB-002A_노인사회활동_지역코드,https://apis.data.go.kr/B552474/OdsnCodeInquiryService2/getOdsnAreaCodeInquiryList2
4300000000,충청북도,4375000000,진천군,PUB-002A_노인사회활동_지역코드,https://apis.data.go.kr/B552474/OdsnCodeInquiryService2/getOdsnAreaCodeInquiryList2
4300000000,충청북도,4376000000,괴산군,PUB-002A_노인사회활동_지역코드,https://apis.data.go.kr/B552474/OdsnCodeInquiryService2/getOdsnAreaCodeInquiryList2
4300000000,충청북도,4377000000,음성군,PUB-002A_노인사회활동_지역코드,https://apis.data.go.kr/B552474/OdsnCodeInquiryService2/getOdsnAreaCodeInquiryList2
4300000000,충청북도,4380000000,단양군,PUB-002A_노인사회활동_지역코드,https://apis.data.go.kr/B552474/OdsnCodeInquiryService2/getOdsnAreaCodeInquiryList2
4400000000,충청남도,4400000000,,PUB-002A_노인사회활동_지역코드,https://apis.data.go.kr/B552474/OdsnCodeInquiryService2/getOdsnAreaCodeInquiryList2
4400000000,충청남도,4400900000,직속,PUB-002A_노인사회활동_지역코드,https://apis.data.go.kr/B552474/OdsnCodeInquiryService2/getOdsnAreaCodeInquiryList2
4400000000,충청남도,4413000000,천안시,PUB-002A_노인사회활동_지역코드,https://apis.data.go.kr/B552474/OdsnCodeInquiryService2/getOdsnAreaCodeInquiryList2
4400000000,충청남도,4413100000,천안시 동남구,PUB-002A_노인사회활동_지역코드,https://apis.data.go.kr/B552474/OdsnCodeInquiryService2/getOdsnAreaCodeInquiryList2
4400000000,충청남도,4413300000,천안시 서북구,PUB-002A_노인사회활동_지역코드,https://apis.data.go.kr/B552474/OdsnCodeInquiryService2/getOdsnAreaCodeInquiryList2
4400000000,충청남도,4415000000,공주시,PUB-002A_노인사회활동_지역코드,https://apis.data.go.kr/B552474/OdsnCodeInquiryService2/getOdsnAreaCodeInquiryList2
4400000000,충청남도,4418000000,보령시,PUB-002A_노인사회활동_지역코드,https://apis.data.go.kr/B552474/OdsnCodeInquiryService2/getOdsnAreaCodeInquiryList2
4400000000,충청남도,4420000000,아산시,PUB-002A_노인사회활동_지역코드,https://apis.data.go.kr/B552474/OdsnCodeInquiryService2/getOdsnAreaCodeInquiryList2
4400000000,충청남도,4421000000,서산시,PUB-002A_노인사회활동_지역코드,https://apis.data.go.kr/B552474/OdsnCodeInquiryService2/getOdsnAreaCodeInquiryList2
4400000000,충청남도,4423000000,논산시,PUB-002A_노인사회활동_지역코드,https://apis.data.go.kr/B552474/OdsnCodeInquiryService2/getOdsnAreaCodeInquiryList2
4400000000,충청남도,4425000000,계룡시,PUB-002A_노인사회활동_지역코드,https://apis.data.go.kr/B552474/OdsnCodeInquiryService2/getOdsnAreaCodeInquiryList2
4400000000,충청남도,4427000000,당진시,PUB-002A_노인사회활동_지역코드,https://apis.data.go.kr/B552474/OdsnCodeInquiryService2/getOdsnAreaCodeInquiryList2
4400000000,충청남도,4471000000,금산군,PUB-002A_노인사회활동_지역코드,https://apis.data.go.kr/B552474/OdsnCodeInquiryService2/getOdsnAreaCodeInquiryList2
4400000000,충청남도,4476000000,부여군,PUB-002A_노인사회활동_지역코드,https://apis.data.go.kr/B552474/OdsnCodeInquiryService2/getOdsnAreaCodeInquiryList2
4400000000,충청남도,4477000000,서천군,PUB-002A_노인사회활동_지역코드,https://apis.data.go.kr/B552474/OdsnCodeInquiryService2/getOdsnAreaCodeInquiryList2
4400000000,충청남도,4479000000,청양군,PUB-002A_노인사회활동_지역코드,https://apis.data.go.kr/B552474/OdsnCodeInquiryService2/getOdsnAreaCodeInquiryList2
4400000000,충청남도,4480000000,홍성군,PUB-002A_노인사회활동_지역코드,https://apis.data.go.kr/B552474/OdsnCodeInquiryService2/getOdsnAreaCodeInquiryList2
4400000000,충청남도,4481000000,예산군,PUB-002A_노인사회활동_지역코드,https://apis.data.go.kr/B552474/OdsnCodeInquiryService2/getOdsnAreaCodeInquiryList2
4400000000,충청남도,4482500000,태안군,PUB-002A_노인사회활동_지역코드,https://apis.data.go.kr/B552474/OdsnCodeInquiryService2/getOdsnAreaCodeInquiryList2
4500000000,전라북도,4500900000,직속,PUB-002A_노인사회활동_지역코드,https://apis.data.go.kr/B552474/OdsnCodeInquiryService2/getOdsnAreaCodeInquiryList2
4500000000,전라북도,4511000000,전주시,PUB-002A_노인사회활동_지역코드,https://apis.data.go.kr/B552474/OdsnCodeInquiryService2/getOdsnAreaCodeInquiryList2
4500000000,전라북도,4511100000,전주시 완산구,PUB-002A_노인사회활동_지역코드,https://apis.data.go.kr/B552474/OdsnCodeInquiryService2/getOdsnAreaCodeInquiryList2
4500000000,전라북도,4511300000,전주시 덕진구,PUB-002A_노인사회활동_지역코드,https://apis.data.go.kr/B552474/OdsnCodeInquiryService2/getOdsnAreaCodeInquiryList2
4500000000,전라북도,4513000000,군산시,PUB-002A_노인사회활동_지역코드,https://apis.data.go.kr/B552474/OdsnCodeInquiryService2/getOdsnAreaCodeInquiryList2
4500000000,전라북도,4514000000,익산시,PUB-002A_노인사회활동_지역코드,https://apis.data.go.kr/B552474/OdsnCodeInquiryService2/getOdsnAreaCodeInquiryList2
4500000000,전라북도,4518000000,정읍시,PUB-002A_노인사회활동_지역코드,https://apis.data.go.kr/B552474/OdsnCodeInquiryService2/getOdsnAreaCodeInquiryList2
4500000000,전라북도,4519000000,남원시,PUB-002A_노인사회활동_지역코드,https://apis.data.go.kr/B552474/OdsnCodeInquiryService2/getOdsnAreaCodeInquiryList2
4500000000,전라북도,4521000000,김제시,PUB-002A_노인사회활동_지역코드,https://apis.data.go.kr/B552474/OdsnCodeInquiryService2/getOdsnAreaCodeInquiryList2
4500000000,전라북도,4571000000,완주군,PUB-002A_노인사회활동_지역코드,https://apis.data.go.kr/B552474/OdsnCodeInquiryService2/getOdsnAreaCodeInquiryList2
4500000000,전라북도,4572000000,진안군,PUB-002A_노인사회활동_지역코드,https://apis.data.go.kr/B552474/OdsnCodeInquiryService2/getOdsnAreaCodeInquiryList2
4500000000,전라북도,4573000000,무주군,PUB-002A_노인사회활동_지역코드,https://apis.data.go.kr/B552474/OdsnCodeInquiryService2/getOdsnAreaCodeInquiryList2
4500000000,전라북도,4574000000,장수군,PUB-002A_노인사회활동_지역코드,https://apis.data.go.kr/B552474/OdsnCodeInquiryService2/getOdsnAreaCodeInquiryList2
4500000000,전라북도,4575000000,임실군,PUB-002A_노인사회활동_지역코드,https://apis.data.go.kr/B552474/OdsnCodeInquiryService2/getOdsnAreaCodeInquiryList2
4500000000,전라북도,4577000000,순창군,PUB-002A_노인사회활동_지역코드,https://apis.data.go.kr/B552474/OdsnCodeInquiryService2/getOdsnAreaCodeInquiryList2
4500000000,전라북도,4579000000,고창군,PUB-002A_노인사회활동_지역코드,https://apis.data.go.kr/B552474/OdsnCodeInquiryService2/getOdsnAreaCodeInquiryList2
4500000000,전라북도,4580000000,부안군,PUB-002A_노인사회활동_지역코드,https://apis.data.go.kr/B552474/OdsnCodeInquiryService2/getOdsnAreaCodeInquiryList2
4500000000,전북특별자치도,4500000000,,PUB-002A_노인사회활동_지역코드,https://apis.data.go.kr/B552474/OdsnCodeInquiryService2/getOdsnAreaCodeInquiryList2
4600000000,전남광주통합(전남),4600000000,,PUB-002A_노인사회활동_지역코드,https://apis.data.go.kr/B552474/OdsnCodeInquiryService2/getOdsnAreaCodeInquiryList2
4600000000,전남광주통합(전남),4600900000,직속,PUB-002A_노인사회활동_지역코드,https://apis.data.go.kr/B552474/OdsnCodeInquiryService2/getOdsnAreaCodeInquiryList2
4600000000,전남광주통합(전남),4611000000,목포시,PUB-002A_노인사회활동_지역코드,https://apis.data.go.kr/B552474/OdsnCodeInquiryService2/getOdsnAreaCodeInquiryList2
4600000000,전남광주통합(전남),4613000000,여수시,PUB-002A_노인사회활동_지역코드,https://apis.data.go.kr/B552474/OdsnCodeInquiryService2/getOdsnAreaCodeInquiryList2
4600000000,전남광주통합(전남),4615000000,순천시,PUB-002A_노인사회활동_지역코드,https://apis.data.go.kr/B552474/OdsnCodeInquiryService2/getOdsnAreaCodeInquiryList2
4600000000,전남광주통합(전남),4617000000,나주시,PUB-002A_노인사회활동_지역코드,https://apis.data.go.kr/B552474/OdsnCodeInquiryService2/getOdsnAreaCodeInquiryList2
4600000000,전남광주통합(전남),4623000000,광양시,PUB-002A_노인사회활동_지역코드,https://apis.data.go.kr/B552474/OdsnCodeInquiryService2/getOdsnAreaCodeInquiryList2
4600000000,전남광주통합(전남),4671000000,담양군,PUB-002A_노인사회활동_지역코드,https://apis.data.go.kr/B552474/OdsnCodeInquiryService2/getOdsnAreaCodeInquiryList2
4600000000,전남광주통합(전남),4672000000,곡성군,PUB-002A_노인사회활동_지역코드,https://apis.data.go.kr/B552474/OdsnCodeInquiryService2/getOdsnAreaCodeInquiryList2
4600000000,전남광주통합(전남),4673000000,구례군,PUB-002A_노인사회활동_지역코드,https://apis.data.go.kr/B552474/OdsnCodeInquiryService2/getOdsnAreaCodeInquiryList2
4600000000,전남광주통합(전남),4677000000,고흥군,PUB-002A_노인사회활동_지역코드,https://apis.data.go.kr/B552474/OdsnCodeInquiryService2/getOdsnAreaCodeInquiryList2
4600000000,전남광주통합(전남),4678000000,보성군,PUB-002A_노인사회활동_지역코드,https://apis.data.go.kr/B552474/OdsnCodeInquiryService2/getOdsnAreaCodeInquiryList2
4600000000,전남광주통합(전남),4679000000,화순군,PUB-002A_노인사회활동_지역코드,https://apis.data.go.kr/B552474/OdsnCodeInquiryService2/getOdsnAreaCodeInquiryList2
4600000000,전남광주통합(전남),4680000000,장흥군,PUB-002A_노인사회활동_지역코드,https://apis.data.go.kr/B552474/OdsnCodeInquiryService2/getOdsnAreaCodeInquiryList2
4600000000,전남광주통합(전남),4681000000,강진군,PUB-002A_노인사회활동_지역코드,https://apis.data.go.kr/B552474/OdsnCodeInquiryService2/getOdsnAreaCodeInquiryList2
4600000000,전남광주통합(전남),4682000000,해남군,PUB-002A_노인사회활동_지역코드,https://apis.data.go.kr/B552474/OdsnCodeInquiryService2/getOdsnAreaCodeInquiryList2
4600000000,전남광주통합(전남),4683000000,영암군,PUB-002A_노인사회활동_지역코드,https://apis.data.go.kr/B552474/OdsnCodeInquiryService2/getOdsnAreaCodeInquiryList2
4600000000,전남광주통합(전남),4684000000,무안군,PUB-002A_노인사회활동_지역코드,https://apis.data.go.kr/B552474/OdsnCodeInquiryService2/getOdsnAreaCodeInquiryList2
4600000000,전남광주통합(전남),4686000000,함평군,PUB-002A_노인사회활동_지역코드,https://apis.data.go.kr/B552474/OdsnCodeInquiryService2/getOdsnAreaCodeInquiryList2
4600000000,전남광주통합(전남),4687000000,영광군,PUB-002A_노인사회활동_지역코드,https://apis.data.go.kr/B552474/OdsnCodeInquiryService2/getOdsnAreaCodeInquiryList2
4600000000,전남광주통합(전남),4688000000,장성군,PUB-002A_노인사회활동_지역코드,https://apis.data.go.kr/B552474/OdsnCodeInquiryService2/getOdsnAreaCodeInquiryList2
4600000000,전남광주통합(전남),4689000000,완도군,PUB-002A_노인사회활동_지역코드,https://apis.data.go.kr/B552474/OdsnCodeInquiryService2/getOdsnAreaCodeInquiryList2
4600000000,전남광주통합(전남),4690000000,진도군,PUB-002A_노인사회활동_지역코드,https://apis.data.go.kr/B552474/OdsnCodeInquiryService2/getOdsnAreaCodeInquiryList2
4600000000,전남광주통합(전남),4691000000,신안군,PUB-002A_노인사회활동_지역코드,https://apis.data.go.kr/B552474/OdsnCodeInquiryService2/getOdsnAreaCodeInquiryList2
4700000000,경상북도,4700000000,,PUB-002A_노인사회활동_지역코드,https://apis.data.go.kr/B552474/OdsnCodeInquiryService2/getOdsnAreaCodeInquiryList2
4700000000,경상북도,4700900000,직속,PUB-002A_노인사회활동_지역코드,https://apis.data.go.kr/B552474/OdsnCodeInquiryService2/getOdsnAreaCodeInquiryList2
4700000000,경상북도,4711000000,포항시,PUB-002A_노인사회활동_지역코드,https://apis.data.go.kr/B552474/OdsnCodeInquiryService2/getOdsnAreaCodeInquiryList2
4700000000,경상북도,4711100000,포항시 남구,PUB-002A_노인사회활동_지역코드,https://apis.data.go.kr/B552474/OdsnCodeInquiryService2/getOdsnAreaCodeInquiryList2
4700000000,경상북도,4711300000,포항시 북구,PUB-002A_노인사회활동_지역코드,https://apis.data.go.kr/B552474/OdsnCodeInquiryService2/getOdsnAreaCodeInquiryList2
4700000000,경상북도,4711400000,포항시,PUB-002A_노인사회활동_지역코드,https://apis.data.go.kr/B552474/OdsnCodeInquiryService2/getOdsnAreaCodeInquiryList2
4700000000,경상북도,4713000000,경주시,PUB-002A_노인사회활동_지역코드,https://apis.data.go.kr/B552474/OdsnCodeInquiryService2/getOdsnAreaCodeInquiryList2
4700000000,경상북도,4715000000,김천시,PUB-002A_노인사회활동_지역코드,https://apis.data.go.kr/B552474/OdsnCodeInquiryService2/getOdsnAreaCodeInquiryList2
4700000000,경상북도,4717000000,안동시,PUB-002A_노인사회활동_지역코드,https://apis.data.go.kr/B552474/OdsnCodeInquiryService2/getOdsnAreaCodeInquiryList2
4700000000,경상북도,4719000000,구미시,PUB-002A_노인사회활동_지역코드,https://apis.data.go.kr/B552474/OdsnCodeInquiryService2/getOdsnAreaCodeInquiryList2
4700000000,경상북도,4721000000,영주시,PUB-002A_노인사회활동_지역코드,https://apis.data.go.kr/B552474/OdsnCodeInquiryService2/getOdsnAreaCodeInquiryList2
4700000000,경상북도,4723000000,영천시,PUB-002A_노인사회활동_지역코드,https://apis.data.go.kr/B552474/OdsnCodeInquiryService2/getOdsnAreaCodeInquiryList2
4700000000,경상북도,4725000000,상주시,PUB-002A_노인사회활동_지역코드,https://apis.data.go.kr/B552474/OdsnCodeInquiryService2/getOdsnAreaCodeInquiryList2
4700000000,경상북도,4728000000,문경시,PUB-002A_노인사회활동_지역코드,https://apis.data.go.kr/B552474/OdsnCodeInquiryService2/getOdsnAreaCodeInquiryList2
4700000000,경상북도,4729000000,경산시,PUB-002A_노인사회활동_지역코드,https://apis.data.go.kr/B552474/OdsnCodeInquiryService2/getOdsnAreaCodeInquiryList2
4700000000,경상북도,4772000000,군위군,PUB-002A_노인사회활동_지역코드,https://apis.data.go.kr/B552474/OdsnCodeInquiryService2/getOdsnAreaCodeInquiryList2
4700000000,경상북도,4773000000,의성군,PUB-002A_노인사회활동_지역코드,https://apis.data.go.kr/B552474/OdsnCodeInquiryService2/getOdsnAreaCodeInquiryList2
4700000000,경상북도,4775000000,청송군,PUB-002A_노인사회활동_지역코드,https://apis.data.go.kr/B552474/OdsnCodeInquiryService2/getOdsnAreaCodeInquiryList2
4700000000,경상북도,4776000000,영양군,PUB-002A_노인사회활동_지역코드,https://apis.data.go.kr/B552474/OdsnCodeInquiryService2/getOdsnAreaCodeInquiryList2
4700000000,경상북도,4777000000,영덕군,PUB-002A_노인사회활동_지역코드,https://apis.data.go.kr/B552474/OdsnCodeInquiryService2/getOdsnAreaCodeInquiryList2
4700000000,경상북도,4782000000,청도군,PUB-002A_노인사회활동_지역코드,https://apis.data.go.kr/B552474/OdsnCodeInquiryService2/getOdsnAreaCodeInquiryList2
4700000000,경상북도,4783000000,고령군,PUB-002A_노인사회활동_지역코드,https://apis.data.go.kr/B552474/OdsnCodeInquiryService2/getOdsnAreaCodeInquiryList2
4700000000,경상북도,4784000000,성주군,PUB-002A_노인사회활동_지역코드,https://apis.data.go.kr/B552474/OdsnCodeInquiryService2/getOdsnAreaCodeInquiryList2
4700000000,경상북도,4785000000,칠곡군,PUB-002A_노인사회활동_지역코드,https://apis.data.go.kr/B552474/OdsnCodeInquiryService2/getOdsnAreaCodeInquiryList2
4700000000,경상북도,4790000000,예천군,PUB-002A_노인사회활동_지역코드,https://apis.data.go.kr/B552474/OdsnCodeInquiryService2/getOdsnAreaCodeInquiryList2
4700000000,경상북도,4792000000,봉화군,PUB-002A_노인사회활동_지역코드,https://apis.data.go.kr/B552474/OdsnCodeInquiryService2/getOdsnAreaCodeInquiryList2
4700000000,경상북도,4793000000,울진군,PUB-002A_노인사회활동_지역코드,https://apis.data.go.kr/B552474/OdsnCodeInquiryService2/getOdsnAreaCodeInquiryList2
4700000000,경상북도,4794000000,울릉군,PUB-002A_노인사회활동_지역코드,https://apis.data.go.kr/B552474/OdsnCodeInquiryService2/getOdsnAreaCodeInquiryList2
4800000000,경상남도,4800000000,,PUB-002A_노인사회활동_지역코드,https://apis.data.go.kr/B552474/OdsnCodeInquiryService2/getOdsnAreaCodeInquiryList2
4800000000,경상남도,4800900000,직속,PUB-002A_노인사회활동_지역코드,https://apis.data.go.kr/B552474/OdsnCodeInquiryService2/getOdsnAreaCodeInquiryList2
4800000000,경상남도,4812000000,창원시,PUB-002A_노인사회활동_지역코드,https://apis.data.go.kr/B552474/OdsnCodeInquiryService2/getOdsnAreaCodeInquiryList2
4800000000,경상남도,4812100000,창원시 의창구,PUB-002A_노인사회활동_지역코드,https://apis.data.go.kr/B552474/OdsnCodeInquiryService2/getOdsnAreaCodeInquiryList2
4800000000,경상남도,4812300000,창원시 성산구,PUB-002A_노인사회활동_지역코드,https://apis.data.go.kr/B552474/OdsnCodeInquiryService2/getOdsnAreaCodeInquiryList2
4800000000,경상남도,4812500000,창원시 마산합포구,PUB-002A_노인사회활동_지역코드,https://apis.data.go.kr/B552474/OdsnCodeInquiryService2/getOdsnAreaCodeInquiryList2
4800000000,경상남도,4812700000,창원시 마산회원구,PUB-002A_노인사회활동_지역코드,https://apis.data.go.kr/B552474/OdsnCodeInquiryService2/getOdsnAreaCodeInquiryList2
4800000000,경상남도,4812900000,창원시 진해구,PUB-002A_노인사회활동_지역코드,https://apis.data.go.kr/B552474/OdsnCodeInquiryService2/getOdsnAreaCodeInquiryList2
4800000000,경상남도,4817000000,진주시,PUB-002A_노인사회활동_지역코드,https://apis.data.go.kr/B552474/OdsnCodeInquiryService2/getOdsnAreaCodeInquiryList2
4800000000,경상남도,4822000000,통영시,PUB-002A_노인사회활동_지역코드,https://apis.data.go.kr/B552474/OdsnCodeInquiryService2/getOdsnAreaCodeInquiryList2
4800000000,경상남도,4824000000,사천시,PUB-002A_노인사회활동_지역코드,https://apis.data.go.kr/B552474/OdsnCodeInquiryService2/getOdsnAreaCodeInquiryList2
4800000000,경상남도,4825000000,김해시,PUB-002A_노인사회활동_지역코드,https://apis.data.go.kr/B552474/OdsnCodeInquiryService2/getOdsnAreaCodeInquiryList2
4800000000,경상남도,4827000000,밀양시,PUB-002A_노인사회활동_지역코드,https://apis.data.go.kr/B552474/OdsnCodeInquiryService2/getOdsnAreaCodeInquiryList2
4800000000,경상남도,4831000000,거제시,PUB-002A_노인사회활동_지역코드,https://apis.data.go.kr/B552474/OdsnCodeInquiryService2/getOdsnAreaCodeInquiryList2
4800000000,경상남도,4833000000,양산시,PUB-002A_노인사회활동_지역코드,https://apis.data.go.kr/B552474/OdsnCodeInquiryService2/getOdsnAreaCodeInquiryList2
4800000000,경상남도,4872000000,의령군,PUB-002A_노인사회활동_지역코드,https://apis.data.go.kr/B552474/OdsnCodeInquiryService2/getOdsnAreaCodeInquiryList2
4800000000,경상남도,4873000000,함안군,PUB-002A_노인사회활동_지역코드,https://apis.data.go.kr/B552474/OdsnCodeInquiryService2/getOdsnAreaCodeInquiryList2
4800000000,경상남도,4874000000,창녕군,PUB-002A_노인사회활동_지역코드,https://apis.data.go.kr/B552474/OdsnCodeInquiryService2/getOdsnAreaCodeInquiryList2
4800000000,경상남도,4882000000,고성군,PUB-002A_노인사회활동_지역코드,https://apis.data.go.kr/B552474/OdsnCodeInquiryService2/getOdsnAreaCodeInquiryList2
4800000000,경상남도,4884000000,남해군,PUB-002A_노인사회활동_지역코드,https://apis.data.go.kr/B552474/OdsnCodeInquiryService2/getOdsnAreaCodeInquiryList2
4800000000,경상남도,4885000000,하동군,PUB-002A_노인사회활동_지역코드,https://apis.data.go.kr/B552474/OdsnCodeInquiryService2/getOdsnAreaCodeInquiryList2
4800000000,경상남도,4886000000,산청군,PUB-002A_노인사회활동_지역코드,https://apis.data.go.kr/B552474/OdsnCodeInquiryService2/getOdsnAreaCodeInquiryList2
4800000000,경상남도,4887000000,함양군,PUB-002A_노인사회활동_지역코드,https://apis.data.go.kr/B552474/OdsnCodeInquiryService2/getOdsnAreaCodeInquiryList2
4800000000,경상남도,4888000000,거창군,PUB-002A_노인사회활동_지역코드,https://apis.data.go.kr/B552474/OdsnCodeInquiryService2/getOdsnAreaCodeInquiryList2
4800000000,경상남도,4889000000,합천군,PUB-002A_노인사회활동_지역코드,https://apis.data.go.kr/B552474/OdsnCodeInquiryService2/getOdsnAreaCodeInquiryList2
5000000000,제주특별자치도,5000000000,,PUB-002A_노인사회활동_지역코드,https://apis.data.go.kr/B552474/OdsnCodeInquiryService2/getOdsnAreaCodeInquiryList2
5000000000,제주특별자치도,5000900000,직속,PUB-002A_노인사회활동_지역코드,https://apis.data.go.kr/B552474/OdsnCodeInquiryService2/getOdsnAreaCodeInquiryList2
5000000000,제주특별자치도,5011000000,제주시,PUB-002A_노인사회활동_지역코드,https://apis.data.go.kr/B552474/OdsnCodeInquiryService2/getOdsnAreaCodeInquiryList2
5000000000,제주특별자치도,5013000000,서귀포시,PUB-002A_노인사회활동_지역코드,https://apis.data.go.kr/B552474/OdsnCodeInquiryService2/getOdsnAreaCodeInquiryList2
9800000000,전국,9800000000,,PUB-002A_노인사회활동_지역코드,https://apis.data.go.kr/B552474/OdsnCodeInquiryService2/getOdsnAreaCodeInquiryList2
9800000000,전국,9800900000,직속,PUB-002A_노인사회활동_지역코드,https://apis.data.go.kr/B552474/OdsnCodeInquiryService2/getOdsnAreaCodeInquiryList2
9900000000,임시,9900000000,,PUB-002A_노인사회활동_지역코드,https://apis.data.go.kr/B552474/OdsnCodeInquiryService2/getOdsnAreaCodeInquiryList2
9900000000,임시,9910100000,통합,PUB-002A_노인사회활동_지역코드,https://apis.data.go.kr/B552474/OdsnCodeInquiryService2/getOdsnAreaCodeInquiryList2
