"1,000인 이상",100인-299인,10인-19인,20인-29인,300인-499인,30인-49인,500인-999인,50인-99인,5인 미만,5인-9인,구분,대업종,source_period,source_endpoint,source_dataset,1000인 이상,1000인 이상사업장수,100인-299인 사업장수,10인-19인 사업장수,20인-29인 사업장수,300인-499인 사업장수,30인-49인 사업장수,500인-999인 사업장수,50인-99인 사업장수,5인 미만 사업장수,5인-9인 사업장수,1000인 이상 근로자수,100인 - 299인 근로자수,10인 - 19인 근로자수,20인 - 29인 근로자수,300인 - 499인 근로자수,30인 - 49인 근로자수,500인 - 999인 근로자수,50인 - 99인 근로자수,5인 - 9인 근로자수,5인 미만 근로자수
9.0,17.0,78.0,38.0,12.0,54.0,5.0,35.0,44.0,49.0,금융및보험업,금융및보험업,2020,https://api.odcloud.kr/api/15064490/v1/uddi:c99ee393-2d14-4b2f-99d3-a9ab4a0d63df,PUB-009_산업규모별_재해자수,,,,,,,,,,,,,,,,,,,,,
69.0,496.0,54.0,85.0,455.0,137.0,906.0,115.0,42.0,36.0,석탄광업및채석업,광  업,2020,https://api.odcloud.kr/api/15064490/v1/uddi:c99ee393-2d14-4b2f-99d3-a9ab4a0d63df,PUB-009_산업규모별_재해자수,,,,,,,,,,,,,,,,,,,,,
0.0,26.0,75.0,61.0,7.0,51.0,0.0,30.0,69.0,39.0,석회석·금속·비금속광업및기타광업,광  업,2020,https://api.odcloud.kr/api/15064490/v1/uddi:c99ee393-2d14-4b2f-99d3-a9ab4a0d63df,PUB-009_산업규모별_재해자수,,,,,,,,,,,,,,,,,,,,,
26.0,405.0,498.0,286.0,67.0,385.0,45.0,407.0,453.0,348.0,식료품제조업,제조업,2020,https://api.odcloud.kr/api/15064490/v1/uddi:c99ee393-2d14-4b2f-99d3-a9ab4a0d63df,PUB-009_산업규모별_재해자수,,,,,,,,,,,,,,,,,,,,,
5.0,52.0,160.0,107.0,11.0,108.0,13.0,100.0,279.0,159.0,섬유및섬유제품제조업,제조업,2020,https://api.odcloud.kr/api/15064490/v1/uddi:c99ee393-2d14-4b2f-99d3-a9ab4a0d63df,PUB-009_산업규모별_재해자수,,,,,,,,,,,,,,,,,,,,,
0.0,94.0,272.0,172.0,18.0,85.0,4.0,74.0,435.0,303.0,목재및종이제품제조업,제조업,2020,https://api.odcloud.kr/api/15064490/v1/uddi:c99ee393-2d14-4b2f-99d3-a9ab4a0d63df,PUB-009_산업규모별_재해자수,,,,,,,,,,,,,,,,,,,,,
0.0,31.0,74.0,37.0,2.0,56.0,0.0,33.0,107.0,95.0,출판·인쇄·제본또는인쇄물가공업,제조업,2020,https://api.odcloud.kr/api/15064490/v1/uddi:c99ee393-2d14-4b2f-99d3-a9ab4a0d63df,PUB-009_산업규모별_재해자수,,,,,,,,,,,,,,,,,,,,,
429.0,265.0,497.0,294.0,58.0,320.0,49.0,284.0,507.0,377.0,화학및고무제품제조업,제조업,2020,https://api.odcloud.kr/api/15064490/v1/uddi:c99ee393-2d14-4b2f-99d3-a9ab4a0d63df,PUB-009_산업규모별_재해자수,,,,,,,,,,,,,,,,,,,,,
7.0,58.0,37.0,34.0,16.0,33.0,20.0,62.0,18.0,23.0,의약품·화장품·연탄·석유제품제조업,제조업,2020,https://api.odcloud.kr/api/15064490/v1/uddi:c99ee393-2d14-4b2f-99d3-a9ab4a0d63df,PUB-009_산업규모별_재해자수,,,,,,,,,,,,,,,,,,,,,
1159.0,984.0,2327.0,1277.0,324.0,1198.0,232.0,996.0,3328.0,2296.0,기계기구·금속·비금속광물제품제조업,제조업,2020,https://api.odcloud.kr/api/15064490/v1/uddi:c99ee393-2d14-4b2f-99d3-a9ab4a0d63df,PUB-009_산업규모별_재해자수,,,,,,,,,,,,,,,,,,,,,
78.0,24.0,4.0,4.0,1.0,13.0,12.0,28.0,1.0,2.0,금속제련업,제조업,2020,https://api.odcloud.kr/api/15064490/v1/uddi:c99ee393-2d14-4b2f-99d3-a9ab4a0d63df,PUB-009_산업규모별_재해자수,,,,,,,,,,,,,,,,,,,,,
120.0,218.0,237.0,142.0,112.0,156.0,44.0,196.0,292.0,208.0,전기기계기구·정밀기구·전자제품제조업,제조업,2020,https://api.odcloud.kr/api/15064490/v1/uddi:c99ee393-2d14-4b2f-99d3-a9ab4a0d63df,PUB-009_산업규모별_재해자수,,,,,,,,,,,,,,,,,,,,,
1111.0,370.0,138.0,90.0,21.0,69.0,49.0,195.0,304.0,145.0,선박건조및수리업,제조업,2020,https://api.odcloud.kr/api/15064490/v1/uddi:c99ee393-2d14-4b2f-99d3-a9ab4a0d63df,PUB-009_산업규모별_재해자수,,,,,,,,,,,,,,,,,,,,,
0.0,38.0,217.0,138.0,1.0,122.0,0.0,63.0,350.0,212.0,수제품및기타제품제조업,제조업,2020,https://api.odcloud.kr/api/15064490/v1/uddi:c99ee393-2d14-4b2f-99d3-a9ab4a0d63df,PUB-009_산업규모별_재해자수,,,,,,,,,,,,,,,,,,,,,
9.0,15.0,14.0,7.0,3.0,16.0,3.0,23.0,8.0,7.0,전기·가스·증기및수도사업,전기·가스·증기및수도사업,2020,https://api.odcloud.kr/api/15064490/v1/uddi:c99ee393-2d14-4b2f-99d3-a9ab4a0d63df,PUB-009_산업규모별_재해자수,,,,,,,,,,,,,,,,,,,,,
390.0,2173.0,3397.0,1785.0,747.0,1732.0,639.0,1568.0,10815.0,3553.0,건설업,건설업,2020,https://api.odcloud.kr/api/15064490/v1/uddi:c99ee393-2d14-4b2f-99d3-a9ab4a0d63df,PUB-009_산업규모별_재해자수,,,,,,,,,,,,,,,,,,,,,
338.0,256.0,213.0,143.0,104.0,172.0,94.0,309.0,609.0,164.0,철도·항공·창고·운수관련서비스업,운수·창고 및 통신업,2020,https://api.odcloud.kr/api/15064490/v1/uddi:c99ee393-2d14-4b2f-99d3-a9ab4a0d63df,PUB-009_산업규모별_재해자수,,,,,,,,,,,,,,,,,,,,,
9.0,467.0,408.0,204.0,282.0,244.0,86.0,351.0,2154.0,402.0,육상및수상운수업,운수·창고 및 통신업,2020,https://api.odcloud.kr/api/15064490/v1/uddi:c99ee393-2d14-4b2f-99d3-a9ab4a0d63df,PUB-009_산업규모별_재해자수,,,,,,,,,,,,,,,,,,,,,
0.0,8.0,29.0,34.0,4.0,40.0,1.0,33.0,57.0,36.0,통신업,운수·창고 및 통신업,2020,https://api.odcloud.kr/api/15064490/v1/uddi:c99ee393-2d14-4b2f-99d3-a9ab4a0d63df,PUB-009_산업규모별_재해자수,,,,,,,,,,,,,,,,,,,,,
0.0,3.0,108.0,39.0,0.0,9.0,0.0,5.0,618.0,248.0,임업,임  업,2020,https://api.odcloud.kr/api/15064490/v1/uddi:c99ee393-2d14-4b2f-99d3-a9ab4a0d63df,PUB-009_산업규모별_재해자수,,,,,,,,,,,,,,,,,,,,,
0.0,0.0,5.0,0.0,0.0,0.0,0.0,0.0,27.0,16.0,어업,어  업,2020,https://api.odcloud.kr/api/15064490/v1/uddi:c99ee393-2d14-4b2f-99d3-a9ab4a0d63df,PUB-009_산업규모별_재해자수,,,,,,,,,,,,,,,,,,,,,
0.0,4.0,110.0,54.0,0.0,44.0,0.0,10.0,303.0,114.0,농업,농  업,2020,https://api.odcloud.kr/api/15064490/v1/uddi:c99ee393-2d14-4b2f-99d3-a9ab4a0d63df,PUB-009_산업규모별_재해자수,,,,,,,,,,,,,,,,,,,,,
39.0,365.0,1527.0,720.0,117.0,809.0,49.0,764.0,2311.0,1566.0,시설관리및사업지원서비스업,기타의사업,2020,https://api.odcloud.kr/api/15064490/v1/uddi:c99ee393-2d14-4b2f-99d3-a9ab4a0d63df,PUB-009_산업규모별_재해자수,,,,,,,,,,,,,,,,,,,,,
19.0,58.0,221.0,96.0,17.0,105.0,10.0,75.0,824.0,286.0,기타의각종사업,기타의사업,2020,https://api.odcloud.kr/api/15064490/v1/uddi:c99ee393-2d14-4b2f-99d3-a9ab4a0d63df,PUB-009_산업규모별_재해자수,,,,,,,,,,,,,,,,,,,,,
2.0,2.0,3.0,0.0,0.0,3.0,0.0,1.0,7.0,3.0,해외파견자,기타의사업,2020,https://api.odcloud.kr/api/15064490/v1/uddi:c99ee393-2d14-4b2f-99d3-a9ab4a0d63df,PUB-009_산업규모별_재해자수,,,,,,,,,,,,,,,,,,,,,
174.0,869.0,1075.0,681.0,270.0,956.0,129.0,1072.0,932.0,856.0,전문·보건·교육·여가관련서비스업,기타의사업,2020,https://api.odcloud.kr/api/15064490/v1/uddi:c99ee393-2d14-4b2f-99d3-a9ab4a0d63df,PUB-009_산업규모별_재해자수,,,,,,,,,,,,,,,,,,,,,
50.0,1053.0,2683.0,993.0,158.0,867.0,81.0,825.0,8340.0,3542.0,도소매·음식·숙박업,기타의사업,2020,https://api.odcloud.kr/api/15064490/v1/uddi:c99ee393-2d14-4b2f-99d3-a9ab4a0d63df,PUB-009_산업규모별_재해자수,,,,,,,,,,,,,,,,,,,,,
6.0,4.0,19.0,7.0,0.0,8.0,1.0,4.0,136.0,45.0,부동산업및임대업,기타의사업,2020,https://api.odcloud.kr/api/15064490/v1/uddi:c99ee393-2d14-4b2f-99d3-a9ab4a0d63df,PUB-009_산업규모별_재해자수,,,,,,,,,,,,,,,,,,,,,
210.0,571.0,585.0,696.0,245.0,485.0,652.0,414.0,492.0,350.0,국가및지방자치단체의사업,기타의사업,2020,https://api.odcloud.kr/api/15064490/v1/uddi:c99ee393-2d14-4b2f-99d3-a9ab4a0d63df,PUB-009_산업규모별_재해자수,,,,,,,,,,,,,,,,,,,,,
24.0,7.0,1.0,0.0,2.0,1.0,2.0,1.0,0.0,0.0,주한미군,기타의사업,2020,https://api.odcloud.kr/api/15064490/v1/uddi:c99ee393-2d14-4b2f-99d3-a9ab4a0d63df,PUB-009_산업규모별_재해자수,,,,,,,,,,,,,,,,,,,,,
,29.0,73.0,38.0,6.0,96.0,4.0,46.0,59.0,45.0,금융및보험업,금융및보험업,2021,https://api.odcloud.kr/api/15064490/v1/uddi:395f1d49-c4e8-43c1-8234-a921e75661cf,PUB-009_산업규모별_재해자수,12.0,,,,,,,,,,,,,,,,,,,,
,555.0,36.0,68.0,556.0,180.0,1137.0,182.0,60.0,52.0,석탄광업및채석업,광  업,2021,https://api.odcloud.kr/api/15064490/v1/uddi:395f1d49-c4e8-43c1-8234-a921e75661cf,PUB-009_산업규모별_재해자수,96.0,,,,,,,,,,,,,,,,,,,,
,31.0,68.0,76.0,5.0,51.0,0.0,45.0,85.0,53.0,석회석·금속·비금속광업및기타광업,광  업,2021,https://api.odcloud.kr/api/15064490/v1/uddi:395f1d49-c4e8-43c1-8234-a921e75661cf,PUB-009_산업규모별_재해자수,0.0,,,,,,,,,,,,,,,,,,,,
,458.0,586.0,305.0,58.0,406.0,60.0,438.0,474.0,476.0,식료품제조업,제조업,2021,https://api.odcloud.kr/api/15064490/v1/uddi:395f1d49-c4e8-43c1-8234-a921e75661cf,PUB-009_산업규모별_재해자수,26.0,,,,,,,,,,,,,,,,,,,,
,67.0,194.0,117.0,13.0,113.0,14.0,111.0,273.0,171.0,섬유및섬유제품제조업,제조업,2021,https://api.odcloud.kr/api/15064490/v1/uddi:395f1d49-c4e8-43c1-8234-a921e75661cf,PUB-009_산업규모별_재해자수,11.0,,,,,,,,,,,,,,,,,,,,
,115.0,280.0,147.0,17.0,115.0,3.0,90.0,536.0,332.0,목재및종이제품제조업,제조업,2021,https://api.odcloud.kr/api/15064490/v1/uddi:395f1d49-c4e8-43c1-8234-a921e75661cf,PUB-009_산업규모별_재해자수,0.0,,,,,,,,,,,,,,,,,,,,
,24.0,74.0,59.0,2.0,38.0,0.0,30.0,114.0,65.0,출판·인쇄·제본또는인쇄물가공업,제조업,2021,https://api.odcloud.kr/api/15064490/v1/uddi:395f1d49-c4e8-43c1-8234-a921e75661cf,PUB-009_산업규모별_재해자수,0.0,,,,,,,,,,,,,,,,,,,,
,340.0,512.0,303.0,50.0,345.0,53.0,320.0,583.0,451.0,화학및고무제품제조업,제조업,2021,https://api.odcloud.kr/api/15064490/v1/uddi:395f1d49-c4e8-43c1-8234-a921e75661cf,PUB-009_산업규모별_재해자수,559.0,,,,,,,,,,,,,,,,,,,,
,80.0,41.0,26.0,16.0,31.0,14.0,48.0,23.0,24.0,의약품·화장품·연탄·석유제품제조업,제조업,2021,https://api.odcloud.kr/api/15064490/v1/uddi:395f1d49-c4e8-43c1-8234-a921e75661cf,PUB-009_산업규모별_재해자수,11.0,,,,,,,,,,,,,,,,,,,,
,1103.0,2358.0,1404.0,448.0,1247.0,252.0,1025.0,3487.0,2273.0,기계기구·금속·비금속광물제품제조업,제조업,2021,https://api.odcloud.kr/api/15064490/v1/uddi:395f1d49-c4e8-43c1-8234-a921e75661cf,PUB-009_산업규모별_재해자수,1294.0,,,,,,,,,,,,,,,,,,,,
,57.0,10.0,7.0,10.0,17.0,17.0,26.0,2.0,2.0,금속제련업,제조업,2021,https://api.odcloud.kr/api/15064490/v1/uddi:395f1d49-c4e8-43c1-8234-a921e75661cf,PUB-009_산업규모별_재해자수,127.0,,,,,,,,,,,,,,,,,,,,
,242.0,255.0,139.0,110.0,187.0,63.0,249.0,289.0,206.0,전기기계기구·정밀기구·전자제품제조업,제조업,2021,https://api.odcloud.kr/api/15064490/v1/uddi:395f1d49-c4e8-43c1-8234-a921e75661cf,PUB-009_산업규모별_재해자수,174.0,,,,,,,,,,,,,,,,,,,,
,460.0,175.0,71.0,14.0,113.0,83.0,307.0,320.0,178.0,선박건조및수리업,제조업,2021,https://api.odcloud.kr/api/15064490/v1/uddi:395f1d49-c4e8-43c1-8234-a921e75661cf,PUB-009_산업규모별_재해자수,1404.0,,,,,,,,,,,,,,,,,,,,
,46.0,263.0,133.0,4.0,129.0,0.0,82.0,371.0,234.0,수제품및기타제품제조업,제조업,2021,https://api.odcloud.kr/api/15064490/v1/uddi:395f1d49-c4e8-43c1-8234-a921e75661cf,PUB-009_산업규모별_재해자수,0.0,,,,,,,,,,,,,,,,,,,,
,23.0,18.0,14.0,6.0,20.0,4.0,21.0,8.0,5.0,전기·가스·증기및수도사업,전기·가스·증기및수도사업,2021,https://api.odcloud.kr/api/15064490/v1/uddi:395f1d49-c4e8-43c1-8234-a921e75661cf,PUB-009_산업규모별_재해자수,11.0,,,,,,,,,,,,,,,,,,,,
,2421.0,3851.0,2035.0,1030.0,1876.0,565.0,1758.0,12259.0,3836.0,건설업,건설업,2021,https://api.odcloud.kr/api/15064490/v1/uddi:395f1d49-c4e8-43c1-8234-a921e75661cf,PUB-009_산업규모별_재해자수,312.0,,,,,,,,,,,,,,,,,,,,
,295.0,281.0,187.0,102.0,214.0,112.0,282.0,696.0,210.0,철도·항공·창고·운수관련서비스업,운수·창고·통신업,2021,https://api.odcloud.kr/api/15064490/v1/uddi:395f1d49-c4e8-43c1-8234-a921e75661cf,PUB-009_산업규모별_재해자수,475.0,,,,,,,,,,,,,,,,,,,,
,636.0,719.0,383.0,121.0,350.0,45.0,602.0,2834.0,620.0,육상및수상운수업,운수·창고·통신업,2021,https://api.odcloud.kr/api/15064490/v1/uddi:395f1d49-c4e8-43c1-8234-a921e75661cf,PUB-009_산업규모별_재해자수,632.0,,,,,,,,,,,,,,,,,,,,
,16.0,35.0,48.0,3.0,65.0,2.0,44.0,57.0,24.0,통신업,운수·창고·통신업,2021,https://api.odcloud.kr/api/15064490/v1/uddi:395f1d49-c4e8-43c1-8234-a921e75661cf,PUB-009_산업규모별_재해자수,1.0,,,,,,,,,,,,,,,,,,,,
,4.0,97.0,22.0,0.0,15.0,0.0,2.0,571.0,235.0,임업,임  업,2021,https://api.odcloud.kr/api/15064490/v1/uddi:395f1d49-c4e8-43c1-8234-a921e75661cf,PUB-009_산업규모별_재해자수,0.0,,,,,,,,,,,,,,,,,,,,
,0.0,7.0,3.0,0.0,0.0,0.0,0.0,41.0,23.0,어업,어  업,2021,https://api.odcloud.kr/api/15064490/v1/uddi:395f1d49-c4e8-43c1-8234-a921e75661cf,PUB-009_산업규모별_재해자수,0.0,,,,,,,,,,,,,,,,,,,,
,5.0,106.0,53.0,0.0,30.0,0.0,19.0,326.0,129.0,농업,농  업,2021,https://api.odcloud.kr/api/15064490/v1/uddi:395f1d49-c4e8-43c1-8234-a921e75661cf,PUB-009_산업규모별_재해자수,0.0,,,,,,,,,,,,,,,,,,,,
,503.0,1723.0,823.0,103.0,920.0,57.0,797.0,2547.0,1722.0,시설관리및사업지원서비스업,기타의사업,2021,https://api.odcloud.kr/api/15064490/v1/uddi:395f1d49-c4e8-43c1-8234-a921e75661cf,PUB-009_산업규모별_재해자수,18.0,,,,,,,,,,,,,,,,,,,,
,89.0,228.0,82.0,14.0,98.0,9.0,71.0,848.0,291.0,기타의각종사업,기타의사업,2021,https://api.odcloud.kr/api/15064490/v1/uddi:395f1d49-c4e8-43c1-8234-a921e75661cf,PUB-009_산업규모별_재해자수,24.0,,,,,,,,,,,,,,,,,,,,
,3.0,5.0,2.0,1.0,3.0,1.0,5.0,5.0,5.0,해외파견자,기타의사업,2021,https://api.odcloud.kr/api/15064490/v1/uddi:395f1d49-c4e8-43c1-8234-a921e75661cf,PUB-009_산업규모별_재해자수,0.0,,,,,,,,,,,,,,,,,,,,
,1156.0,1283.0,873.0,282.0,1202.0,155.0,1392.0,1139.0,949.0,전문·보건·교육·여가관련서비스업,기타의사업,2021,https://api.odcloud.kr/api/15064490/v1/uddi:395f1d49-c4e8-43c1-8234-a921e75661cf,PUB-009_산업규모별_재해자수,153.0,,,,,,,,,,,,,,,,,,,,
,1942.0,2647.0,1113.0,221.0,941.0,148.0,1191.0,8639.0,3533.0,도소매·음식·숙박업,기타의사업,2021,https://api.odcloud.kr/api/15064490/v1/uddi:395f1d49-c4e8-43c1-8234-a921e75661cf,PUB-009_산업규모별_재해자수,194.0,,,,,,,,,,,,,,,,,,,,
,5.0,21.0,11.0,3.0,3.0,1.0,4.0,147.0,45.0,부동산업및임대업,기타의사업,2021,https://api.odcloud.kr/api/15064490/v1/uddi:395f1d49-c4e8-43c1-8234-a921e75661cf,PUB-009_산업규모별_재해자수,2.0,,,,,,,,,,,,,,,,,,,,
,626.0,684.0,746.0,206.0,661.0,340.0,463.0,474.0,329.0,국가및지방자치단체의사업,기타의사업,2021,https://api.odcloud.kr/api/15064490/v1/uddi:395f1d49-c4e8-43c1-8234-a921e75661cf,PUB-009_산업규모별_재해자수,452.0,,,,,,,,,,,,,,,,,,,,
,10.0,2.0,0.0,2.0,1.0,0.0,3.0,0.0,4.0,주한미군,기타의사업,2021,https://api.odcloud.kr/api/15064490/v1/uddi:395f1d49-c4e8-43c1-8234-a921e75661cf,PUB-009_산업규모별_재해자수,13.0,,,,,,,,,,,,,,,,,,,,
,38.0,86.0,80.0,22.0,111.0,10.0,135.0,73.0,94.0,금융및보험업,금융및보험업,2022,https://api.odcloud.kr/api/15064490/v1/uddi:516495df-babb-400a-918f-9e9b046aee96,PUB-009_산업규모별_재해자수,17.0,,,,,,,,,,,,,,,,,,,,
,663.0,50.0,106.0,645.0,215.0,1333.0,192.0,58.0,42.0,석탄광업및채석업,광  업,2022,https://api.odcloud.kr/api/15064490/v1/uddi:516495df-babb-400a-918f-9e9b046aee96,PUB-009_산업규모별_재해자수,121.0,,,,,,,,,,,,,,,,,,,,
,52.0,102.0,74.0,2.0,63.0,0.0,29.0,87.0,39.0,석회석·금속·비금속광업및기타광업,광  업,2022,https://api.odcloud.kr/api/15064490/v1/uddi:516495df-babb-400a-918f-9e9b046aee96,PUB-009_산업규모별_재해자수,0.0,,,,,,,,,,,,,,,,,,,,
,400.0,638.0,366.0,107.0,426.0,59.0,371.0,515.0,408.0,식료품제조업,제조업,2022,https://api.odcloud.kr/api/15064490/v1/uddi:516495df-babb-400a-918f-9e9b046aee96,PUB-009_산업규모별_재해자수,54.0,,,,,,,,,,,,,,,,,,,,
,78.0,191.0,134.0,18.0,117.0,15.0,113.0,306.0,176.0,섬유및섬유제품제조업,제조업,2022,https://api.odcloud.kr/api/15064490/v1/uddi:516495df-babb-400a-918f-9e9b046aee96,PUB-009_산업규모별_재해자수,19.0,,,,,,,,,,,,,,,,,,,,
,124.0,275.0,142.0,19.0,104.0,2.0,82.0,497.0,311.0,목재및종이제품제조업,제조업,2022,https://api.odcloud.kr/api/15064490/v1/uddi:516495df-babb-400a-918f-9e9b046aee96,PUB-009_산업규모별_재해자수,0.0,,,,,,,,,,,,,,,,,,,,
,28.0,81.0,49.0,1.0,42.0,0.0,37.0,116.0,66.0,출판·인쇄·제본업,제조업,2022,https://api.odcloud.kr/api/15064490/v1/uddi:516495df-babb-400a-918f-9e9b046aee96,PUB-009_산업규모별_재해자수,0.0,,,,,,,,,,,,,,,,,,,,
,258.0,452.0,274.0,53.0,337.0,57.0,278.0,502.0,379.0,화학및고무제품제조업,제조업,2022,https://api.odcloud.kr/api/15064490/v1/uddi:516495df-babb-400a-918f-9e9b046aee96,PUB-009_산업규모별_재해자수,773.0,,,,,,,,,,,,,,,,,,,,
,91.0,45.0,21.0,18.0,48.0,17.0,61.0,24.0,30.0,의약품·화장품·연탄·석유제품제조업,제조업,2022,https://api.odcloud.kr/api/15064490/v1/uddi:516495df-babb-400a-918f-9e9b046aee96,PUB-009_산업규모별_재해자수,24.0,,,,,,,,,,,,,,,,,,,,
,1155.0,2351.0,1256.0,414.0,1158.0,306.0,931.0,3494.0,2188.0,기계기구·금속·비금속광물제품제조업,제조업,2022,https://api.odcloud.kr/api/15064490/v1/uddi:516495df-babb-400a-918f-9e9b046aee96,PUB-009_산업규모별_재해자수,1363.0,,,,,,,,,,,,,,,,,,,,
,49.0,2.0,4.0,6.0,25.0,38.0,28.0,3.0,5.0,금속제련업,제조업,2022,https://api.odcloud.kr/api/15064490/v1/uddi:516495df-babb-400a-918f-9e9b046aee96,PUB-009_산업규모별_재해자수,142.0,,,,,,,,,,,,,,,,,,,,
,320.0,220.0,151.0,117.0,194.0,62.0,205.0,284.0,210.0,전기기계기구·정밀기구·전자제품제조업,제조업,2022,https://api.odcloud.kr/api/15064490/v1/uddi:516495df-babb-400a-918f-9e9b046aee96,PUB-009_산업규모별_재해자수,178.0,,,,,,,,,,,,,,,,,,,,
,370.0,190.0,101.0,21.0,120.0,92.0,352.0,418.0,197.0,선박건조및수리업,제조업,2022,https://api.odcloud.kr/api/15064490/v1/uddi:516495df-babb-400a-918f-9e9b046aee96,PUB-009_산업규모별_재해자수,1475.0,,,,,,,,,,,,,,,,,,,,
,47.0,218.0,120.0,0.0,131.0,0.0,72.0,362.0,180.0,수제품및기타제품제조업,제조업,2022,https://api.odcloud.kr/api/15064490/v1/uddi:516495df-babb-400a-918f-9e9b046aee96,PUB-009_산업규모별_재해자수,0.0,,,,,,,,,,,,,,,,,,,,
,27.0,18.0,9.0,5.0,22.0,1.0,20.0,8.0,6.0,전기·가스·증기·수도사업,전기·가스·증기·수도사업,2022,https://api.odcloud.kr/api/15064490/v1/uddi:516495df-babb-400a-918f-9e9b046aee96,PUB-009_산업규모별_재해자수,13.0,,,,,,,,,,,,,,,,,,,,
,3466.0,3993.0,2201.0,1326.0,1964.0,655.0,2009.0,11522.0,3680.0,건설업,건설업,2022,https://api.odcloud.kr/api/15064490/v1/uddi:516495df-babb-400a-918f-9e9b046aee96,PUB-009_산업규모별_재해자수,429.0,,,,,,,,,,,,,,,,,,,,
,377.0,242.0,166.0,129.0,215.0,127.0,297.0,725.0,214.0,철도·항공·창고·운수관련서비스업,운수·창고·통신업,2022,https://api.odcloud.kr/api/15064490/v1/uddi:516495df-babb-400a-918f-9e9b046aee96,PUB-009_산업규모별_재해자수,665.0,,,,,,,,,,,,,,,,,,,,
,554.0,721.0,378.0,75.0,373.0,59.0,538.0,3669.0,513.0,육상및수상운수업,운수·창고·통신업,2022,https://api.odcloud.kr/api/15064490/v1/uddi:516495df-babb-400a-918f-9e9b046aee96,PUB-009_산업규모별_재해자수,2183.0,,,,,,,,,,,,,,,,,,,,
,8.0,23.0,29.0,5.0,41.0,3.0,41.0,65.0,31.0,통신업,운수·창고·통신업,2022,https://api.odcloud.kr/api/15064490/v1/uddi:516495df-babb-400a-918f-9e9b046aee96,PUB-009_산업규모별_재해자수,2.0,,,,,,,,,,,,,,,,,,,,
,1.0,94.0,15.0,0.0,3.0,0.0,6.0,641.0,208.0,임업,임  업,2022,https://api.odcloud.kr/api/15064490/v1/uddi:516495df-babb-400a-918f-9e9b046aee96,PUB-009_산업규모별_재해자수,0.0,,,,,,,,,,,,,,,,,,,,
,0.0,3.0,1.0,0.0,0.0,0.0,0.0,31.0,24.0,어업,어  업,2022,https://api.odcloud.kr/api/15064490/v1/uddi:516495df-babb-400a-918f-9e9b046aee96,PUB-009_산업규모별_재해자수,0.0,,,,,,,,,,,,,,,,,,,,
,15.0,112.0,45.0,0.0,58.0,0.0,11.0,320.0,121.0,농업,농  업,2022,https://api.odcloud.kr/api/15064490/v1/uddi:516495df-babb-400a-918f-9e9b046aee96,PUB-009_산업규모별_재해자수,0.0,,,,,,,,,,,,,,,,,,,,
,467.0,1791.0,823.0,112.0,991.0,70.0,825.0,2696.0,1903.0,시설관리및사업지원서비스업,기타의사업,2022,https://api.odcloud.kr/api/15064490/v1/uddi:516495df-babb-400a-918f-9e9b046aee96,PUB-009_산업규모별_재해자수,23.0,,,,,,,,,,,,,,,,,,,,
,73.0,221.0,102.0,20.0,96.0,14.0,70.0,866.0,296.0,기타의각종사업,기타의사업,2022,https://api.odcloud.kr/api/15064490/v1/uddi:516495df-babb-400a-918f-9e9b046aee96,PUB-009_산업규모별_재해자수,27.0,,,,,,,,,,,,,,,,,,,,
,4.0,5.0,2.0,0.0,3.0,0.0,6.0,6.0,2.0,해외파견자,기타의사업,2022,https://api.odcloud.kr/api/15064490/v1/uddi:516495df-babb-400a-918f-9e9b046aee96,PUB-009_산업규모별_재해자수,1.0,,,,,,,,,,,,,,,,,,,,
,1634.0,1418.0,958.0,368.0,1267.0,289.0,1675.0,1535.0,965.0,전문·보건·교육·여가관련서비스업,기타의사업,2022,https://api.odcloud.kr/api/15064490/v1/uddi:516495df-babb-400a-918f-9e9b046aee96,PUB-009_산업규모별_재해자수,209.0,,,,,,,,,,,,,,,,,,,,
,2049.0,2619.0,1165.0,309.0,1021.0,596.0,1056.0,8919.0,3485.0,도소매·음식·숙박업,기타의사업,2022,https://api.odcloud.kr/api/15064490/v1/uddi:516495df-babb-400a-918f-9e9b046aee96,PUB-009_산업규모별_재해자수,106.0,,,,,,,,,,,,,,,,,,,,
,9.0,27.0,8.0,6.0,7.0,2.0,11.0,192.0,38.0,부동산업및임대업,기타의사업,2022,https://api.odcloud.kr/api/15064490/v1/uddi:516495df-babb-400a-918f-9e9b046aee96,PUB-009_산업규모별_재해자수,4.0,,,,,,,,,,,,,,,,,,,,
,507.0,726.0,812.0,186.0,852.0,341.0,505.0,497.0,368.0,국가및지방자치단체의사업,기타의사업,2022,https://api.odcloud.kr/api/15064490/v1/uddi:516495df-babb-400a-918f-9e9b046aee96,PUB-009_산업규모별_재해자수,397.0,,,,,,,,,,,,,,,,,,,,
,14.0,0.0,0.0,4.0,1.0,2.0,2.0,1.0,0.0,주한미군,기타의사업,2022,https://api.odcloud.kr/api/15064490/v1/uddi:516495df-babb-400a-918f-9e9b046aee96,PUB-009_산업규모별_재해자수,27.0,,,,,,,,,,,,,,,,,,,,
,43.0,106.0,65.0,9.0,113.0,9.0,94.0,72.0,50.0,금융및보험업,금융및보험업,2023,https://api.odcloud.kr/api/15064490/v1/uddi:1e446a30-618f-4e6e-8735-a7e5330f2275,PUB-009_산업규모별_재해자수,44.0,,,,,,,,,,,,,,,,,,,,
,762.0,41.0,75.0,694.0,151.0,550.0,158.0,45.0,38.0,석탄광업및채석업,광  업,2023,https://api.odcloud.kr/api/15064490/v1/uddi:1e446a30-618f-4e6e-8735-a7e5330f2275,PUB-009_산업규모별_재해자수,75.0,,,,,,,,,,,,,,,,,,,,
,37.0,94.0,74.0,7.0,48.0,0.0,33.0,70.0,36.0,석회석·금속·비금속광업및기타광업,광  업,2023,https://api.odcloud.kr/api/15064490/v1/uddi:1e446a30-618f-4e6e-8735-a7e5330f2275,PUB-009_산업규모별_재해자수,0.0,,,,,,,,,,,,,,,,,,,,
,396.0,604.0,347.0,111.0,407.0,54.0,457.0,511.0,453.0,식료품제조업,제조업,2023,https://api.odcloud.kr/api/15064490/v1/uddi:1e446a30-618f-4e6e-8735-a7e5330f2275,PUB-009_산업규모별_재해자수,60.0,,,,,,,,,,,,,,,,,,,,
,92.0,202.0,105.0,21.0,106.0,1.0,110.0,285.0,142.0,섬유및섬유제품제조업,제조업,2023,https://api.odcloud.kr/api/15064490/v1/uddi:1e446a30-618f-4e6e-8735-a7e5330f2275,PUB-009_산업규모별_재해자수,18.0,,,,,,,,,,,,,,,,,,,,
,114.0,317.0,121.0,22.0,109.0,4.0,90.0,489.0,324.0,목재및종이제품제조업,제조업,2023,https://api.odcloud.kr/api/15064490/v1/uddi:1e446a30-618f-4e6e-8735-a7e5330f2275,PUB-009_산업규모별_재해자수,0.0,,,,,,,,,,,,,,,,,,,,
,28.0,76.0,47.0,1.0,34.0,0.0,32.0,103.0,66.0,출판·인쇄·제본업,제조업,2023,https://api.odcloud.kr/api/15064490/v1/uddi:1e446a30-618f-4e6e-8735-a7e5330f2275,PUB-009_산업규모별_재해자수,0.0,,,,,,,,,,,,,,,,,,,,
,325.0,485.0,297.0,53.0,308.0,58.0,331.0,465.0,423.0,화학및고무제품제조업,제조업,2023,https://api.odcloud.kr/api/15064490/v1/uddi:1e446a30-618f-4e6e-8735-a7e5330f2275,PUB-009_산업규모별_재해자수,719.0,,,,,,,,,,,,,,,,,,,,
,87.0,40.0,26.0,29.0,29.0,16.0,57.0,18.0,32.0,의약품·화장품·연탄·석유제품제조업,제조업,2023,https://api.odcloud.kr/api/15064490/v1/uddi:1e446a30-618f-4e6e-8735-a7e5330f2275,PUB-009_산업규모별_재해자수,20.0,,,,,,,,,,,,,,,,,,,,
,1160.0,2599.0,1346.0,544.0,1204.0,287.0,950.0,3577.0,2324.0,기계기구·금속·비금속광물제품제조업,제조업,2023,https://api.odcloud.kr/api/15064490/v1/uddi:1e446a30-618f-4e6e-8735-a7e5330f2275,PUB-009_산업규모별_재해자수,1610.0,,,,,,,,,,,,,,,,,,,,
,68.0,8.0,5.0,15.0,25.0,34.0,43.0,4.0,3.0,금속제련업,제조업,2023,https://api.odcloud.kr/api/15064490/v1/uddi:1e446a30-618f-4e6e-8735-a7e5330f2275,PUB-009_산업규모별_재해자수,145.0,,,,,,,,,,,,,,,,,,,,
,281.0,222.0,146.0,157.0,183.0,86.0,207.0,291.0,185.0,전기기계기구·정밀기구·전자제품제조업,제조업,2023,https://api.odcloud.kr/api/15064490/v1/uddi:1e446a30-618f-4e6e-8735-a7e5330f2275,PUB-009_산업규모별_재해자수,181.0,,,,,,,,,,,,,,,,,,,,
,364.0,257.0,118.0,6.0,150.0,85.0,440.0,504.0,282.0,선박건조및수리업,제조업,2023,https://api.odcloud.kr/api/15064490/v1/uddi:1e446a30-618f-4e6e-8735-a7e5330f2275,PUB-009_산업규모별_재해자수,1548.0,,,,,,,,,,,,,,,,,,,,
,48.0,226.0,132.0,0.0,85.0,0.0,86.0,305.0,164.0,수제품및기타제품제조업,제조업,2023,https://api.odcloud.kr/api/15064490/v1/uddi:1e446a30-618f-4e6e-8735-a7e5330f2275,PUB-009_산업규모별_재해자수,0.0,,,,,,,,,,,,,,,,,,,,
,28.0,6.0,16.0,9.0,18.0,5.0,22.0,12.0,6.0,전기·가스·증기·수도사업,전기·가스·증기·수도사업,2023,https://api.odcloud.kr/api/15064490/v1/uddi:1e446a30-618f-4e6e-8735-a7e5330f2275,PUB-009_산업규모별_재해자수,12.0,,,,,,,,,,,,,,,,,,,,
,4599.0,4198.0,2336.0,1710.0,2035.0,888.0,2450.0,10228.0,3376.0,건설업,건설업,2023,https://api.odcloud.kr/api/15064490/v1/uddi:1e446a30-618f-4e6e-8735-a7e5330f2275,PUB-009_산업규모별_재해자수,533.0,,,,,,,,,,,,,,,,,,,,
,416.0,291.0,166.0,154.0,218.0,254.0,270.0,848.0,205.0,철도·항공·창고·운수관련서비스업,운수·창고·통신업,2023,https://api.odcloud.kr/api/15064490/v1/uddi:1e446a30-618f-4e6e-8735-a7e5330f2275,PUB-009_산업규모별_재해자수,773.0,,,,,,,,,,,,,,,,,,,,
,649.0,937.0,519.0,273.0,504.0,98.0,709.0,4608.0,678.0,육상및수상운수업,운수·창고·통신업,2023,https://api.odcloud.kr/api/15064490/v1/uddi:1e446a30-618f-4e6e-8735-a7e5330f2275,PUB-009_산업규모별_재해자수,2130.0,,,,,,,,,,,,,,,,,,,,
,21.0,19.0,20.0,3.0,49.0,3.0,47.0,54.0,20.0,통신업,운수·창고·통신업,2023,https://api.odcloud.kr/api/15064490/v1/uddi:1e446a30-618f-4e6e-8735-a7e5330f2275,PUB-009_산업규모별_재해자수,1.0,,,,,,,,,,,,,,,,,,,,
,0.0,152.0,30.0,1.0,14.0,0.0,2.0,539.0,262.0,임업,임  업,2023,https://api.odcloud.kr/api/15064490/v1/uddi:1e446a30-618f-4e6e-8735-a7e5330f2275,PUB-009_산업규모별_재해자수,0.0,,,,,,,,,,,,,,,,,,,,
,0.0,1.0,0.0,0.0,0.0,0.0,0.0,23.0,13.0,어업,어  업,2023,https://api.odcloud.kr/api/15064490/v1/uddi:1e446a30-618f-4e6e-8735-a7e5330f2275,PUB-009_산업규모별_재해자수,0.0,,,,,,,,,,,,,,,,,,,,
,7.0,99.0,44.0,0.0,54.0,0.0,21.0,353.0,128.0,농업,농  업,2023,https://api.odcloud.kr/api/15064490/v1/uddi:1e446a30-618f-4e6e-8735-a7e5330f2275,PUB-009_산업규모별_재해자수,0.0,,,,,,,,,,,,,,,,,,,,
,531.0,1958.0,932.0,102.0,1033.0,64.0,839.0,2737.0,2067.0,시설관리및사업지원서비스업,기타의사업,2023,https://api.odcloud.kr/api/15064490/v1/uddi:1e446a30-618f-4e6e-8735-a7e5330f2275,PUB-009_산업규모별_재해자수,21.0,,,,,,,,,,,,,,,,,,,,
,72.0,258.0,123.0,10.0,100.0,17.0,120.0,813.0,312.0,기타의각종사업,기타의사업,2023,https://api.odcloud.kr/api/15064490/v1/uddi:1e446a30-618f-4e6e-8735-a7e5330f2275,PUB-009_산업규모별_재해자수,41.0,,,,,,,,,,,,,,,,,,,,
,0.0,3.0,3.0,0.0,4.0,1.0,5.0,3.0,0.0,해외파견자,기타의사업,2023,https://api.odcloud.kr/api/15064490/v1/uddi:1e446a30-618f-4e6e-8735-a7e5330f2275,PUB-009_산업규모별_재해자수,1.0,,,,,,,,,,,,,,,,,,,,
,1973.0,1558.0,1055.0,397.0,1557.0,241.0,1800.0,1710.0,1086.0,전문·보건·교육·여가관련서비스업,기타의사업,2023,https://api.odcloud.kr/api/15064490/v1/uddi:1e446a30-618f-4e6e-8735-a7e5330f2275,PUB-009_산업규모별_재해자수,289.0,,,,,,,,,,,,,,,,,,,,
,1156.0,3098.0,1325.0,367.0,1115.0,237.0,751.0,9079.0,3777.0,도소매·음식·숙박업,기타의사업,2023,https://api.odcloud.kr/api/15064490/v1/uddi:1e446a30-618f-4e6e-8735-a7e5330f2275,PUB-009_산업규모별_재해자수,159.0,,,,,,,,,,,,,,,,,,,,
,9.0,30.0,11.0,3.0,8.0,5.0,8.0,181.0,36.0,부동산업및임대업,기타의사업,2023,https://api.odcloud.kr/api/15064490/v1/uddi:1e446a30-618f-4e6e-8735-a7e5330f2275,PUB-009_산업규모별_재해자수,4.0,,,,,,,,,,,,,,,,,,,,
,653.0,689.0,891.0,281.0,1067.0,461.0,563.0,553.0,346.0,국가및지방자치단체의사업,기타의사업,2023,https://api.odcloud.kr/api/15064490/v1/uddi:1e446a30-618f-4e6e-8735-a7e5330f2275,PUB-009_산업규모별_재해자수,330.0,,,,,,,,,,,,,,,,,,,,
,17.0,2.0,0.0,5.0,1.0,1.0,1.0,0.0,0.0,주한미군,기타의사업,2023,https://api.odcloud.kr/api/15064490/v1/uddi:1e446a30-618f-4e6e-8735-a7e5330f2275,PUB-009_산업규모별_재해자수,13.0,,,,,,,,,,,,,,,,,,,,
,,,,,,,,,,금융및보험업,금융및보험업,2024,https://api.odcloud.kr/api/15064490/v1/uddi:895c950e-dd0e-4968-ab1a-ee6183f59b0b,PUB-009_산업규모별_재해자수,,120.0,35.0,99.0,49.0,13.0,84.0,18.0,77.0,53.0,42.0,,,,,,,,,,
,,,,,,,,,,석탄광업및채석업,광  업,2024,https://api.odcloud.kr/api/15064490/v1/uddi:895c950e-dd0e-4968-ab1a-ee6183f59b0b,PUB-009_산업규모별_재해자수,,71.0,458.0,36.0,58.0,836.0,140.0,681.0,123.0,53.0,29.0,,,,,,,,,,
,,,,,,,,,,석회석·금속·비금속광업및기타광업,광  업,2024,https://api.odcloud.kr/api/15064490/v1/uddi:895c950e-dd0e-4968-ab1a-ee6183f59b0b,PUB-009_산업규모별_재해자수,,0.0,41.0,86.0,66.0,0.0,52.0,0.0,32.0,93.0,54.0,,,,,,,,,,
,,,,,,,,,,식료품제조업,제조업,2024,https://api.odcloud.kr/api/15064490/v1/uddi:895c950e-dd0e-4968-ab1a-ee6183f59b0b,PUB-009_산업규모별_재해자수,,30.0,483.0,634.0,333.0,116.0,451.0,64.0,454.0,472.0,444.0,,,,,,,,,,
,,,,,,,,,,섬유및섬유제품제조업,제조업,2024,https://api.odcloud.kr/api/15064490/v1/uddi:895c950e-dd0e-4968-ab1a-ee6183f59b0b,PUB-009_산업규모별_재해자수,,14.0,84.0,194.0,97.0,17.0,139.0,7.0,113.0,305.0,153.0,,,,,,,,,,
,,,,,,,,,,목재및종이제품제조업,제조업,2024,https://api.odcloud.kr/api/15064490/v1/uddi:895c950e-dd0e-4968-ab1a-ee6183f59b0b,PUB-009_산업규모별_재해자수,,0.0,117.0,308.0,131.0,27.0,100.0,9.0,73.0,484.0,306.0,,,,,,,,,,
,,,,,,,,,,출판·인쇄·제본업,제조업,2024,https://api.odcloud.kr/api/15064490/v1/uddi:895c950e-dd0e-4968-ab1a-ee6183f59b0b,PUB-009_산업규모별_재해자수,,4.0,30.0,67.0,56.0,6.0,43.0,0.0,35.0,115.0,72.0,,,,,,,,,,
,,,,,,,,,,화학및고무제품제조업,제조업,2024,https://api.odcloud.kr/api/15064490/v1/uddi:895c950e-dd0e-4968-ab1a-ee6183f59b0b,PUB-009_산업규모별_재해자수,,590.0,377.0,468.0,267.0,62.0,327.0,55.0,297.0,468.0,367.0,,,,,,,,,,
,,,,,,,,,,의약품·화장품·연탄·석유제품제조업,제조업,2024,https://api.odcloud.kr/api/15064490/v1/uddi:895c950e-dd0e-4968-ab1a-ee6183f59b0b,PUB-009_산업규모별_재해자수,,19.0,110.0,42.0,28.0,34.0,34.0,23.0,76.0,36.0,24.0,,,,,,,,,,
,,,,,,,,,,기계기구·금속·비금속광물제품제조업,제조업,2024,https://api.odcloud.kr/api/15064490/v1/uddi:895c950e-dd0e-4968-ab1a-ee6183f59b0b,PUB-009_산업규모별_재해자수,,1606.0,1239.0,2438.0,1352.0,462.0,1288.0,375.0,1033.0,3563.0,2256.0,,,,,,,,,,
,,,,,,,,,,금속제련업,제조업,2024,https://api.odcloud.kr/api/15064490/v1/uddi:895c950e-dd0e-4968-ab1a-ee6183f59b0b,PUB-009_산업규모별_재해자수,,140.0,58.0,11.0,8.0,12.0,25.0,31.0,28.0,6.0,1.0,,,,,,,,,,
,,,,,,,,,,전기기계기구·정밀기구·전자제품제조업,제조업,2024,https://api.odcloud.kr/api/15064490/v1/uddi:895c950e-dd0e-4968-ab1a-ee6183f59b0b,PUB-009_산업규모별_재해자수,,198.0,320.0,204.0,125.0,170.0,166.0,97.0,233.0,285.0,159.0,,,,,,,,,,
,,,,,,,,,,선박건조및수리업,제조업,2024,https://api.odcloud.kr/api/15064490/v1/uddi:895c950e-dd0e-4968-ab1a-ee6183f59b0b,PUB-009_산업규모별_재해자수,,1361.0,366.0,253.0,142.0,8.0,159.0,94.0,405.0,505.0,243.0,,,,,,,,,,
,,,,,,,,,,수제품및기타제품제조업,제조업,2024,https://api.odcloud.kr/api/15064490/v1/uddi:895c950e-dd0e-4968-ab1a-ee6183f59b0b,PUB-009_산업규모별_재해자수,,0.0,56.0,220.0,120.0,1.0,119.0,0.0,76.0,300.0,159.0,,,,,,,,,,
,,,,,,,,,,전기·가스·증기·수도사업,전기·가스·증기·수도사업,2024,https://api.odcloud.kr/api/15064490/v1/uddi:895c950e-dd0e-4968-ab1a-ee6183f59b0b,PUB-009_산업규모별_재해자수,,8.0,25.0,15.0,14.0,10.0,9.0,3.0,22.0,4.0,7.0,,,,,,,,,,
,,,,,,,,,,건설업,건설업,2024,https://api.odcloud.kr/api/15064490/v1/uddi:895c950e-dd0e-4968-ab1a-ee6183f59b0b,PUB-009_산업규모별_재해자수,,565.0,4864.0,4669.0,2554.0,1897.0,2109.0,1217.0,2463.0,10460.0,3572.0,,,,,,,,,,
,,,,,,,,,,철도·항공·창고·운수관련서비스업,운수·창고·통신업,2024,https://api.odcloud.kr/api/15064490/v1/uddi:895c950e-dd0e-4968-ab1a-ee6183f59b0b,PUB-009_산업규모별_재해자수,,812.0,432.0,248.0,186.0,178.0,244.0,270.0,349.0,1127.0,204.0,,,,,,,,,,
,,,,,,,,,,육상및수상운수업,운수·창고·통신업,2024,https://api.odcloud.kr/api/15064490/v1/uddi:895c950e-dd0e-4968-ab1a-ee6183f59b0b,PUB-009_산업규모별_재해자수,,3096.0,755.0,560.0,316.0,173.0,391.0,138.0,597.0,6211.0,415.0,,,,,,,,,,
,,,,,,,,,,통신업,운수·창고·통신업,2024,https://api.odcloud.kr/api/15064490/v1/uddi:895c950e-dd0e-4968-ab1a-ee6183f59b0b,PUB-009_산업규모별_재해자수,,0.0,18.0,28.0,26.0,5.0,48.0,2.0,53.0,51.0,28.0,,,,,,,,,,
,,,,,,,,,,임업,임  업,2024,https://api.odcloud.kr/api/15064490/v1/uddi:895c950e-dd0e-4968-ab1a-ee6183f59b0b,PUB-009_산업규모별_재해자수,,0.0,3.0,128.0,42.0,1.0,14.0,0.0,3.0,509.0,228.0,,,,,,,,,,
,,,,,,,,,,어업,어  업,2024,https://api.odcloud.kr/api/15064490/v1/uddi:895c950e-dd0e-4968-ab1a-ee6183f59b0b,PUB-009_산업규모별_재해자수,,0.0,0.0,7.0,1.0,0.0,0.0,0.0,0.0,40.0,12.0,,,,,,,,,,
,,,,,,,,,,농업,농  업,2024,https://api.odcloud.kr/api/15064490/v1/uddi:895c950e-dd0e-4968-ab1a-ee6183f59b0b,PUB-009_산업규모별_재해자수,,0.0,9.0,111.0,52.0,0.0,47.0,0.0,24.0,359.0,139.0,,,,,,,,,,
,,,,,,,,,,시설관리및사업지원서비스업,기타의사업,2024,https://api.odcloud.kr/api/15064490/v1/uddi:895c950e-dd0e-4968-ab1a-ee6183f59b0b,PUB-009_산업규모별_재해자수,,44.0,556.0,1980.0,1026.0,107.0,1035.0,118.0,865.0,2909.0,2157.0,,,,,,,,,,
,,,,,,,,,,기타의각종사업,기타의사업,2024,https://api.odcloud.kr/api/15064490/v1/uddi:895c950e-dd0e-4968-ab1a-ee6183f59b0b,PUB-009_산업규모별_재해자수,,50.0,101.0,229.0,111.0,24.0,107.0,11.0,96.0,932.0,305.0,,,,,,,,,,
,,,,,,,,,,해외파견자,기타의사업,2024,https://api.odcloud.kr/api/15064490/v1/uddi:895c950e-dd0e-4968-ab1a-ee6183f59b0b,PUB-009_산업규모별_재해자수,,3.0,2.0,6.0,4.0,2.0,5.0,6.0,8.0,7.0,2.0,,,,,,,,,,
,,,,,,,,,,전문·보건·교육·여가관련서비스업,기타의사업,2024,https://api.odcloud.kr/api/15064490/v1/uddi:895c950e-dd0e-4968-ab1a-ee6183f59b0b,PUB-009_산업규모별_재해자수,,292.0,1880.0,1550.0,1141.0,443.0,1705.0,252.0,2419.0,1852.0,1068.0,,,,,,,,,,
,,,,,,,,,,도소매·음식·숙박업,기타의사업,2024,https://api.odcloud.kr/api/15064490/v1/uddi:895c950e-dd0e-4968-ab1a-ee6183f59b0b,PUB-009_산업규모별_재해자수,,216.0,998.0,3308.0,1395.0,455.0,1169.0,268.0,768.0,9042.0,3871.0,,,,,,,,,,
,,,,,,,,,,부동산업및임대업,기타의사업,2024,https://api.odcloud.kr/api/15064490/v1/uddi:895c950e-dd0e-4968-ab1a-ee6183f59b0b,PUB-009_산업규모별_재해자수,,5.0,18.0,28.0,11.0,7.0,10.0,10.0,10.0,166.0,38.0,,,,,,,,,,
,,,,,,,,,,국가및지방자치단체의사업,기타의사업,2024,https://api.odcloud.kr/api/15064490/v1/uddi:895c950e-dd0e-4968-ab1a-ee6183f59b0b,PUB-009_산업규모별_재해자수,,220.0,671.0,768.0,1009.0,308.0,1086.0,507.0,624.0,520.0,375.0,,,,,,,,,,
,,,,,,,,,,주한미군,기타의사업,2024,https://api.odcloud.kr/api/15064490/v1/uddi:895c950e-dd0e-4968-ab1a-ee6183f59b0b,PUB-009_산업규모별_재해자수,,18.0,10.0,0.0,0.0,2.0,2.0,3.0,2.0,0.0,0.0,,,,,,,,,,
,,,,,,,,,,금융및보험업,금융및보험업,2025,https://api.odcloud.kr/api/15064490/v1/uddi:5b822baf-2a25-4642-8bc9-d14a2aa458c9,PUB-009_산업규모별_재해자수,,,,,,,,,,,,100.0,54.0,90.0,59.0,19.0,96.0,19.0,88.0,60.0,78.0
,,,,,,,,,,석탄광업및채석업,광  업,2025,https://api.odcloud.kr/api/15064490/v1/uddi:5b822baf-2a25-4642-8bc9-d14a2aa458c9,PUB-009_산업규모별_재해자수,,,,,,,,,,,,49.0,1115.0,33.0,39.0,94.0,90.0,493.0,133.0,19.0,37.0
,,,,,,,,,,석회석·금속·비금속광업및기타광업,광  업,2025,https://api.odcloud.kr/api/15064490/v1/uddi:5b822baf-2a25-4642-8bc9-d14a2aa458c9,PUB-009_산업규모별_재해자수,,,,,,,,,,,,0.0,26.0,61.0,56.0,4.0,47.0,0.0,25.0,41.0,82.0
,,,,,,,,,,식료품제조업,제조업,2025,https://api.odcloud.kr/api/15064490/v1/uddi:5b822baf-2a25-4642-8bc9-d14a2aa458c9,PUB-009_산업규모별_재해자수,,,,,,,,,,,,38.0,488.0,660.0,342.0,131.0,447.0,67.0,467.0,447.0,482.0
,,,,,,,,,,섬유및섬유제품제조업,제조업,2025,https://api.odcloud.kr/api/15064490/v1/uddi:5b822baf-2a25-4642-8bc9-d14a2aa458c9,PUB-009_산업규모별_재해자수,,,,,,,,,,,,7.0,88.0,196.0,120.0,16.0,138.0,15.0,125.0,178.0,306.0
,,,,,,,,,,목재및종이제품제조업,제조업,2025,https://api.odcloud.kr/api/15064490/v1/uddi:5b822baf-2a25-4642-8bc9-d14a2aa458c9,PUB-009_산업규모별_재해자수,,,,,,,,,,,,0.0,128.0,293.0,129.0,26.0,107.0,3.0,86.0,285.0,454.0
,,,,,,,,,,출판·인쇄·제본업,제조업,2025,https://api.odcloud.kr/api/15064490/v1/uddi:5b822baf-2a25-4642-8bc9-d14a2aa458c9,PUB-009_산업규모별_재해자수,,,,,,,,,,,,0.0,23.0,85.0,52.0,7.0,34.0,1.0,50.0,68.0,95.0
,,,,,,,,,,화학및고무제품제조업,제조업,2025,https://api.odcloud.kr/api/15064490/v1/uddi:5b822baf-2a25-4642-8bc9-d14a2aa458c9,PUB-009_산업규모별_재해자수,,,,,,,,,,,,565.0,359.0,447.0,284.0,76.0,272.0,46.0,283.0,389.0,462.0
,,,,,,,,,,의약품·화장품·연탄·석유제품제조업,제조업,2025,https://api.odcloud.kr/api/15064490/v1/uddi:5b822baf-2a25-4642-8bc9-d14a2aa458c9,PUB-009_산업규모별_재해자수,,,,,,,,,,,,26.0,123.0,46.0,32.0,27.0,29.0,29.0,71.0,30.0,36.0
,,,,,,,,,,기계기구·금속·비금속광물제품제조업,제조업,2025,https://api.odcloud.kr/api/15064490/v1/uddi:5b822baf-2a25-4642-8bc9-d14a2aa458c9,PUB-009_산업규모별_재해자수,,,,,,,,,,,,1555.0,1253.0,2358.0,1345.0,509.0,1276.0,357.0,1065.0,2162.0,3672.0
,,,,,,,,,,금속제련업,제조업,2025,https://api.odcloud.kr/api/15064490/v1/uddi:5b822baf-2a25-4642-8bc9-d14a2aa458c9,PUB-009_산업규모별_재해자수,,,,,,,,,,,,137.0,67.0,15.0,9.0,8.0,28.0,28.0,27.0,2.0,0.0
,,,,,,,,,,전기기계기구·정밀기구·전자제품제조업,제조업,2025,https://api.odcloud.kr/api/15064490/v1/uddi:5b822baf-2a25-4642-8bc9-d14a2aa458c9,PUB-009_산업규모별_재해자수,,,,,,,,,,,,233.0,313.0,221.0,130.0,176.0,144.0,101.0,227.0,180.0,260.0
,,,,,,,,,,선박건조및수리업,제조업,2025,https://api.odcloud.kr/api/15064490/v1/uddi:5b822baf-2a25-4642-8bc9-d14a2aa458c9,PUB-009_산업규모별_재해자수,,,,,,,,,,,,1386.0,417.0,240.0,153.0,18.0,156.0,63.0,400.0,244.0,435.0
,,,,,,,,,,수제품및기타제품제조업,제조업,2025,https://api.odcloud.kr/api/15064490/v1/uddi:5b822baf-2a25-4642-8bc9-d14a2aa458c9,PUB-009_산업규모별_재해자수,,,,,,,,,,,,0.0,39.0,212.0,142.0,6.0,132.0,7.0,97.0,198.0,328.0
,,,,,,,,,,전기·가스·증기·수도사업,전기·가스·증기·수도사업,2025,https://api.odcloud.kr/api/15064490/v1/uddi:5b822baf-2a25-4642-8bc9-d14a2aa458c9,PUB-009_산업규모별_재해자수,,,,,,,,,,,,9.0,20.0,8.0,10.0,6.0,18.0,4.0,20.0,9.0,8.0
,,,,,,,,,,건설업,건설업,2025,https://api.odcloud.kr/api/15064490/v1/uddi:5b822baf-2a25-4642-8bc9-d14a2aa458c9,PUB-009_산업규모별_재해자수,,,,,,,,,,,,782.0,4869.0,4964.0,2590.0,2056.0,2226.0,1201.0,2653.0,3842.0,10876.0
,,,,,,,,,,철도·항공·창고·운수관련서비스업,운수·창고·통신업,2025,https://api.odcloud.kr/api/15064490/v1/uddi:5b822baf-2a25-4642-8bc9-d14a2aa458c9,PUB-009_산업규모별_재해자수,,,,,,,,,,,,910.0,474.0,290.0,208.0,234.0,255.0,313.0,305.0,231.0,1224.0
,,,,,,,,,,육상및수상운수업,운수·창고·통신업,2025,https://api.odcloud.kr/api/15064490/v1/uddi:5b822baf-2a25-4642-8bc9-d14a2aa458c9,PUB-009_산업규모별_재해자수,,,,,,,,,,,,3017.0,791.0,481.0,303.0,238.0,363.0,113.0,597.0,373.0,6778.0
,,,,,,,,,,통신업,운수·창고·통신업,2025,https://api.odcloud.kr/api/15064490/v1/uddi:5b822baf-2a25-4642-8bc9-d14a2aa458c9,PUB-009_산업규모별_재해자수,,,,,,,,,,,,0.0,6.0,25.0,33.0,1.0,36.0,5.0,51.0,22.0,32.0
,,,,,,,,,,임업,임  업,2025,https://api.odcloud.kr/api/15064490/v1/uddi:5b822baf-2a25-4642-8bc9-d14a2aa458c9,PUB-009_산업규모별_재해자수,,,,,,,,,,,,0.0,3.0,173.0,45.0,0.0,27.0,0.0,7.0,265.0,482.0
,,,,,,,,,,어업,어  업,2025,https://api.odcloud.kr/api/15064490/v1/uddi:5b822baf-2a25-4642-8bc9-d14a2aa458c9,PUB-009_산업규모별_재해자수,,,,,,,,,,,,0.0,0.0,7.0,0.0,0.0,0.0,0.0,0.0,15.0,20.0
,,,,,,,,,,농업,농  업,2025,https://api.odcloud.kr/api/15064490/v1/uddi:5b822baf-2a25-4642-8bc9-d14a2aa458c9,PUB-009_산업규모별_재해자수,,,,,,,,,,,,0.0,5.0,114.0,62.0,0.0,52.0,0.0,16.0,145.0,365.0
,,,,,,,,,,시설관리및사업지원서비스업,기타의사업,2025,https://api.odcloud.kr/api/15064490/v1/uddi:5b822baf-2a25-4642-8bc9-d14a2aa458c9,PUB-009_산업규모별_재해자수,,,,,,,,,,,,48.0,580.0,2114.0,1011.0,113.0,1155.0,86.0,1037.0,2378.0,2906.0
,,,,,,,,,,기타의각종사업,기타의사업,2025,https://api.odcloud.kr/api/15064490/v1/uddi:5b822baf-2a25-4642-8bc9-d14a2aa458c9,PUB-009_산업규모별_재해자수,,,,,,,,,,,,35.0,89.0,261.0,112.0,27.0,104.0,23.0,93.0,332.0,1018.0
,,,,,,,,,,해외파견자,기타의사업,2025,https://api.odcloud.kr/api/15064490/v1/uddi:5b822baf-2a25-4642-8bc9-d14a2aa458c9,PUB-009_산업규모별_재해자수,,,,,,,,,,,,2.0,4.0,3.0,0.0,0.0,5.0,1.0,8.0,5.0,4.0
,,,,,,,,,,전문·보건·교육·여가관련서비스업,기타의사업,2025,https://api.odcloud.kr/api/15064490/v1/uddi:5b822baf-2a25-4642-8bc9-d14a2aa458c9,PUB-009_산업규모별_재해자수,,,,,,,,,,,,366.0,2044.0,1636.0,1179.0,469.0,1901.0,321.0,2460.0,1101.0,1935.0
,,,,,,,,,,도소매·음식·숙박업,기타의사업,2025,https://api.odcloud.kr/api/15064490/v1/uddi:5b822baf-2a25-4642-8bc9-d14a2aa458c9,PUB-009_산업규모별_재해자수,,,,,,,,,,,,227.0,899.0,3339.0,1441.0,479.0,1275.0,272.0,841.0,4040.0,9061.0
,,,,,,,,,,부동산업및임대업,기타의사업,2025,https://api.odcloud.kr/api/15064490/v1/uddi:5b822baf-2a25-4642-8bc9-d14a2aa458c9,PUB-009_산업규모별_재해자수,,,,,,,,,,,,1.0,5.0,34.0,17.0,6.0,7.0,10.0,11.0,45.0,166.0
,,,,,,,,,,국가및지방자치단체의사업,기타의사업,2025,https://api.odcloud.kr/api/15064490/v1/uddi:5b822baf-2a25-4642-8bc9-d14a2aa458c9,PUB-009_산업규모별_재해자수,,,,,,,,,,,,172.0,608.0,851.0,1082.0,291.0,1196.0,576.0,581.0,404.0,551.0
,,,,,,,,,,주한미군,기타의사업,2025,https://api.odcloud.kr/api/15064490/v1/uddi:5b822baf-2a25-4642-8bc9-d14a2aa458c9,PUB-009_산업규모별_재해자수,,,,,,,,,,,,15.0,14.0,2.0,0.0,2.0,2.0,1.0,2.0,1.0,0.0
