2004년 재해자수,2005년 재해자수,2006년 재해자수,2007년 재해자수,2008년 재해자수,2009년 재해자수,2010년 재해자수,2011년 재해자수,2012년 재해자수,2013년 재해자수,2014년 재해자수,2015년 재해자수,2016년 재해자수,2017년 재해자수,2018년 재해자수,2019년 재해자수,2020년 재해자수,구분,source_period,source_endpoint,source_dataset,2004,2005,2006,2007,2008,2009,2010,2011,2012,2013,2014,2015,2016,2017,2018,2019,2020,2021,2021년 재해자수,2022년 재해자수,2023년 재해자수,2024년 재해자수,2025년 재해자수
1695.0,1617.0,1679.0,2686.0,2773.0,2643.0,2566.0,2483.0,2529.0,2594.0,2379.0,2350.0,2406.0,2268.0,2607.0,2786.0,2553.0,서 울 청,2020,https://api.odcloud.kr/api/15064475/v1/uddi:45b708b3-a352-4c5c-bed7-db74df07129d,PUB-008_노동지청별_재해자수,,,,,,,,,,,,,,,,,,,,,,,
3535.0,3199.0,2972.0,1652.0,1605.0,1618.0,1546.0,1432.0,1363.0,1372.0,1448.0,1337.0,1320.0,1263.0,1459.0,1570.0,1561.0,서울강남,2020,https://api.odcloud.kr/api/15064475/v1/uddi:45b708b3-a352-4c5c-bed7-db74df07129d,PUB-008_노동지청별_재해자수,,,,,,,,,,,,,,,,,,,,,,,
2112.0,1909.0,1904.0,1872.0,2213.0,2047.0,2193.0,1834.0,1827.0,1850.0,1970.0,1962.0,2032.0,2023.0,2394.0,2587.0,2495.0,서울동부,2020,https://api.odcloud.kr/api/15064475/v1/uddi:45b708b3-a352-4c5c-bed7-db74df07129d,PUB-008_노동지청별_재해자수,,,,,,,,,,,,,,,,,,,,,,,
1584.0,1649.0,1623.0,1566.0,1650.0,1600.0,1639.0,1502.0,1460.0,1488.0,1577.0,1594.0,1504.0,1587.0,1803.0,1988.0,1848.0,서울서부,2020,https://api.odcloud.kr/api/15064475/v1/uddi:45b708b3-a352-4c5c-bed7-db74df07129d,PUB-008_노동지청별_재해자수,,,,,,,,,,,,,,,,,,,,,,,
2172.0,2014.0,2058.0,2014.0,2112.0,2101.0,2035.0,1865.0,1758.0,1896.0,1764.0,1672.0,1796.0,1834.0,2182.0,2360.0,2129.0,서울남부,2020,https://api.odcloud.kr/api/15064475/v1/uddi:45b708b3-a352-4c5c-bed7-db74df07129d,PUB-008_노동지청별_재해자수,,,,,,,,,,,,,,,,,,,,,,,
1522.0,1515.0,1481.0,1359.0,1595.0,1660.0,1643.0,1500.0,1459.0,1532.0,1531.0,1569.0,1565.0,1592.0,1857.0,1856.0,1734.0,서울북부,2020,https://api.odcloud.kr/api/15064475/v1/uddi:45b708b3-a352-4c5c-bed7-db74df07129d,PUB-008_노동지청별_재해자수,,,,,,,,,,,,,,,,,,,,,,,
1851.0,1948.0,1943.0,1928.0,1997.0,1713.0,1995.0,1825.0,1817.0,1766.0,1777.0,1745.0,1691.0,1728.0,2053.0,1875.0,2036.0,서울관악,2020,https://api.odcloud.kr/api/15064475/v1/uddi:45b708b3-a352-4c5c-bed7-db74df07129d,PUB-008_노동지청별_재해자수,,,,,,,,,,,,,,,,,,,,,,,
4128.0,4224.0,2625.0,2802.0,3127.0,3486.0,3651.0,3318.0,3274.0,3230.0,3338.0,3230.0,3387.0,3275.0,3923.0,4142.0,4119.0,의 정 부,2020,https://api.odcloud.kr/api/15064475/v1/uddi:45b708b3-a352-4c5c-bed7-db74df07129d,PUB-008_노동지청별_재해자수,,,,,,,,,,,,,,,,,,,,,,,
740.0,768.0,885.0,993.0,1009.0,1224.0,1138.0,1060.0,1053.0,1092.0,1039.0,1002.0,999.0,975.0,1254.0,1258.0,1116.0,강    원,2020,https://api.odcloud.kr/api/15064475/v1/uddi:45b708b3-a352-4c5c-bed7-db74df07129d,PUB-008_노동지청별_재해자수,,,,,,,,,,,,,,,,,,,,,,,
954.0,879.0,863.0,813.0,685.0,693.0,639.0,615.0,529.0,572.0,869.0,939.0,924.0,1003.0,1365.0,1474.0,1731.0,태    백,2020,https://api.odcloud.kr/api/15064475/v1/uddi:45b708b3-a352-4c5c-bed7-db74df07129d,PUB-008_노동지청별_재해자수,,,,,,,,,,,,,,,,,,,,,,,
929.0,732.0,755.0,778.0,864.0,878.0,812.0,819.0,802.0,772.0,869.0,773.0,918.0,980.0,1074.0,1249.0,1290.0,강    릉,2020,https://api.odcloud.kr/api/15064475/v1/uddi:45b708b3-a352-4c5c-bed7-db74df07129d,PUB-008_노동지청별_재해자수,,,,,,,,,,,,,,,,,,,,,,,
551.0,616.0,641.0,706.0,715.0,767.0,760.0,788.0,676.0,723.0,769.0,738.0,747.0,692.0,807.0,913.0,812.0,원    주,2020,https://api.odcloud.kr/api/15064475/v1/uddi:45b708b3-a352-4c5c-bed7-db74df07129d,PUB-008_노동지청별_재해자수,,,,,,,,,,,,,,,,,,,,,,,
841.0,830.0,790.0,814.0,696.0,662.0,648.0,601.0,588.0,574.0,613.0,597.0,649.0,793.0,824.0,845.0,872.0,영    월,2020,https://api.odcloud.kr/api/15064475/v1/uddi:45b708b3-a352-4c5c-bed7-db74df07129d,PUB-008_노동지청별_재해자수,,,,,,,,,,,,,,,,,,,,,,,
3076.0,2697.0,2812.0,2751.0,2757.0,2876.0,2733.0,2349.0,2465.0,2255.0,2196.0,2200.0,2341.0,2170.0,2533.0,2588.0,2548.0,부 산 청,2020,https://api.odcloud.kr/api/15064475/v1/uddi:45b708b3-a352-4c5c-bed7-db74df07129d,PUB-008_노동지청별_재해자수,,,,,,,,,,,,,,,,,,,,,,,
1339.0,1208.0,1212.0,1239.0,1331.0,1584.0,1463.0,1423.0,1422.0,1447.0,1443.0,1461.0,1494.0,1470.0,1605.0,1722.0,1631.0,부산동부,2020,https://api.odcloud.kr/api/15064475/v1/uddi:45b708b3-a352-4c5c-bed7-db74df07129d,PUB-008_노동지청별_재해자수,,,,,,,,,,,,,,,,,,,,,,,
2112.0,2091.0,2248.0,2173.0,2379.0,2279.0,2213.0,2100.0,2147.0,1903.0,1949.0,1882.0,1778.0,1749.0,1950.0,2080.0,1929.0,부산북부,2020,https://api.odcloud.kr/api/15064475/v1/uddi:45b708b3-a352-4c5c-bed7-db74df07129d,PUB-008_노동지청별_재해자수,,,,,,,,,,,,,,,,,,,,,,,
3283.0,3193.0,3119.0,3035.0,3022.0,2696.0,3000.0,2918.0,2880.0,2725.0,2528.0,2522.0,2509.0,2363.0,2517.0,2737.0,2774.0,창    원,2020,https://api.odcloud.kr/api/15064475/v1/uddi:45b708b3-a352-4c5c-bed7-db74df07129d,PUB-008_노동지청별_재해자수,,,,,,,,,,,,,,,,,,,,,,,
3925.0,3475.0,3258.0,3367.0,3313.0,3201.0,2895.0,2929.0,2891.0,2870.0,2877.0,2782.0,2638.0,2768.0,3100.0,3468.0,3319.0,울    산,2020,https://api.odcloud.kr/api/15064475/v1/uddi:45b708b3-a352-4c5c-bed7-db74df07129d,PUB-008_노동지청별_재해자수,,,,,,,,,,,,,,,,,,,,,,,
2547.0,2435.0,2671.0,2734.0,2806.0,2851.0,2811.0,2902.0,2801.0,2426.0,2498.0,2418.0,2626.0,2398.0,2726.0,2866.0,2754.0,양    산,2020,https://api.odcloud.kr/api/15064475/v1/uddi:45b708b3-a352-4c5c-bed7-db74df07129d,PUB-008_노동지청별_재해자수,,,,,,,,,,,,,,,,,,,,,,,
978.0,897.0,1021.0,1184.0,1255.0,1550.0,1427.0,1425.0,1295.0,1254.0,1217.0,1241.0,1187.0,1150.0,1360.0,1460.0,1442.0,진    주,2020,https://api.odcloud.kr/api/15064475/v1/uddi:45b708b3-a352-4c5c-bed7-db74df07129d,PUB-008_노동지청별_재해자수,,,,,,,,,,,,,,,,,,,,,,,
1400.0,1307.0,1343.0,1282.0,1495.0,1536.0,1424.0,1233.0,1154.0,1191.0,1333.0,1371.0,1266.0,1488.0,1376.0,1566.0,1783.0,통    영,2020,https://api.odcloud.kr/api/15064475/v1/uddi:45b708b3-a352-4c5c-bed7-db74df07129d,PUB-008_노동지청별_재해자수,,,,,,,,,,,,,,,,,,,,,,,
2248.0,1882.0,2069.0,2413.0,2565.0,2634.0,2719.0,2608.0,2447.0,2462.0,2460.0,2534.0,2635.0,2601.0,2834.0,3020.0,2856.0,대 구 청,2020,https://api.odcloud.kr/api/15064475/v1/uddi:45b708b3-a352-4c5c-bed7-db74df07129d,PUB-008_노동지청별_재해자수,,,,,,,,,,,,,,,,,,,,,,,
2884.0,2818.0,2788.0,2677.0,2690.0,2734.0,2800.0,2777.0,2613.0,2580.0,2607.0,2591.0,2634.0,2495.0,2775.0,2853.0,2833.0,대구서부,2020,https://api.odcloud.kr/api/15064475/v1/uddi:45b708b3-a352-4c5c-bed7-db74df07129d,PUB-008_노동지청별_재해자수,,,,,,,,,,,,,,,,,,,,,,,
1734.0,1741.0,1923.0,1908.0,1855.0,1955.0,1934.0,1832.0,1834.0,1759.0,1793.0,1693.0,1723.0,1649.0,1900.0,1950.0,1923.0,포    항,2020,https://api.odcloud.kr/api/15064475/v1/uddi:45b708b3-a352-4c5c-bed7-db74df07129d,PUB-008_노동지청별_재해자수,,,,,,,,,,,,,,,,,,,,,,,
887.0,790.0,880.0,812.0,810.0,855.0,833.0,841.0,796.0,795.0,827.0,800.0,777.0,737.0,822.0,848.0,864.0,구    미,2020,https://api.odcloud.kr/api/15064475/v1/uddi:45b708b3-a352-4c5c-bed7-db74df07129d,PUB-008_노동지청별_재해자수,,,,,,,,,,,,,,,,,,,,,,,
681.0,799.0,699.0,646.0,741.0,774.0,778.0,749.0,708.0,710.0,653.0,671.0,675.0,738.0,832.0,915.0,930.0,영    주,2020,https://api.odcloud.kr/api/15064475/v1/uddi:45b708b3-a352-4c5c-bed7-db74df07129d,PUB-008_노동지청별_재해자수,,,,,,,,,,,,,,,,,,,,,,,
418.0,358.0,402.0,410.0,428.0,604.0,566.0,566.0,568.0,543.0,488.0,563.0,547.0,476.0,534.0,583.0,574.0,안    동,2020,https://api.odcloud.kr/api/15064475/v1/uddi:45b708b3-a352-4c5c-bed7-db74df07129d,PUB-008_노동지청별_재해자수,,,,,,,,,,,,,,,,,,,,,,,
3038.0,2814.0,2902.0,3095.0,3067.0,3159.0,3227.0,2944.0,2887.0,2848.0,2773.0,2744.0,2771.0,2865.0,3289.0,3180.0,3216.0,중 부 청,2020,https://api.odcloud.kr/api/15064475/v1/uddi:45b708b3-a352-4c5c-bed7-db74df07129d,PUB-008_노동지청별_재해자수,,,,,,,,,,,,,,,,,,,,,,,
2722.0,2698.0,2615.0,2520.0,2790.0,2761.0,2803.0,2657.0,2556.0,2521.0,2454.0,2514.0,2464.0,2340.0,2644.0,2866.0,2799.0,인천북부,2020,https://api.odcloud.kr/api/15064475/v1/uddi:45b708b3-a352-4c5c-bed7-db74df07129d,PUB-008_노동지청별_재해자수,,,,,,,,,,,,,,,,,,,,,,,
5872.0,4235.0,4645.0,5172.0,5509.0,5055.0,5455.0,5028.0,4950.0,5169.0,5289.0,5023.0,5072.0,5009.0,5735.0,6135.0,6097.0,경    기,2020,https://api.odcloud.kr/api/15064475/v1/uddi:45b708b3-a352-4c5c-bed7-db74df07129d,PUB-008_노동지청별_재해자수,,,,,,,,,,,,,,,,,,,,,,,
2045.0,1936.0,2151.0,2187.0,2364.0,2232.0,2427.0,2250.0,2362.0,2355.0,2197.0,2341.0,2350.0,2245.0,2522.0,2710.0,2626.0,부    천,2020,https://api.odcloud.kr/api/15064475/v1/uddi:45b708b3-a352-4c5c-bed7-db74df07129d,PUB-008_노동지청별_재해자수,,,,,,,,,,,,,,,,,,,,,,,
1974.0,1719.0,1879.0,1741.0,1808.0,1921.0,1967.0,1746.0,1655.0,1711.0,1732.0,1698.0,1655.0,1715.0,1894.0,2126.0,2077.0,안    양,2020,https://api.odcloud.kr/api/15064475/v1/uddi:45b708b3-a352-4c5c-bed7-db74df07129d,PUB-008_노동지청별_재해자수,,,,,,,,,,,,,,,,,,,,,,,
3284.0,3123.0,3540.0,3508.0,3635.0,3393.0,3697.0,3508.0,3360.0,3333.0,3169.0,2949.0,2917.0,2976.0,3249.0,3446.0,3434.0,안    산,2020,https://api.odcloud.kr/api/15064475/v1/uddi:45b708b3-a352-4c5c-bed7-db74df07129d,PUB-008_노동지청별_재해자수,,,,,,,,,,,,,,,,,,,,,,,
2492.0,2405.0,2579.0,2847.0,3136.0,3355.0,3489.0,3239.0,3274.0,3542.0,3393.0,3591.0,3708.0,3457.0,4101.0,4056.0,4275.0,성    남,2020,https://api.odcloud.kr/api/15064475/v1/uddi:45b708b3-a352-4c5c-bed7-db74df07129d,PUB-008_노동지청별_재해자수,,,,,,,,,,,,,,,,,,,,,,,
0.0,1650.0,1852.0,1945.0,2034.0,1910.0,2010.0,1984.0,1714.0,1794.0,1818.0,1823.0,1841.0,1965.0,2119.0,2374.0,2462.0,평    택,2020,https://api.odcloud.kr/api/15064475/v1/uddi:45b708b3-a352-4c5c-bed7-db74df07129d,PUB-008_노동지청별_재해자수,,,,,,,,,,,,,,,,,,,,,,,
0.0,0.0,1940.0,1889.0,2017.0,2239.0,2539.0,2231.0,2321.0,2246.0,2103.0,2245.0,2277.0,2322.0,2649.0,2774.0,2545.0,고    양,2020,https://api.odcloud.kr/api/15064475/v1/uddi:45b708b3-a352-4c5c-bed7-db74df07129d,PUB-008_노동지청별_재해자수,,,,,,,,,,,,,,,,,,,,,,,
3193.0,2941.0,2998.0,3155.0,3341.0,3308.0,3445.0,3288.0,3632.0,3450.0,3355.0,3279.0,3028.0,3214.0,3750.0,4085.0,4184.0,광 주 청,2020,https://api.odcloud.kr/api/15064475/v1/uddi:45b708b3-a352-4c5c-bed7-db74df07129d,PUB-008_노동지청별_재해자수,,,,,,,,,,,,,,,,,,,,,,,
1756.0,1630.0,1780.0,1690.0,1835.0,2313.0,2262.0,2267.0,2125.0,2220.0,2135.0,2056.0,1822.0,1853.0,2188.0,2219.0,2216.0,전    주,2020,https://api.odcloud.kr/api/15064475/v1/uddi:45b708b3-a352-4c5c-bed7-db74df07129d,PUB-008_노동지청별_재해자수,,,,,,,,,,,,,,,,,,,,,,,
881.0,784.0,895.0,717.0,857.0,928.0,871.0,899.0,901.0,808.0,682.0,615.0,688.0,728.0,855.0,928.0,895.0,익    산,2020,https://api.odcloud.kr/api/15064475/v1/uddi:45b708b3-a352-4c5c-bed7-db74df07129d,PUB-008_노동지청별_재해자수,,,,,,,,,,,,,,,,,,,,,,,
761.0,861.0,919.0,849.0,938.0,876.0,927.0,901.0,961.0,855.0,892.0,872.0,791.0,759.0,817.0,874.0,887.0,군    산,2020,https://api.odcloud.kr/api/15064475/v1/uddi:45b708b3-a352-4c5c-bed7-db74df07129d,PUB-008_노동지청별_재해자수,,,,,,,,,,,,,,,,,,,,,,,
990.0,1057.0,1235.0,1254.0,1616.0,1880.0,1564.0,1386.0,1356.0,1313.0,1160.0,1215.0,1247.0,1102.0,1241.0,1588.0,1646.0,목    포,2020,https://api.odcloud.kr/api/15064475/v1/uddi:45b708b3-a352-4c5c-bed7-db74df07129d,PUB-008_노동지청별_재해자수,,,,,,,,,,,,,,,,,,,,,,,
1091.0,1141.0,1244.0,1260.0,1324.0,1464.0,1420.0,1358.0,1381.0,1336.0,1226.0,1290.0,1311.0,1300.0,1497.0,1667.0,1893.0,여    수,2020,https://api.odcloud.kr/api/15064475/v1/uddi:45b708b3-a352-4c5c-bed7-db74df07129d,PUB-008_노동지청별_재해자수,,,,,,,,,,,,,,,,,,,,,,,
663.0,655.0,819.0,764.0,851.0,890.0,895.0,918.0,1120.0,1082.0,1200.0,1160.0,1207.0,1297.0,1315.0,1360.0,1207.0,제    주,2020,https://api.odcloud.kr/api/15064475/v1/uddi:45b708b3-a352-4c5c-bed7-db74df07129d,PUB-008_노동지청별_재해자수,,,,,,,,,,,,,,,,,,,,,,,
2601.0,2491.0,2843.0,2642.0,3226.0,3344.0,3369.0,3269.0,3112.0,3293.0,3151.0,3214.0,3410.0,3286.0,3896.0,4378.0,4457.0,대 전 청,2020,https://api.odcloud.kr/api/15064475/v1/uddi:45b708b3-a352-4c5c-bed7-db74df07129d,PUB-008_노동지청별_재해자수,,,,,,,,,,,,,,,,,,,,,,,
1707.0,1711.0,1985.0,1889.0,2155.0,2300.0,2244.0,2097.0,2266.0,2299.0,2224.0,2233.0,2269.0,2175.0,2528.0,2733.0,2750.0,청    주,2020,https://api.odcloud.kr/api/15064475/v1/uddi:45b708b3-a352-4c5c-bed7-db74df07129d,PUB-008_노동지청별_재해자수,,,,,,,,,,,,,,,,,,,,,,,
815.0,863.0,1067.0,1170.0,1224.0,1354.0,1349.0,1316.0,1421.0,1393.0,1311.0,1233.0,1203.0,1258.0,1408.0,1631.0,1565.0,충    주,2020,https://api.odcloud.kr/api/15064475/v1/uddi:45b708b3-a352-4c5c-bed7-db74df07129d,PUB-008_노동지청별_재해자수,,,,,,,,,,,,,,,,,,,,,,,
1837.0,1999.0,2199.0,2124.0,2397.0,2631.0,2522.0,2536.0,2588.0,2687.0,2672.0,2480.0,2457.0,2472.0,2732.0,3019.0,3176.0,천    안,2020,https://api.odcloud.kr/api/15064475/v1/uddi:45b708b3-a352-4c5c-bed7-db74df07129d,PUB-008_노동지청별_재해자수,,,,,,,,,,,,,,,,,,,,,,,
1026.0,1107.0,1159.0,1115.0,1194.0,1287.0,1302.0,1176.0,1158.0,1188.0,1161.0,1317.0,1400.0,1245.0,1410.0,1066.0,1057.0,보    령,2020,https://api.odcloud.kr/api/15064475/v1/uddi:45b708b3-a352-4c5c-bed7-db74df07129d,PUB-008_노동지청별_재해자수,,,,,,,,,,,,,,,,,,,,,,,
0.0,0.0,0.0,0.0,0.0,0.0,0.0,0.0,0.0,0.0,0.0,0.0,0.0,0.0,0.0,468.0,459.0,서    산,2020,https://api.odcloud.kr/api/15064475/v1/uddi:45b708b3-a352-4c5c-bed7-db74df07129d,PUB-008_노동지청별_재해자수,,,,,,,,,,,,,,,,,,,,,,,
,,,,,,,,,,,,,,,,,서 울 청,2021,https://api.odcloud.kr/api/15064475/v1/uddi:b83119d1-f070-442c-b0b8-885cb9adc2ae,PUB-008_노동지청별_재해자수,1695.0,1617.0,1679.0,2686.0,2773.0,2643.0,2566.0,2483.0,2529.0,2594.0,2379.0,2350.0,2406.0,2268.0,2607.0,2786.0,2553.0,2758.0,,,,,
,,,,,,,,,,,,,,,,,서울강남,2021,https://api.odcloud.kr/api/15064475/v1/uddi:b83119d1-f070-442c-b0b8-885cb9adc2ae,PUB-008_노동지청별_재해자수,3535.0,3199.0,2972.0,1652.0,1605.0,1618.0,1546.0,1432.0,1363.0,1372.0,1448.0,1337.0,1320.0,1263.0,1459.0,1570.0,1561.0,2024.0,,,,,
,,,,,,,,,,,,,,,,,서울동부,2021,https://api.odcloud.kr/api/15064475/v1/uddi:b83119d1-f070-442c-b0b8-885cb9adc2ae,PUB-008_노동지청별_재해자수,2112.0,1909.0,1904.0,1872.0,2213.0,2047.0,2193.0,1834.0,1827.0,1850.0,1970.0,1962.0,2032.0,2023.0,2394.0,2587.0,2495.0,2901.0,,,,,
,,,,,,,,,,,,,,,,,서울서부,2021,https://api.odcloud.kr/api/15064475/v1/uddi:b83119d1-f070-442c-b0b8-885cb9adc2ae,PUB-008_노동지청별_재해자수,1584.0,1649.0,1623.0,1566.0,1650.0,1600.0,1639.0,1502.0,1460.0,1488.0,1577.0,1594.0,1504.0,1587.0,1803.0,1988.0,1848.0,2105.0,,,,,
,,,,,,,,,,,,,,,,,서울남부,2021,https://api.odcloud.kr/api/15064475/v1/uddi:b83119d1-f070-442c-b0b8-885cb9adc2ae,PUB-008_노동지청별_재해자수,2172.0,2014.0,2058.0,2014.0,2112.0,2101.0,2035.0,1865.0,1758.0,1896.0,1764.0,1672.0,1796.0,1834.0,2182.0,2360.0,2129.0,2224.0,,,,,
,,,,,,,,,,,,,,,,,서울북부,2021,https://api.odcloud.kr/api/15064475/v1/uddi:b83119d1-f070-442c-b0b8-885cb9adc2ae,PUB-008_노동지청별_재해자수,1522.0,1515.0,1481.0,1359.0,1595.0,1660.0,1643.0,1500.0,1459.0,1532.0,1531.0,1569.0,1565.0,1592.0,1857.0,1856.0,1734.0,1884.0,,,,,
,,,,,,,,,,,,,,,,,서울관악,2021,https://api.odcloud.kr/api/15064475/v1/uddi:b83119d1-f070-442c-b0b8-885cb9adc2ae,PUB-008_노동지청별_재해자수,1851.0,1948.0,1943.0,1928.0,1997.0,1713.0,1995.0,1825.0,1817.0,1766.0,1777.0,1745.0,1691.0,1728.0,2053.0,1875.0,2036.0,2086.0,,,,,
,,,,,,,,,,,,,,,,,의 정 부,2021,https://api.odcloud.kr/api/15064475/v1/uddi:b83119d1-f070-442c-b0b8-885cb9adc2ae,PUB-008_노동지청별_재해자수,4128.0,4224.0,2625.0,2802.0,3127.0,3486.0,3651.0,3318.0,3274.0,3230.0,3338.0,3230.0,3387.0,3275.0,3923.0,4142.0,4119.0,4824.0,,,,,
,,,,,,,,,,,,,,,,,강    원,2021,https://api.odcloud.kr/api/15064475/v1/uddi:b83119d1-f070-442c-b0b8-885cb9adc2ae,PUB-008_노동지청별_재해자수,740.0,768.0,885.0,993.0,1009.0,1224.0,1138.0,1060.0,1053.0,1092.0,1039.0,1002.0,999.0,975.0,1254.0,1258.0,1116.0,1271.0,,,,,
,,,,,,,,,,,,,,,,,태    백,2021,https://api.odcloud.kr/api/15064475/v1/uddi:b83119d1-f070-442c-b0b8-885cb9adc2ae,PUB-008_노동지청별_재해자수,954.0,879.0,863.0,813.0,685.0,693.0,639.0,615.0,529.0,572.0,869.0,939.0,924.0,1003.0,1365.0,1474.0,1731.0,1811.0,,,,,
,,,,,,,,,,,,,,,,,강    릉,2021,https://api.odcloud.kr/api/15064475/v1/uddi:b83119d1-f070-442c-b0b8-885cb9adc2ae,PUB-008_노동지청별_재해자수,929.0,732.0,755.0,778.0,864.0,878.0,812.0,819.0,802.0,772.0,869.0,773.0,918.0,980.0,1074.0,1249.0,1290.0,1519.0,,,,,
,,,,,,,,,,,,,,,,,원    주,2021,https://api.odcloud.kr/api/15064475/v1/uddi:b83119d1-f070-442c-b0b8-885cb9adc2ae,PUB-008_노동지청별_재해자수,551.0,616.0,641.0,706.0,715.0,767.0,760.0,788.0,676.0,723.0,769.0,738.0,747.0,692.0,807.0,913.0,812.0,973.0,,,,,
,,,,,,,,,,,,,,,,,영    월,2021,https://api.odcloud.kr/api/15064475/v1/uddi:b83119d1-f070-442c-b0b8-885cb9adc2ae,PUB-008_노동지청별_재해자수,841.0,830.0,790.0,814.0,696.0,662.0,648.0,601.0,588.0,574.0,613.0,597.0,649.0,793.0,824.0,845.0,872.0,1362.0,,,,,
,,,,,,,,,,,,,,,,,부 산 청,2021,https://api.odcloud.kr/api/15064475/v1/uddi:b83119d1-f070-442c-b0b8-885cb9adc2ae,PUB-008_노동지청별_재해자수,3076.0,2697.0,2812.0,2751.0,2757.0,2876.0,2733.0,2349.0,2465.0,2255.0,2196.0,2200.0,2341.0,2170.0,2533.0,2588.0,2548.0,2963.0,,,,,
,,,,,,,,,,,,,,,,,부산동부,2021,https://api.odcloud.kr/api/15064475/v1/uddi:b83119d1-f070-442c-b0b8-885cb9adc2ae,PUB-008_노동지청별_재해자수,1339.0,1208.0,1212.0,1239.0,1331.0,1584.0,1463.0,1423.0,1422.0,1447.0,1443.0,1461.0,1494.0,1470.0,1605.0,1722.0,1631.0,1862.0,,,,,
,,,,,,,,,,,,,,,,,부산북부,2021,https://api.odcloud.kr/api/15064475/v1/uddi:b83119d1-f070-442c-b0b8-885cb9adc2ae,PUB-008_노동지청별_재해자수,2112.0,2091.0,2248.0,2173.0,2379.0,2279.0,2213.0,2100.0,2147.0,1903.0,1949.0,1882.0,1778.0,1749.0,1950.0,2080.0,1929.0,2021.0,,,,,
,,,,,,,,,,,,,,,,,창    원,2021,https://api.odcloud.kr/api/15064475/v1/uddi:b83119d1-f070-442c-b0b8-885cb9adc2ae,PUB-008_노동지청별_재해자수,3283.0,3193.0,3119.0,3035.0,3022.0,2696.0,3000.0,2918.0,2880.0,2725.0,2528.0,2522.0,2509.0,2363.0,2517.0,2737.0,2774.0,2965.0,,,,,
,,,,,,,,,,,,,,,,,울    산,2021,https://api.odcloud.kr/api/15064475/v1/uddi:b83119d1-f070-442c-b0b8-885cb9adc2ae,PUB-008_노동지청별_재해자수,3925.0,3475.0,3258.0,3367.0,3313.0,3201.0,2895.0,2929.0,2891.0,2870.0,2877.0,2782.0,2638.0,2768.0,3100.0,3468.0,3319.0,3853.0,,,,,
,,,,,,,,,,,,,,,,,양    산,2021,https://api.odcloud.kr/api/15064475/v1/uddi:b83119d1-f070-442c-b0b8-885cb9adc2ae,PUB-008_노동지청별_재해자수,2547.0,2435.0,2671.0,2734.0,2806.0,2851.0,2811.0,2902.0,2801.0,2426.0,2498.0,2418.0,2626.0,2398.0,2726.0,2866.0,2754.0,2990.0,,,,,
,,,,,,,,,,,,,,,,,진    주,2021,https://api.odcloud.kr/api/15064475/v1/uddi:b83119d1-f070-442c-b0b8-885cb9adc2ae,PUB-008_노동지청별_재해자수,978.0,897.0,1021.0,1184.0,1255.0,1550.0,1427.0,1425.0,1295.0,1254.0,1217.0,1241.0,1187.0,1150.0,1360.0,1460.0,1442.0,1498.0,,,,,
,,,,,,,,,,,,,,,,,통    영,2021,https://api.odcloud.kr/api/15064475/v1/uddi:b83119d1-f070-442c-b0b8-885cb9adc2ae,PUB-008_노동지청별_재해자수,1400.0,1307.0,1343.0,1282.0,1495.0,1536.0,1424.0,1233.0,1154.0,1191.0,1333.0,1371.0,1266.0,1488.0,1376.0,1566.0,1783.0,2147.0,,,,,
,,,,,,,,,,,,,,,,,대 구 청,2021,https://api.odcloud.kr/api/15064475/v1/uddi:b83119d1-f070-442c-b0b8-885cb9adc2ae,PUB-008_노동지청별_재해자수,2248.0,1882.0,2069.0,2413.0,2565.0,2634.0,2719.0,2608.0,2447.0,2462.0,2460.0,2534.0,2635.0,2601.0,2834.0,3020.0,2856.0,3321.0,,,,,
,,,,,,,,,,,,,,,,,대구서부,2021,https://api.odcloud.kr/api/15064475/v1/uddi:b83119d1-f070-442c-b0b8-885cb9adc2ae,PUB-008_노동지청별_재해자수,2884.0,2818.0,2788.0,2677.0,2690.0,2734.0,2800.0,2777.0,2613.0,2580.0,2607.0,2591.0,2634.0,2495.0,2775.0,2853.0,2833.0,3099.0,,,,,
,,,,,,,,,,,,,,,,,포    항,2021,https://api.odcloud.kr/api/15064475/v1/uddi:b83119d1-f070-442c-b0b8-885cb9adc2ae,PUB-008_노동지청별_재해자수,1734.0,1741.0,1923.0,1908.0,1855.0,1955.0,1934.0,1832.0,1834.0,1759.0,1793.0,1693.0,1723.0,1649.0,1900.0,1950.0,1923.0,2271.0,,,,,
,,,,,,,,,,,,,,,,,구    미,2021,https://api.odcloud.kr/api/15064475/v1/uddi:b83119d1-f070-442c-b0b8-885cb9adc2ae,PUB-008_노동지청별_재해자수,887.0,790.0,880.0,812.0,810.0,855.0,833.0,841.0,796.0,795.0,827.0,800.0,777.0,737.0,822.0,848.0,864.0,901.0,,,,,
,,,,,,,,,,,,,,,,,영    주,2021,https://api.odcloud.kr/api/15064475/v1/uddi:b83119d1-f070-442c-b0b8-885cb9adc2ae,PUB-008_노동지청별_재해자수,681.0,799.0,699.0,646.0,741.0,774.0,778.0,749.0,708.0,710.0,653.0,671.0,675.0,738.0,832.0,915.0,930.0,1019.0,,,,,
,,,,,,,,,,,,,,,,,안    동,2021,https://api.odcloud.kr/api/15064475/v1/uddi:b83119d1-f070-442c-b0b8-885cb9adc2ae,PUB-008_노동지청별_재해자수,418.0,358.0,402.0,410.0,428.0,604.0,566.0,566.0,568.0,543.0,488.0,563.0,547.0,476.0,534.0,583.0,574.0,638.0,,,,,
,,,,,,,,,,,,,,,,,중 부 청,2021,https://api.odcloud.kr/api/15064475/v1/uddi:b83119d1-f070-442c-b0b8-885cb9adc2ae,PUB-008_노동지청별_재해자수,3038.0,2814.0,2902.0,3095.0,3067.0,3159.0,3227.0,2944.0,2887.0,2848.0,2773.0,2744.0,2771.0,2865.0,3289.0,3180.0,3216.0,3576.0,,,,,
,,,,,,,,,,,,,,,,,인천북부,2021,https://api.odcloud.kr/api/15064475/v1/uddi:b83119d1-f070-442c-b0b8-885cb9adc2ae,PUB-008_노동지청별_재해자수,2722.0,2698.0,2615.0,2520.0,2790.0,2761.0,2803.0,2657.0,2556.0,2521.0,2454.0,2514.0,2464.0,2340.0,2644.0,2866.0,2799.0,3188.0,,,,,
,,,,,,,,,,,,,,,,,경    기,2021,https://api.odcloud.kr/api/15064475/v1/uddi:b83119d1-f070-442c-b0b8-885cb9adc2ae,PUB-008_노동지청별_재해자수,5872.0,4235.0,4645.0,5172.0,5509.0,5055.0,5455.0,5028.0,4950.0,5169.0,5289.0,5023.0,5072.0,5009.0,5735.0,6135.0,6097.0,7406.0,,,,,
,,,,,,,,,,,,,,,,,부    천,2021,https://api.odcloud.kr/api/15064475/v1/uddi:b83119d1-f070-442c-b0b8-885cb9adc2ae,PUB-008_노동지청별_재해자수,2045.0,1936.0,2151.0,2187.0,2364.0,2232.0,2427.0,2250.0,2362.0,2355.0,2197.0,2341.0,2350.0,2245.0,2522.0,2710.0,2626.0,3354.0,,,,,
,,,,,,,,,,,,,,,,,안    양,2021,https://api.odcloud.kr/api/15064475/v1/uddi:b83119d1-f070-442c-b0b8-885cb9adc2ae,PUB-008_노동지청별_재해자수,1974.0,1719.0,1879.0,1741.0,1808.0,1921.0,1967.0,1746.0,1655.0,1711.0,1732.0,1698.0,1655.0,1715.0,1894.0,2126.0,2077.0,2287.0,,,,,
,,,,,,,,,,,,,,,,,안    산,2021,https://api.odcloud.kr/api/15064475/v1/uddi:b83119d1-f070-442c-b0b8-885cb9adc2ae,PUB-008_노동지청별_재해자수,3284.0,3123.0,3540.0,3508.0,3635.0,3393.0,3697.0,3508.0,3360.0,3333.0,3169.0,2949.0,2917.0,2976.0,3249.0,3446.0,3434.0,3800.0,,,,,
,,,,,,,,,,,,,,,,,성    남,2021,https://api.odcloud.kr/api/15064475/v1/uddi:b83119d1-f070-442c-b0b8-885cb9adc2ae,PUB-008_노동지청별_재해자수,2492.0,2405.0,2579.0,2847.0,3136.0,3355.0,3489.0,3239.0,3274.0,3542.0,3393.0,3591.0,3708.0,3457.0,4101.0,4056.0,4275.0,4807.0,,,,,
,,,,,,,,,,,,,,,,,평    택,2021,https://api.odcloud.kr/api/15064475/v1/uddi:b83119d1-f070-442c-b0b8-885cb9adc2ae,PUB-008_노동지청별_재해자수,0.0,1650.0,1852.0,1945.0,2034.0,1910.0,2010.0,1984.0,1714.0,1794.0,1818.0,1823.0,1841.0,1965.0,2119.0,2374.0,2462.0,2746.0,,,,,
,,,,,,,,,,,,,,,,,고    양,2021,https://api.odcloud.kr/api/15064475/v1/uddi:b83119d1-f070-442c-b0b8-885cb9adc2ae,PUB-008_노동지청별_재해자수,0.0,0.0,1940.0,1889.0,2017.0,2239.0,2539.0,2231.0,2321.0,2246.0,2103.0,2245.0,2277.0,2322.0,2649.0,2774.0,2545.0,3071.0,,,,,
,,,,,,,,,,,,,,,,,광 주 청,2021,https://api.odcloud.kr/api/15064475/v1/uddi:b83119d1-f070-442c-b0b8-885cb9adc2ae,PUB-008_노동지청별_재해자수,3193.0,2941.0,2998.0,3155.0,3341.0,3308.0,3445.0,3288.0,3632.0,3450.0,3355.0,3279.0,3028.0,3214.0,3750.0,4085.0,4184.0,4660.0,,,,,
,,,,,,,,,,,,,,,,,전    주,2021,https://api.odcloud.kr/api/15064475/v1/uddi:b83119d1-f070-442c-b0b8-885cb9adc2ae,PUB-008_노동지청별_재해자수,1756.0,1630.0,1780.0,1690.0,1835.0,2313.0,2262.0,2267.0,2125.0,2220.0,2135.0,2056.0,1822.0,1853.0,2188.0,2219.0,2216.0,2497.0,,,,,
,,,,,,,,,,,,,,,,,익    산,2021,https://api.odcloud.kr/api/15064475/v1/uddi:b83119d1-f070-442c-b0b8-885cb9adc2ae,PUB-008_노동지청별_재해자수,881.0,784.0,895.0,717.0,857.0,928.0,871.0,899.0,901.0,808.0,682.0,615.0,688.0,728.0,855.0,928.0,895.0,1011.0,,,,,
,,,,,,,,,,,,,,,,,군    산,2021,https://api.odcloud.kr/api/15064475/v1/uddi:b83119d1-f070-442c-b0b8-885cb9adc2ae,PUB-008_노동지청별_재해자수,761.0,861.0,919.0,849.0,938.0,876.0,927.0,901.0,961.0,855.0,892.0,872.0,791.0,759.0,817.0,874.0,887.0,952.0,,,,,
,,,,,,,,,,,,,,,,,목    포,2021,https://api.odcloud.kr/api/15064475/v1/uddi:b83119d1-f070-442c-b0b8-885cb9adc2ae,PUB-008_노동지청별_재해자수,990.0,1057.0,1235.0,1254.0,1616.0,1880.0,1564.0,1386.0,1356.0,1313.0,1160.0,1215.0,1247.0,1102.0,1241.0,1588.0,1646.0,1875.0,,,,,
,,,,,,,,,,,,,,,,,여    수,2021,https://api.odcloud.kr/api/15064475/v1/uddi:b83119d1-f070-442c-b0b8-885cb9adc2ae,PUB-008_노동지청별_재해자수,1091.0,1141.0,1244.0,1260.0,1324.0,1464.0,1420.0,1358.0,1381.0,1336.0,1226.0,1290.0,1311.0,1300.0,1497.0,1667.0,1893.0,1938.0,,,,,
,,,,,,,,,,,,,,,,,제    주,2021,https://api.odcloud.kr/api/15064475/v1/uddi:b83119d1-f070-442c-b0b8-885cb9adc2ae,PUB-008_노동지청별_재해자수,663.0,655.0,819.0,764.0,851.0,890.0,895.0,918.0,1120.0,1082.0,1200.0,1160.0,1207.0,1297.0,1315.0,1360.0,1207.0,1300.0,,,,,
,,,,,,,,,,,,,,,,,대 전 청,2021,https://api.odcloud.kr/api/15064475/v1/uddi:b83119d1-f070-442c-b0b8-885cb9adc2ae,PUB-008_노동지청별_재해자수,2601.0,2491.0,2843.0,2642.0,3226.0,3344.0,3369.0,3269.0,3112.0,3293.0,3151.0,3214.0,3410.0,3286.0,3896.0,4378.0,4457.0,5095.0,,,,,
,,,,,,,,,,,,,,,,,청    주,2021,https://api.odcloud.kr/api/15064475/v1/uddi:b83119d1-f070-442c-b0b8-885cb9adc2ae,PUB-008_노동지청별_재해자수,1707.0,1711.0,1985.0,1889.0,2155.0,2300.0,2244.0,2097.0,2266.0,2299.0,2224.0,2233.0,2269.0,2175.0,2528.0,2733.0,2750.0,2962.0,,,,,
,,,,,,,,,,,,,,,,,충    주,2021,https://api.odcloud.kr/api/15064475/v1/uddi:b83119d1-f070-442c-b0b8-885cb9adc2ae,PUB-008_노동지청별_재해자수,815.0,863.0,1067.0,1170.0,1224.0,1354.0,1349.0,1316.0,1421.0,1393.0,1311.0,1233.0,1203.0,1258.0,1408.0,1631.0,1565.0,1707.0,,,,,
,,,,,,,,,,,,,,,,,천    안,2021,https://api.odcloud.kr/api/15064475/v1/uddi:b83119d1-f070-442c-b0b8-885cb9adc2ae,PUB-008_노동지청별_재해자수,1837.0,1999.0,2199.0,2124.0,2397.0,2631.0,2522.0,2536.0,2588.0,2687.0,2672.0,2480.0,2457.0,2472.0,2732.0,3019.0,3176.0,3438.0,,,,,
,,,,,,,,,,,,,,,,,보    령,2021,https://api.odcloud.kr/api/15064475/v1/uddi:b83119d1-f070-442c-b0b8-885cb9adc2ae,PUB-008_노동지청별_재해자수,1026.0,1107.0,1159.0,1115.0,1194.0,1287.0,1302.0,1176.0,1158.0,1188.0,1161.0,1317.0,1400.0,1245.0,1410.0,1066.0,1057.0,1115.0,,,,,
,,,,,,,,,,,,,,,,,서    산,2021,https://api.odcloud.kr/api/15064475/v1/uddi:b83119d1-f070-442c-b0b8-885cb9adc2ae,PUB-008_노동지청별_재해자수,0.0,0.0,0.0,0.0,0.0,0.0,0.0,0.0,0.0,0.0,0.0,0.0,0.0,0.0,0.0,468.0,459.0,638.0,,,,,
1695.0,1617.0,1679.0,2686.0,2773.0,2643.0,2566.0,2483.0,2529.0,2594.0,2379.0,2350.0,2406.0,2268.0,2607.0,2786.0,2553.0,서 울 청,2022,https://api.odcloud.kr/api/15064475/v1/uddi:f2c37b4f-65c2-476b-8559-e88430401155,PUB-008_노동지청별_재해자수,,,,,,,,,,,,,,,,,,,2758.0,3024.0,,,
3535.0,3199.0,2972.0,1652.0,1605.0,1618.0,1546.0,1432.0,1363.0,1372.0,1448.0,1337.0,1320.0,1263.0,1459.0,1570.0,1561.0,서울강남,2022,https://api.odcloud.kr/api/15064475/v1/uddi:f2c37b4f-65c2-476b-8559-e88430401155,PUB-008_노동지청별_재해자수,,,,,,,,,,,,,,,,,,,2024.0,1895.0,,,
2112.0,1909.0,1904.0,1872.0,2213.0,2047.0,2193.0,1834.0,1827.0,1850.0,1970.0,1962.0,2032.0,2023.0,2394.0,2587.0,2495.0,서울동부,2022,https://api.odcloud.kr/api/15064475/v1/uddi:f2c37b4f-65c2-476b-8559-e88430401155,PUB-008_노동지청별_재해자수,,,,,,,,,,,,,,,,,,,2901.0,3834.0,,,
1584.0,1649.0,1623.0,1566.0,1650.0,1600.0,1639.0,1502.0,1460.0,1488.0,1577.0,1594.0,1504.0,1587.0,1803.0,1988.0,1848.0,서울서부,2022,https://api.odcloud.kr/api/15064475/v1/uddi:f2c37b4f-65c2-476b-8559-e88430401155,PUB-008_노동지청별_재해자수,,,,,,,,,,,,,,,,,,,2105.0,2287.0,,,
2172.0,2014.0,2058.0,2014.0,2112.0,2101.0,2035.0,1865.0,1758.0,1896.0,1764.0,1672.0,1796.0,1834.0,2182.0,2360.0,2129.0,서울남부,2022,https://api.odcloud.kr/api/15064475/v1/uddi:f2c37b4f-65c2-476b-8559-e88430401155,PUB-008_노동지청별_재해자수,,,,,,,,,,,,,,,,,,,2224.0,2470.0,,,
1522.0,1515.0,1481.0,1359.0,1595.0,1660.0,1643.0,1500.0,1459.0,1532.0,1531.0,1569.0,1565.0,1592.0,1857.0,1856.0,1734.0,서울북부,2022,https://api.odcloud.kr/api/15064475/v1/uddi:f2c37b4f-65c2-476b-8559-e88430401155,PUB-008_노동지청별_재해자수,,,,,,,,,,,,,,,,,,,1884.0,2104.0,,,
1851.0,1948.0,1943.0,1928.0,1997.0,1713.0,1995.0,1825.0,1817.0,1766.0,1777.0,1745.0,1691.0,1728.0,2053.0,1875.0,2036.0,서울관악,2022,https://api.odcloud.kr/api/15064475/v1/uddi:f2c37b4f-65c2-476b-8559-e88430401155,PUB-008_노동지청별_재해자수,,,,,,,,,,,,,,,,,,,2086.0,2341.0,,,
4128.0,4224.0,2625.0,2802.0,3127.0,3486.0,3651.0,3318.0,3274.0,3230.0,3338.0,3230.0,3387.0,3275.0,3923.0,4142.0,4119.0,의 정 부,2022,https://api.odcloud.kr/api/15064475/v1/uddi:f2c37b4f-65c2-476b-8559-e88430401155,PUB-008_노동지청별_재해자수,,,,,,,,,,,,,,,,,,,4824.0,5123.0,,,
740.0,768.0,885.0,993.0,1009.0,1224.0,1138.0,1060.0,1053.0,1092.0,1039.0,1002.0,999.0,975.0,1254.0,1258.0,1116.0,강    원,2022,https://api.odcloud.kr/api/15064475/v1/uddi:f2c37b4f-65c2-476b-8559-e88430401155,PUB-008_노동지청별_재해자수,,,,,,,,,,,,,,,,,,,1271.0,1309.0,,,
954.0,879.0,863.0,813.0,685.0,693.0,639.0,615.0,529.0,572.0,869.0,939.0,924.0,1003.0,1365.0,1474.0,1731.0,태    백,2022,https://api.odcloud.kr/api/15064475/v1/uddi:f2c37b4f-65c2-476b-8559-e88430401155,PUB-008_노동지청별_재해자수,,,,,,,,,,,,,,,,,,,1811.0,2161.0,,,
929.0,732.0,755.0,778.0,864.0,878.0,812.0,819.0,802.0,772.0,869.0,773.0,918.0,980.0,1074.0,1249.0,1290.0,강    릉,2022,https://api.odcloud.kr/api/15064475/v1/uddi:f2c37b4f-65c2-476b-8559-e88430401155,PUB-008_노동지청별_재해자수,,,,,,,,,,,,,,,,,,,1519.0,1501.0,,,
551.0,616.0,641.0,706.0,715.0,767.0,760.0,788.0,676.0,723.0,769.0,738.0,747.0,692.0,807.0,913.0,812.0,원    주,2022,https://api.odcloud.kr/api/15064475/v1/uddi:f2c37b4f-65c2-476b-8559-e88430401155,PUB-008_노동지청별_재해자수,,,,,,,,,,,,,,,,,,,973.0,1072.0,,,
841.0,830.0,790.0,814.0,696.0,662.0,648.0,601.0,588.0,574.0,613.0,597.0,649.0,793.0,824.0,845.0,872.0,영    월,2022,https://api.odcloud.kr/api/15064475/v1/uddi:f2c37b4f-65c2-476b-8559-e88430401155,PUB-008_노동지청별_재해자수,,,,,,,,,,,,,,,,,,,1362.0,1498.0,,,
3076.0,2697.0,2812.0,2751.0,2757.0,2876.0,2733.0,2349.0,2465.0,2255.0,2196.0,2200.0,2341.0,2170.0,2533.0,2588.0,2548.0,부 산 청,2022,https://api.odcloud.kr/api/15064475/v1/uddi:f2c37b4f-65c2-476b-8559-e88430401155,PUB-008_노동지청별_재해자수,,,,,,,,,,,,,,,,,,,2963.0,3108.0,,,
1339.0,1208.0,1212.0,1239.0,1331.0,1584.0,1463.0,1423.0,1422.0,1447.0,1443.0,1461.0,1494.0,1470.0,1605.0,1722.0,1631.0,부산동부,2022,https://api.odcloud.kr/api/15064475/v1/uddi:f2c37b4f-65c2-476b-8559-e88430401155,PUB-008_노동지청별_재해자수,,,,,,,,,,,,,,,,,,,1862.0,2031.0,,,
2112.0,2091.0,2248.0,2173.0,2379.0,2279.0,2213.0,2100.0,2147.0,1903.0,1949.0,1882.0,1778.0,1749.0,1950.0,2080.0,1929.0,부산북부,2022,https://api.odcloud.kr/api/15064475/v1/uddi:f2c37b4f-65c2-476b-8559-e88430401155,PUB-008_노동지청별_재해자수,,,,,,,,,,,,,,,,,,,2021.0,2037.0,,,
3283.0,3193.0,3119.0,3035.0,3022.0,2696.0,3000.0,2918.0,2880.0,2725.0,2528.0,2522.0,2509.0,2363.0,2517.0,2737.0,2774.0,창    원,2022,https://api.odcloud.kr/api/15064475/v1/uddi:f2c37b4f-65c2-476b-8559-e88430401155,PUB-008_노동지청별_재해자수,,,,,,,,,,,,,,,,,,,2965.0,2929.0,,,
3925.0,3475.0,3258.0,3367.0,3313.0,3201.0,2895.0,2929.0,2891.0,2870.0,2877.0,2782.0,2638.0,2768.0,3100.0,3468.0,3319.0,울    산,2022,https://api.odcloud.kr/api/15064475/v1/uddi:f2c37b4f-65c2-476b-8559-e88430401155,PUB-008_노동지청별_재해자수,,,,,,,,,,,,,,,,,,,3853.0,4580.0,,,
2547.0,2435.0,2671.0,2734.0,2806.0,2851.0,2811.0,2902.0,2801.0,2426.0,2498.0,2418.0,2626.0,2398.0,2726.0,2866.0,2754.0,양    산,2022,https://api.odcloud.kr/api/15064475/v1/uddi:f2c37b4f-65c2-476b-8559-e88430401155,PUB-008_노동지청별_재해자수,,,,,,,,,,,,,,,,,,,2990.0,3038.0,,,
978.0,897.0,1021.0,1184.0,1255.0,1550.0,1427.0,1425.0,1295.0,1254.0,1217.0,1241.0,1187.0,1150.0,1360.0,1460.0,1442.0,진    주,2022,https://api.odcloud.kr/api/15064475/v1/uddi:f2c37b4f-65c2-476b-8559-e88430401155,PUB-008_노동지청별_재해자수,,,,,,,,,,,,,,,,,,,1498.0,1526.0,,,
1400.0,1307.0,1343.0,1282.0,1495.0,1536.0,1424.0,1233.0,1154.0,1191.0,1333.0,1371.0,1266.0,1488.0,1376.0,1566.0,1783.0,통    영,2022,https://api.odcloud.kr/api/15064475/v1/uddi:f2c37b4f-65c2-476b-8559-e88430401155,PUB-008_노동지청별_재해자수,,,,,,,,,,,,,,,,,,,2147.0,2054.0,,,
2248.0,1882.0,2069.0,2413.0,2565.0,2634.0,2719.0,2608.0,2447.0,2462.0,2460.0,2534.0,2635.0,2601.0,2834.0,3020.0,2856.0,대 구 청,2022,https://api.odcloud.kr/api/15064475/v1/uddi:f2c37b4f-65c2-476b-8559-e88430401155,PUB-008_노동지청별_재해자수,,,,,,,,,,,,,,,,,,,3321.0,3634.0,,,
2884.0,2818.0,2788.0,2677.0,2690.0,2734.0,2800.0,2777.0,2613.0,2580.0,2607.0,2591.0,2634.0,2495.0,2775.0,2853.0,2833.0,대구서부,2022,https://api.odcloud.kr/api/15064475/v1/uddi:f2c37b4f-65c2-476b-8559-e88430401155,PUB-008_노동지청별_재해자수,,,,,,,,,,,,,,,,,,,3099.0,3225.0,,,
1734.0,1741.0,1923.0,1908.0,1855.0,1955.0,1934.0,1832.0,1834.0,1759.0,1793.0,1693.0,1723.0,1649.0,1900.0,1950.0,1923.0,포    항,2022,https://api.odcloud.kr/api/15064475/v1/uddi:f2c37b4f-65c2-476b-8559-e88430401155,PUB-008_노동지청별_재해자수,,,,,,,,,,,,,,,,,,,2271.0,2533.0,,,
887.0,790.0,880.0,812.0,810.0,855.0,833.0,841.0,796.0,795.0,827.0,800.0,777.0,737.0,822.0,848.0,864.0,구    미,2022,https://api.odcloud.kr/api/15064475/v1/uddi:f2c37b4f-65c2-476b-8559-e88430401155,PUB-008_노동지청별_재해자수,,,,,,,,,,,,,,,,,,,901.0,1046.0,,,
681.0,799.0,699.0,646.0,741.0,774.0,778.0,749.0,708.0,710.0,653.0,671.0,675.0,738.0,832.0,915.0,930.0,영    주,2022,https://api.odcloud.kr/api/15064475/v1/uddi:f2c37b4f-65c2-476b-8559-e88430401155,PUB-008_노동지청별_재해자수,,,,,,,,,,,,,,,,,,,1019.0,1099.0,,,
418.0,358.0,402.0,410.0,428.0,604.0,566.0,566.0,568.0,543.0,488.0,563.0,547.0,476.0,534.0,583.0,574.0,안    동,2022,https://api.odcloud.kr/api/15064475/v1/uddi:f2c37b4f-65c2-476b-8559-e88430401155,PUB-008_노동지청별_재해자수,,,,,,,,,,,,,,,,,,,638.0,580.0,,,
3038.0,2814.0,2902.0,3095.0,3067.0,3159.0,3227.0,2944.0,2887.0,2848.0,2773.0,2744.0,2771.0,2865.0,3289.0,3180.0,3216.0,중 부 청,2022,https://api.odcloud.kr/api/15064475/v1/uddi:f2c37b4f-65c2-476b-8559-e88430401155,PUB-008_노동지청별_재해자수,,,,,,,,,,,,,,,,,,,3576.0,3959.0,,,
2722.0,2698.0,2615.0,2520.0,2790.0,2761.0,2803.0,2657.0,2556.0,2521.0,2454.0,2514.0,2464.0,2340.0,2644.0,2866.0,2799.0,인천북부,2022,https://api.odcloud.kr/api/15064475/v1/uddi:f2c37b4f-65c2-476b-8559-e88430401155,PUB-008_노동지청별_재해자수,,,,,,,,,,,,,,,,,,,3188.0,3467.0,,,
5872.0,4235.0,4645.0,5172.0,5509.0,5055.0,5455.0,5028.0,4950.0,5169.0,5289.0,5023.0,5072.0,5009.0,5735.0,6135.0,6097.0,경    기,2022,https://api.odcloud.kr/api/15064475/v1/uddi:f2c37b4f-65c2-476b-8559-e88430401155,PUB-008_노동지청별_재해자수,,,,,,,,,,,,,,,,,,,7406.0,7736.0,,,
2045.0,1936.0,2151.0,2187.0,2364.0,2232.0,2427.0,2250.0,2362.0,2355.0,2197.0,2341.0,2350.0,2245.0,2522.0,2710.0,2626.0,부    천,2022,https://api.odcloud.kr/api/15064475/v1/uddi:f2c37b4f-65c2-476b-8559-e88430401155,PUB-008_노동지청별_재해자수,,,,,,,,,,,,,,,,,,,3354.0,3030.0,,,
1974.0,1719.0,1879.0,1741.0,1808.0,1921.0,1967.0,1746.0,1655.0,1711.0,1732.0,1698.0,1655.0,1715.0,1894.0,2126.0,2077.0,안    양,2022,https://api.odcloud.kr/api/15064475/v1/uddi:f2c37b4f-65c2-476b-8559-e88430401155,PUB-008_노동지청별_재해자수,,,,,,,,,,,,,,,,,,,2287.0,2447.0,,,
3284.0,3123.0,3540.0,3508.0,3635.0,3393.0,3697.0,3508.0,3360.0,3333.0,3169.0,2949.0,2917.0,2976.0,3249.0,3446.0,3434.0,안    산,2022,https://api.odcloud.kr/api/15064475/v1/uddi:f2c37b4f-65c2-476b-8559-e88430401155,PUB-008_노동지청별_재해자수,,,,,,,,,,,,,,,,,,,3800.0,3855.0,,,
2492.0,2405.0,2579.0,2847.0,3136.0,3355.0,3489.0,3239.0,3274.0,3542.0,3393.0,3591.0,3708.0,3457.0,4101.0,4056.0,4275.0,성    남,2022,https://api.odcloud.kr/api/15064475/v1/uddi:f2c37b4f-65c2-476b-8559-e88430401155,PUB-008_노동지청별_재해자수,,,,,,,,,,,,,,,,,,,4807.0,5260.0,,,
0.0,1650.0,1852.0,1945.0,2034.0,1910.0,2010.0,1984.0,1714.0,1794.0,1818.0,1823.0,1841.0,1965.0,2119.0,2374.0,2462.0,평    택,2022,https://api.odcloud.kr/api/15064475/v1/uddi:f2c37b4f-65c2-476b-8559-e88430401155,PUB-008_노동지청별_재해자수,,,,,,,,,,,,,,,,,,,2746.0,3090.0,,,
0.0,0.0,1940.0,1889.0,2017.0,2239.0,2539.0,2231.0,2321.0,2246.0,2103.0,2245.0,2277.0,2322.0,2649.0,2774.0,2545.0,고    양,2022,https://api.odcloud.kr/api/15064475/v1/uddi:f2c37b4f-65c2-476b-8559-e88430401155,PUB-008_노동지청별_재해자수,,,,,,,,,,,,,,,,,,,3071.0,3431.0,,,
3193.0,2941.0,2998.0,3155.0,3341.0,3308.0,3445.0,3288.0,3632.0,3450.0,3355.0,3279.0,3028.0,3214.0,3750.0,4085.0,4184.0,광 주 청,2022,https://api.odcloud.kr/api/15064475/v1/uddi:f2c37b4f-65c2-476b-8559-e88430401155,PUB-008_노동지청별_재해자수,,,,,,,,,,,,,,,,,,,4660.0,4613.0,,,
1756.0,1630.0,1780.0,1690.0,1835.0,2313.0,2262.0,2267.0,2125.0,2220.0,2135.0,2056.0,1822.0,1853.0,2188.0,2219.0,2216.0,전    주,2022,https://api.odcloud.kr/api/15064475/v1/uddi:f2c37b4f-65c2-476b-8559-e88430401155,PUB-008_노동지청별_재해자수,,,,,,,,,,,,,,,,,,,2497.0,2531.0,,,
881.0,784.0,895.0,717.0,857.0,928.0,871.0,899.0,901.0,808.0,682.0,615.0,688.0,728.0,855.0,928.0,895.0,익    산,2022,https://api.odcloud.kr/api/15064475/v1/uddi:f2c37b4f-65c2-476b-8559-e88430401155,PUB-008_노동지청별_재해자수,,,,,,,,,,,,,,,,,,,1011.0,1004.0,,,
761.0,861.0,919.0,849.0,938.0,876.0,927.0,901.0,961.0,855.0,892.0,872.0,791.0,759.0,817.0,874.0,887.0,군    산,2022,https://api.odcloud.kr/api/15064475/v1/uddi:f2c37b4f-65c2-476b-8559-e88430401155,PUB-008_노동지청별_재해자수,,,,,,,,,,,,,,,,,,,952.0,958.0,,,
990.0,1057.0,1235.0,1254.0,1616.0,1880.0,1564.0,1386.0,1356.0,1313.0,1160.0,1215.0,1247.0,1102.0,1241.0,1588.0,1646.0,목    포,2022,https://api.odcloud.kr/api/15064475/v1/uddi:f2c37b4f-65c2-476b-8559-e88430401155,PUB-008_노동지청별_재해자수,,,,,,,,,,,,,,,,,,,1875.0,1814.0,,,
1091.0,1141.0,1244.0,1260.0,1324.0,1464.0,1420.0,1358.0,1381.0,1336.0,1226.0,1290.0,1311.0,1300.0,1497.0,1667.0,1893.0,여    수,2022,https://api.odcloud.kr/api/15064475/v1/uddi:f2c37b4f-65c2-476b-8559-e88430401155,PUB-008_노동지청별_재해자수,,,,,,,,,,,,,,,,,,,1938.0,1972.0,,,
663.0,655.0,819.0,764.0,851.0,890.0,895.0,918.0,1120.0,1082.0,1200.0,1160.0,1207.0,1297.0,1315.0,1360.0,1207.0,제    주,2022,https://api.odcloud.kr/api/15064475/v1/uddi:f2c37b4f-65c2-476b-8559-e88430401155,PUB-008_노동지청별_재해자수,,,,,,,,,,,,,,,,,,,1300.0,1436.0,,,
2601.0,2491.0,2843.0,2642.0,3226.0,3344.0,3369.0,3269.0,3112.0,3293.0,3151.0,3214.0,3410.0,3286.0,3896.0,4378.0,4457.0,대 전 청,2022,https://api.odcloud.kr/api/15064475/v1/uddi:f2c37b4f-65c2-476b-8559-e88430401155,PUB-008_노동지청별_재해자수,,,,,,,,,,,,,,,,,,,5095.0,5366.0,,,
1707.0,1711.0,1985.0,1889.0,2155.0,2300.0,2244.0,2097.0,2266.0,2299.0,2224.0,2233.0,2269.0,2175.0,2528.0,2733.0,2750.0,청    주,2022,https://api.odcloud.kr/api/15064475/v1/uddi:f2c37b4f-65c2-476b-8559-e88430401155,PUB-008_노동지청별_재해자수,,,,,,,,,,,,,,,,,,,2962.0,3229.0,,,
815.0,863.0,1067.0,1170.0,1224.0,1354.0,1349.0,1316.0,1421.0,1393.0,1311.0,1233.0,1203.0,1258.0,1408.0,1631.0,1565.0,충    주,2022,https://api.odcloud.kr/api/15064475/v1/uddi:f2c37b4f-65c2-476b-8559-e88430401155,PUB-008_노동지청별_재해자수,,,,,,,,,,,,,,,,,,,1707.0,1756.0,,,
1837.0,1999.0,2199.0,2124.0,2397.0,2631.0,2522.0,2536.0,2588.0,2687.0,2672.0,2480.0,2457.0,2472.0,2732.0,3019.0,3176.0,천    안,2022,https://api.odcloud.kr/api/15064475/v1/uddi:f2c37b4f-65c2-476b-8559-e88430401155,PUB-008_노동지청별_재해자수,,,,,,,,,,,,,,,,,,,3438.0,3652.0,,,
1026.0,1107.0,1159.0,1115.0,1194.0,1287.0,1302.0,1176.0,1158.0,1188.0,1161.0,1317.0,1400.0,1245.0,1410.0,1066.0,1057.0,보    령,2022,https://api.odcloud.kr/api/15064475/v1/uddi:f2c37b4f-65c2-476b-8559-e88430401155,PUB-008_노동지청별_재해자수,,,,,,,,,,,,,,,,,,,1115.0,1131.0,,,
0.0,0.0,0.0,0.0,0.0,0.0,0.0,0.0,0.0,0.0,0.0,0.0,0.0,0.0,0.0,468.0,459.0,서    산,2022,https://api.odcloud.kr/api/15064475/v1/uddi:f2c37b4f-65c2-476b-8559-e88430401155,PUB-008_노동지청별_재해자수,,,,,,,,,,,,,,,,,,,638.0,572.0,,,
1695.0,1617.0,1679.0,2686.0,2773.0,2643.0,2566.0,2483.0,2529.0,2594.0,2379.0,2350.0,2406.0,2268.0,2607.0,2786.0,2553.0,서 울 청,2023,https://api.odcloud.kr/api/15064475/v1/uddi:bd3cc240-a3ab-40a2-85cb-b3667f6856eb,PUB-008_노동지청별_재해자수,,,,,,,,,,,,,,,,,,,2758.0,3024.0,3071.0,,
3535.0,3199.0,2972.0,1652.0,1605.0,1618.0,1546.0,1432.0,1363.0,1372.0,1448.0,1337.0,1320.0,1263.0,1459.0,1570.0,1561.0,서울강남,2023,https://api.odcloud.kr/api/15064475/v1/uddi:bd3cc240-a3ab-40a2-85cb-b3667f6856eb,PUB-008_노동지청별_재해자수,,,,,,,,,,,,,,,,,,,2024.0,1895.0,2065.0,,
2112.0,1909.0,1904.0,1872.0,2213.0,2047.0,2193.0,1834.0,1827.0,1850.0,1970.0,1962.0,2032.0,2023.0,2394.0,2587.0,2495.0,서울동부,2023,https://api.odcloud.kr/api/15064475/v1/uddi:bd3cc240-a3ab-40a2-85cb-b3667f6856eb,PUB-008_노동지청별_재해자수,,,,,,,,,,,,,,,,,,,2901.0,3834.0,3948.0,,
1584.0,1649.0,1623.0,1566.0,1650.0,1600.0,1639.0,1502.0,1460.0,1488.0,1577.0,1594.0,1504.0,1587.0,1803.0,1988.0,1848.0,서울서부,2023,https://api.odcloud.kr/api/15064475/v1/uddi:bd3cc240-a3ab-40a2-85cb-b3667f6856eb,PUB-008_노동지청별_재해자수,,,,,,,,,,,,,,,,,,,2105.0,2287.0,2169.0,,
2172.0,2014.0,2058.0,2014.0,2112.0,2101.0,2035.0,1865.0,1758.0,1896.0,1764.0,1672.0,1796.0,1834.0,2182.0,2360.0,2129.0,서울남부,2023,https://api.odcloud.kr/api/15064475/v1/uddi:bd3cc240-a3ab-40a2-85cb-b3667f6856eb,PUB-008_노동지청별_재해자수,,,,,,,,,,,,,,,,,,,2224.0,2470.0,2633.0,,
1522.0,1515.0,1481.0,1359.0,1595.0,1660.0,1643.0,1500.0,1459.0,1532.0,1531.0,1569.0,1565.0,1592.0,1857.0,1856.0,1734.0,서울북부,2023,https://api.odcloud.kr/api/15064475/v1/uddi:bd3cc240-a3ab-40a2-85cb-b3667f6856eb,PUB-008_노동지청별_재해자수,,,,,,,,,,,,,,,,,,,1884.0,2104.0,2123.0,,
1851.0,1948.0,1943.0,1928.0,1997.0,1713.0,1995.0,1825.0,1817.0,1766.0,1777.0,1745.0,1691.0,1728.0,2053.0,1875.0,2036.0,서울관악,2023,https://api.odcloud.kr/api/15064475/v1/uddi:bd3cc240-a3ab-40a2-85cb-b3667f6856eb,PUB-008_노동지청별_재해자수,,,,,,,,,,,,,,,,,,,2086.0,2341.0,2286.0,,
4128.0,4224.0,2625.0,2802.0,3127.0,3486.0,3651.0,3318.0,3274.0,3230.0,3338.0,3230.0,3387.0,3275.0,3923.0,4142.0,4119.0,의 정 부,2023,https://api.odcloud.kr/api/15064475/v1/uddi:bd3cc240-a3ab-40a2-85cb-b3667f6856eb,PUB-008_노동지청별_재해자수,,,,,,,,,,,,,,,,,,,4824.0,5123.0,5087.0,,
740.0,768.0,885.0,993.0,1009.0,1224.0,1138.0,1060.0,1053.0,1092.0,1039.0,1002.0,999.0,975.0,1254.0,1258.0,1116.0,강    원,2023,https://api.odcloud.kr/api/15064475/v1/uddi:bd3cc240-a3ab-40a2-85cb-b3667f6856eb,PUB-008_노동지청별_재해자수,,,,,,,,,,,,,,,,,,,1271.0,1309.0,1448.0,,
954.0,879.0,863.0,813.0,685.0,693.0,639.0,615.0,529.0,572.0,869.0,939.0,924.0,1003.0,1365.0,1474.0,1731.0,태    백,2023,https://api.odcloud.kr/api/15064475/v1/uddi:bd3cc240-a3ab-40a2-85cb-b3667f6856eb,PUB-008_노동지청별_재해자수,,,,,,,,,,,,,,,,,,,1811.0,2161.0,1796.0,,
929.0,732.0,755.0,778.0,864.0,878.0,812.0,819.0,802.0,772.0,869.0,773.0,918.0,980.0,1074.0,1249.0,1290.0,강    릉,2023,https://api.odcloud.kr/api/15064475/v1/uddi:bd3cc240-a3ab-40a2-85cb-b3667f6856eb,PUB-008_노동지청별_재해자수,,,,,,,,,,,,,,,,,,,1519.0,1501.0,1524.0,,
551.0,616.0,641.0,706.0,715.0,767.0,760.0,788.0,676.0,723.0,769.0,738.0,747.0,692.0,807.0,913.0,812.0,원    주,2023,https://api.odcloud.kr/api/15064475/v1/uddi:bd3cc240-a3ab-40a2-85cb-b3667f6856eb,PUB-008_노동지청별_재해자수,,,,,,,,,,,,,,,,,,,973.0,1072.0,1182.0,,
841.0,830.0,790.0,814.0,696.0,662.0,648.0,601.0,588.0,574.0,613.0,597.0,649.0,793.0,824.0,845.0,872.0,영    월,2023,https://api.odcloud.kr/api/15064475/v1/uddi:bd3cc240-a3ab-40a2-85cb-b3667f6856eb,PUB-008_노동지청별_재해자수,,,,,,,,,,,,,,,,,,,1362.0,1498.0,1224.0,,
3076.0,2697.0,2812.0,2751.0,2757.0,2876.0,2733.0,2349.0,2465.0,2255.0,2196.0,2200.0,2341.0,2170.0,2533.0,2588.0,2548.0,부 산 청,2023,https://api.odcloud.kr/api/15064475/v1/uddi:bd3cc240-a3ab-40a2-85cb-b3667f6856eb,PUB-008_노동지청별_재해자수,,,,,,,,,,,,,,,,,,,2963.0,3108.0,3450.0,,
1339.0,1208.0,1212.0,1239.0,1331.0,1584.0,1463.0,1423.0,1422.0,1447.0,1443.0,1461.0,1494.0,1470.0,1605.0,1722.0,1631.0,부산동부,2023,https://api.odcloud.kr/api/15064475/v1/uddi:bd3cc240-a3ab-40a2-85cb-b3667f6856eb,PUB-008_노동지청별_재해자수,,,,,,,,,,,,,,,,,,,1862.0,2031.0,2145.0,,
2112.0,2091.0,2248.0,2173.0,2379.0,2279.0,2213.0,2100.0,2147.0,1903.0,1949.0,1882.0,1778.0,1749.0,1950.0,2080.0,1929.0,부산북부,2023,https://api.odcloud.kr/api/15064475/v1/uddi:bd3cc240-a3ab-40a2-85cb-b3667f6856eb,PUB-008_노동지청별_재해자수,,,,,,,,,,,,,,,,,,,2021.0,2037.0,2164.0,,
3283.0,3193.0,3119.0,3035.0,3022.0,2696.0,3000.0,2918.0,2880.0,2725.0,2528.0,2522.0,2509.0,2363.0,2517.0,2737.0,2774.0,창    원,2023,https://api.odcloud.kr/api/15064475/v1/uddi:bd3cc240-a3ab-40a2-85cb-b3667f6856eb,PUB-008_노동지청별_재해자수,,,,,,,,,,,,,,,,,,,2965.0,2929.0,3383.0,,
3925.0,3475.0,3258.0,3367.0,3313.0,3201.0,2895.0,2929.0,2891.0,2870.0,2877.0,2782.0,2638.0,2768.0,3100.0,3468.0,3319.0,울    산,2023,https://api.odcloud.kr/api/15064475/v1/uddi:bd3cc240-a3ab-40a2-85cb-b3667f6856eb,PUB-008_노동지청별_재해자수,,,,,,,,,,,,,,,,,,,3853.0,4580.0,5355.0,,
2547.0,2435.0,2671.0,2734.0,2806.0,2851.0,2811.0,2902.0,2801.0,2426.0,2498.0,2418.0,2626.0,2398.0,2726.0,2866.0,2754.0,양    산,2023,https://api.odcloud.kr/api/15064475/v1/uddi:bd3cc240-a3ab-40a2-85cb-b3667f6856eb,PUB-008_노동지청별_재해자수,,,,,,,,,,,,,,,,,,,2990.0,3038.0,3367.0,,
978.0,897.0,1021.0,1184.0,1255.0,1550.0,1427.0,1425.0,1295.0,1254.0,1217.0,1241.0,1187.0,1150.0,1360.0,1460.0,1442.0,진    주,2023,https://api.odcloud.kr/api/15064475/v1/uddi:bd3cc240-a3ab-40a2-85cb-b3667f6856eb,PUB-008_노동지청별_재해자수,,,,,,,,,,,,,,,,,,,1498.0,1526.0,1476.0,,
1400.0,1307.0,1343.0,1282.0,1495.0,1536.0,1424.0,1233.0,1154.0,1191.0,1333.0,1371.0,1266.0,1488.0,1376.0,1566.0,1783.0,통    영,2023,https://api.odcloud.kr/api/15064475/v1/uddi:bd3cc240-a3ab-40a2-85cb-b3667f6856eb,PUB-008_노동지청별_재해자수,,,,,,,,,,,,,,,,,,,2147.0,2054.0,2285.0,,
2248.0,1882.0,2069.0,2413.0,2565.0,2634.0,2719.0,2608.0,2447.0,2462.0,2460.0,2534.0,2635.0,2601.0,2834.0,3020.0,2856.0,대 구 청,2023,https://api.odcloud.kr/api/15064475/v1/uddi:bd3cc240-a3ab-40a2-85cb-b3667f6856eb,PUB-008_노동지청별_재해자수,,,,,,,,,,,,,,,,,,,3321.0,3634.0,3773.0,,
2884.0,2818.0,2788.0,2677.0,2690.0,2734.0,2800.0,2777.0,2613.0,2580.0,2607.0,2591.0,2634.0,2495.0,2775.0,2853.0,2833.0,대구서부,2023,https://api.odcloud.kr/api/15064475/v1/uddi:bd3cc240-a3ab-40a2-85cb-b3667f6856eb,PUB-008_노동지청별_재해자수,,,,,,,,,,,,,,,,,,,3099.0,3225.0,3466.0,,
1734.0,1741.0,1923.0,1908.0,1855.0,1955.0,1934.0,1832.0,1834.0,1759.0,1793.0,1693.0,1723.0,1649.0,1900.0,1950.0,1923.0,포    항,2023,https://api.odcloud.kr/api/15064475/v1/uddi:bd3cc240-a3ab-40a2-85cb-b3667f6856eb,PUB-008_노동지청별_재해자수,,,,,,,,,,,,,,,,,,,2271.0,2533.0,2751.0,,
887.0,790.0,880.0,812.0,810.0,855.0,833.0,841.0,796.0,795.0,827.0,800.0,777.0,737.0,822.0,848.0,864.0,구    미,2023,https://api.odcloud.kr/api/15064475/v1/uddi:bd3cc240-a3ab-40a2-85cb-b3667f6856eb,PUB-008_노동지청별_재해자수,,,,,,,,,,,,,,,,,,,901.0,1046.0,1104.0,,
681.0,799.0,699.0,646.0,741.0,774.0,778.0,749.0,708.0,710.0,653.0,671.0,675.0,738.0,832.0,915.0,930.0,영    주,2023,https://api.odcloud.kr/api/15064475/v1/uddi:bd3cc240-a3ab-40a2-85cb-b3667f6856eb,PUB-008_노동지청별_재해자수,,,,,,,,,,,,,,,,,,,1019.0,1099.0,935.0,,
418.0,358.0,402.0,410.0,428.0,604.0,566.0,566.0,568.0,543.0,488.0,563.0,547.0,476.0,534.0,583.0,574.0,안    동,2023,https://api.odcloud.kr/api/15064475/v1/uddi:bd3cc240-a3ab-40a2-85cb-b3667f6856eb,PUB-008_노동지청별_재해자수,,,,,,,,,,,,,,,,,,,638.0,580.0,618.0,,
3038.0,2814.0,2902.0,3095.0,3067.0,3159.0,3227.0,2944.0,2887.0,2848.0,2773.0,2744.0,2771.0,2865.0,3289.0,3180.0,3216.0,중 부 청,2023,https://api.odcloud.kr/api/15064475/v1/uddi:bd3cc240-a3ab-40a2-85cb-b3667f6856eb,PUB-008_노동지청별_재해자수,,,,,,,,,,,,,,,,,,,3576.0,3959.0,4387.0,,
2722.0,2698.0,2615.0,2520.0,2790.0,2761.0,2803.0,2657.0,2556.0,2521.0,2454.0,2514.0,2464.0,2340.0,2644.0,2866.0,2799.0,인천북부,2023,https://api.odcloud.kr/api/15064475/v1/uddi:bd3cc240-a3ab-40a2-85cb-b3667f6856eb,PUB-008_노동지청별_재해자수,,,,,,,,,,,,,,,,,,,3188.0,3467.0,3573.0,,
5872.0,4235.0,4645.0,5172.0,5509.0,5055.0,5455.0,5028.0,4950.0,5169.0,5289.0,5023.0,5072.0,5009.0,5735.0,6135.0,6097.0,경    기,2023,https://api.odcloud.kr/api/15064475/v1/uddi:bd3cc240-a3ab-40a2-85cb-b3667f6856eb,PUB-008_노동지청별_재해자수,,,,,,,,,,,,,,,,,,,7406.0,7736.0,7984.0,,
2045.0,1936.0,2151.0,2187.0,2364.0,2232.0,2427.0,2250.0,2362.0,2355.0,2197.0,2341.0,2350.0,2245.0,2522.0,2710.0,2626.0,부    천,2023,https://api.odcloud.kr/api/15064475/v1/uddi:bd3cc240-a3ab-40a2-85cb-b3667f6856eb,PUB-008_노동지청별_재해자수,,,,,,,,,,,,,,,,,,,3354.0,3030.0,2969.0,,
1974.0,1719.0,1879.0,1741.0,1808.0,1921.0,1967.0,1746.0,1655.0,1711.0,1732.0,1698.0,1655.0,1715.0,1894.0,2126.0,2077.0,안    양,2023,https://api.odcloud.kr/api/15064475/v1/uddi:bd3cc240-a3ab-40a2-85cb-b3667f6856eb,PUB-008_노동지청별_재해자수,,,,,,,,,,,,,,,,,,,2287.0,2447.0,2636.0,,
3284.0,3123.0,3540.0,3508.0,3635.0,3393.0,3697.0,3508.0,3360.0,3333.0,3169.0,2949.0,2917.0,2976.0,3249.0,3446.0,3434.0,안    산,2023,https://api.odcloud.kr/api/15064475/v1/uddi:bd3cc240-a3ab-40a2-85cb-b3667f6856eb,PUB-008_노동지청별_재해자수,,,,,,,,,,,,,,,,,,,3800.0,3855.0,3939.0,,
2492.0,2405.0,2579.0,2847.0,3136.0,3355.0,3489.0,3239.0,3274.0,3542.0,3393.0,3591.0,3708.0,3457.0,4101.0,4056.0,4275.0,성    남,2023,https://api.odcloud.kr/api/15064475/v1/uddi:bd3cc240-a3ab-40a2-85cb-b3667f6856eb,PUB-008_노동지청별_재해자수,,,,,,,,,,,,,,,,,,,4807.0,5260.0,5533.0,,
0.0,1650.0,1852.0,1945.0,2034.0,1910.0,2010.0,1984.0,1714.0,1794.0,1818.0,1823.0,1841.0,1965.0,2119.0,2374.0,2462.0,평    택,2023,https://api.odcloud.kr/api/15064475/v1/uddi:bd3cc240-a3ab-40a2-85cb-b3667f6856eb,PUB-008_노동지청별_재해자수,,,,,,,,,,,,,,,,,,,2746.0,3090.0,3390.0,,
0.0,0.0,1940.0,1889.0,2017.0,2239.0,2539.0,2231.0,2321.0,2246.0,2103.0,2245.0,2277.0,2322.0,2649.0,2774.0,2545.0,고    양,2023,https://api.odcloud.kr/api/15064475/v1/uddi:bd3cc240-a3ab-40a2-85cb-b3667f6856eb,PUB-008_노동지청별_재해자수,,,,,,,,,,,,,,,,,,,3071.0,3431.0,3707.0,,
3193.0,2941.0,2998.0,3155.0,3341.0,3308.0,3445.0,3288.0,3632.0,3450.0,3355.0,3279.0,3028.0,3214.0,3750.0,4085.0,4184.0,광 주 청,2023,https://api.odcloud.kr/api/15064475/v1/uddi:bd3cc240-a3ab-40a2-85cb-b3667f6856eb,PUB-008_노동지청별_재해자수,,,,,,,,,,,,,,,,,,,4660.0,4613.0,4894.0,,
1756.0,1630.0,1780.0,1690.0,1835.0,2313.0,2262.0,2267.0,2125.0,2220.0,2135.0,2056.0,1822.0,1853.0,2188.0,2219.0,2216.0,전    주,2023,https://api.odcloud.kr/api/15064475/v1/uddi:bd3cc240-a3ab-40a2-85cb-b3667f6856eb,PUB-008_노동지청별_재해자수,,,,,,,,,,,,,,,,,,,2497.0,2531.0,2488.0,,
881.0,784.0,895.0,717.0,857.0,928.0,871.0,899.0,901.0,808.0,682.0,615.0,688.0,728.0,855.0,928.0,895.0,익    산,2023,https://api.odcloud.kr/api/15064475/v1/uddi:bd3cc240-a3ab-40a2-85cb-b3667f6856eb,PUB-008_노동지청별_재해자수,,,,,,,,,,,,,,,,,,,1011.0,1004.0,1083.0,,
761.0,861.0,919.0,849.0,938.0,876.0,927.0,901.0,961.0,855.0,892.0,872.0,791.0,759.0,817.0,874.0,887.0,군    산,2023,https://api.odcloud.kr/api/15064475/v1/uddi:bd3cc240-a3ab-40a2-85cb-b3667f6856eb,PUB-008_노동지청별_재해자수,,,,,,,,,,,,,,,,,,,952.0,958.0,1115.0,,
990.0,1057.0,1235.0,1254.0,1616.0,1880.0,1564.0,1386.0,1356.0,1313.0,1160.0,1215.0,1247.0,1102.0,1241.0,1588.0,1646.0,목    포,2023,https://api.odcloud.kr/api/15064475/v1/uddi:bd3cc240-a3ab-40a2-85cb-b3667f6856eb,PUB-008_노동지청별_재해자수,,,,,,,,,,,,,,,,,,,1875.0,1814.0,1734.0,,
1091.0,1141.0,1244.0,1260.0,1324.0,1464.0,1420.0,1358.0,1381.0,1336.0,1226.0,1290.0,1311.0,1300.0,1497.0,1667.0,1893.0,여    수,2023,https://api.odcloud.kr/api/15064475/v1/uddi:bd3cc240-a3ab-40a2-85cb-b3667f6856eb,PUB-008_노동지청별_재해자수,,,,,,,,,,,,,,,,,,,1938.0,1972.0,2034.0,,
663.0,655.0,819.0,764.0,851.0,890.0,895.0,918.0,1120.0,1082.0,1200.0,1160.0,1207.0,1297.0,1315.0,1360.0,1207.0,제    주,2023,https://api.odcloud.kr/api/15064475/v1/uddi:bd3cc240-a3ab-40a2-85cb-b3667f6856eb,PUB-008_노동지청별_재해자수,,,,,,,,,,,,,,,,,,,1300.0,1436.0,1530.0,,
2601.0,2491.0,2843.0,2642.0,3226.0,3344.0,3369.0,3269.0,3112.0,3293.0,3151.0,3214.0,3410.0,3286.0,3896.0,4378.0,4457.0,대 전 청,2023,https://api.odcloud.kr/api/15064475/v1/uddi:bd3cc240-a3ab-40a2-85cb-b3667f6856eb,PUB-008_노동지청별_재해자수,,,,,,,,,,,,,,,,,,,5095.0,5366.0,5723.0,,
1707.0,1711.0,1985.0,1889.0,2155.0,2300.0,2244.0,2097.0,2266.0,2299.0,2224.0,2233.0,2269.0,2175.0,2528.0,2733.0,2750.0,청    주,2023,https://api.odcloud.kr/api/15064475/v1/uddi:bd3cc240-a3ab-40a2-85cb-b3667f6856eb,PUB-008_노동지청별_재해자수,,,,,,,,,,,,,,,,,,,2962.0,3229.0,3379.0,,
815.0,863.0,1067.0,1170.0,1224.0,1354.0,1349.0,1316.0,1421.0,1393.0,1311.0,1233.0,1203.0,1258.0,1408.0,1631.0,1565.0,충    주,2023,https://api.odcloud.kr/api/15064475/v1/uddi:bd3cc240-a3ab-40a2-85cb-b3667f6856eb,PUB-008_노동지청별_재해자수,,,,,,,,,,,,,,,,,,,1707.0,1756.0,1929.0,,
1837.0,1999.0,2199.0,2124.0,2397.0,2631.0,2522.0,2536.0,2588.0,2687.0,2672.0,2480.0,2457.0,2472.0,2732.0,3019.0,3176.0,천    안,2023,https://api.odcloud.kr/api/15064475/v1/uddi:bd3cc240-a3ab-40a2-85cb-b3667f6856eb,PUB-008_노동지청별_재해자수,,,,,,,,,,,,,,,,,,,3438.0,3652.0,4052.0,,
1026.0,1107.0,1159.0,1115.0,1194.0,1287.0,1302.0,1176.0,1158.0,1188.0,1161.0,1317.0,1400.0,1245.0,1410.0,1066.0,1057.0,보    령,2023,https://api.odcloud.kr/api/15064475/v1/uddi:bd3cc240-a3ab-40a2-85cb-b3667f6856eb,PUB-008_노동지청별_재해자수,,,,,,,,,,,,,,,,,,,1115.0,1131.0,1228.0,,
0.0,0.0,0.0,0.0,0.0,0.0,0.0,0.0,0.0,0.0,0.0,0.0,0.0,0.0,0.0,468.0,459.0,서    산,2023,https://api.odcloud.kr/api/15064475/v1/uddi:bd3cc240-a3ab-40a2-85cb-b3667f6856eb,PUB-008_노동지청별_재해자수,,,,,,,,,,,,,,,,,,,638.0,572.0,661.0,,
1695.0,1617.0,1679.0,2686.0,2773.0,2643.0,2566.0,2483.0,2529.0,2594.0,2379.0,2350.0,2406.0,2268.0,2607.0,2786.0,2553.0,서 울 청,2024,https://api.odcloud.kr/api/15064475/v1/uddi:a6ae30d6-00bb-4fa1-acfc-fa19320e45a7,PUB-008_노동지청별_재해자수,,,,,,,,,,,,,,,,,,,2758.0,3024.0,3071.0,3209.0,
3535.0,3199.0,2972.0,1652.0,1605.0,1618.0,1546.0,1432.0,1363.0,1372.0,1448.0,1337.0,1320.0,1263.0,1459.0,1570.0,1561.0,서울강남,2024,https://api.odcloud.kr/api/15064475/v1/uddi:a6ae30d6-00bb-4fa1-acfc-fa19320e45a7,PUB-008_노동지청별_재해자수,,,,,,,,,,,,,,,,,,,2024.0,1895.0,2065.0,2063.0,
2112.0,1909.0,1904.0,1872.0,2213.0,2047.0,2193.0,1834.0,1827.0,1850.0,1970.0,1962.0,2032.0,2023.0,2394.0,2587.0,2495.0,서울동부,2024,https://api.odcloud.kr/api/15064475/v1/uddi:a6ae30d6-00bb-4fa1-acfc-fa19320e45a7,PUB-008_노동지청별_재해자수,,,,,,,,,,,,,,,,,,,2901.0,3834.0,3948.0,5303.0,
1584.0,1649.0,1623.0,1566.0,1650.0,1600.0,1639.0,1502.0,1460.0,1488.0,1577.0,1594.0,1504.0,1587.0,1803.0,1988.0,1848.0,서울서부,2024,https://api.odcloud.kr/api/15064475/v1/uddi:a6ae30d6-00bb-4fa1-acfc-fa19320e45a7,PUB-008_노동지청별_재해자수,,,,,,,,,,,,,,,,,,,2105.0,2287.0,2169.0,2163.0,
2172.0,2014.0,2058.0,2014.0,2112.0,2101.0,2035.0,1865.0,1758.0,1896.0,1764.0,1672.0,1796.0,1834.0,2182.0,2360.0,2129.0,서울남부,2024,https://api.odcloud.kr/api/15064475/v1/uddi:a6ae30d6-00bb-4fa1-acfc-fa19320e45a7,PUB-008_노동지청별_재해자수,,,,,,,,,,,,,,,,,,,2224.0,2470.0,2633.0,2827.0,
1522.0,1515.0,1481.0,1359.0,1595.0,1660.0,1643.0,1500.0,1459.0,1532.0,1531.0,1569.0,1565.0,1592.0,1857.0,1856.0,1734.0,서울북부,2024,https://api.odcloud.kr/api/15064475/v1/uddi:a6ae30d6-00bb-4fa1-acfc-fa19320e45a7,PUB-008_노동지청별_재해자수,,,,,,,,,,,,,,,,,,,1884.0,2104.0,2123.0,2072.0,
1851.0,1948.0,1943.0,1928.0,1997.0,1713.0,1995.0,1825.0,1817.0,1766.0,1777.0,1745.0,1691.0,1728.0,2053.0,1875.0,2036.0,서울관악,2024,https://api.odcloud.kr/api/15064475/v1/uddi:a6ae30d6-00bb-4fa1-acfc-fa19320e45a7,PUB-008_노동지청별_재해자수,,,,,,,,,,,,,,,,,,,2086.0,2341.0,2286.0,2222.0,
4128.0,4224.0,2625.0,2802.0,3127.0,3486.0,3651.0,3318.0,3274.0,3230.0,3338.0,3230.0,3387.0,3275.0,3923.0,4142.0,4119.0,의 정 부,2024,https://api.odcloud.kr/api/15064475/v1/uddi:a6ae30d6-00bb-4fa1-acfc-fa19320e45a7,PUB-008_노동지청별_재해자수,,,,,,,,,,,,,,,,,,,4824.0,5123.0,5087.0,5113.0,
740.0,768.0,885.0,993.0,1009.0,1224.0,1138.0,1060.0,1053.0,1092.0,1039.0,1002.0,999.0,975.0,1254.0,1258.0,1116.0,강    원,2024,https://api.odcloud.kr/api/15064475/v1/uddi:a6ae30d6-00bb-4fa1-acfc-fa19320e45a7,PUB-008_노동지청별_재해자수,,,,,,,,,,,,,,,,,,,1271.0,1309.0,1448.0,1493.0,
954.0,879.0,863.0,813.0,685.0,693.0,639.0,615.0,529.0,572.0,869.0,939.0,924.0,1003.0,1365.0,1474.0,1731.0,태    백,2024,https://api.odcloud.kr/api/15064475/v1/uddi:a6ae30d6-00bb-4fa1-acfc-fa19320e45a7,PUB-008_노동지청별_재해자수,,,,,,,,,,,,,,,,,,,1811.0,2161.0,1796.0,1966.0,
929.0,732.0,755.0,778.0,864.0,878.0,812.0,819.0,802.0,772.0,869.0,773.0,918.0,980.0,1074.0,1249.0,1290.0,강    릉,2024,https://api.odcloud.kr/api/15064475/v1/uddi:a6ae30d6-00bb-4fa1-acfc-fa19320e45a7,PUB-008_노동지청별_재해자수,,,,,,,,,,,,,,,,,,,1519.0,1501.0,1524.0,1649.0,
551.0,616.0,641.0,706.0,715.0,767.0,760.0,788.0,676.0,723.0,769.0,738.0,747.0,692.0,807.0,913.0,812.0,원    주,2024,https://api.odcloud.kr/api/15064475/v1/uddi:a6ae30d6-00bb-4fa1-acfc-fa19320e45a7,PUB-008_노동지청별_재해자수,,,,,,,,,,,,,,,,,,,973.0,1072.0,1182.0,1183.0,
841.0,830.0,790.0,814.0,696.0,662.0,648.0,601.0,588.0,574.0,613.0,597.0,649.0,793.0,824.0,845.0,872.0,영    월,2024,https://api.odcloud.kr/api/15064475/v1/uddi:a6ae30d6-00bb-4fa1-acfc-fa19320e45a7,PUB-008_노동지청별_재해자수,,,,,,,,,,,,,,,,,,,1362.0,1498.0,1224.0,1193.0,
3076.0,2697.0,2812.0,2751.0,2757.0,2876.0,2733.0,2349.0,2465.0,2255.0,2196.0,2200.0,2341.0,2170.0,2533.0,2588.0,2548.0,부 산 청,2024,https://api.odcloud.kr/api/15064475/v1/uddi:a6ae30d6-00bb-4fa1-acfc-fa19320e45a7,PUB-008_노동지청별_재해자수,,,,,,,,,,,,,,,,,,,2963.0,3108.0,3450.0,3326.0,
1339.0,1208.0,1212.0,1239.0,1331.0,1584.0,1463.0,1423.0,1422.0,1447.0,1443.0,1461.0,1494.0,1470.0,1605.0,1722.0,1631.0,부산동부,2024,https://api.odcloud.kr/api/15064475/v1/uddi:a6ae30d6-00bb-4fa1-acfc-fa19320e45a7,PUB-008_노동지청별_재해자수,,,,,,,,,,,,,,,,,,,1862.0,2031.0,2145.0,2330.0,
2112.0,2091.0,2248.0,2173.0,2379.0,2279.0,2213.0,2100.0,2147.0,1903.0,1949.0,1882.0,1778.0,1749.0,1950.0,2080.0,1929.0,부산북부,2024,https://api.odcloud.kr/api/15064475/v1/uddi:a6ae30d6-00bb-4fa1-acfc-fa19320e45a7,PUB-008_노동지청별_재해자수,,,,,,,,,,,,,,,,,,,2021.0,2037.0,2164.0,2320.0,
3283.0,3193.0,3119.0,3035.0,3022.0,2696.0,3000.0,2918.0,2880.0,2725.0,2528.0,2522.0,2509.0,2363.0,2517.0,2737.0,2774.0,창    원,2024,https://api.odcloud.kr/api/15064475/v1/uddi:a6ae30d6-00bb-4fa1-acfc-fa19320e45a7,PUB-008_노동지청별_재해자수,,,,,,,,,,,,,,,,,,,2965.0,2929.0,3383.0,3653.0,
3925.0,3475.0,3258.0,3367.0,3313.0,3201.0,2895.0,2929.0,2891.0,2870.0,2877.0,2782.0,2638.0,2768.0,3100.0,3468.0,3319.0,울    산,2024,https://api.odcloud.kr/api/15064475/v1/uddi:a6ae30d6-00bb-4fa1-acfc-fa19320e45a7,PUB-008_노동지청별_재해자수,,,,,,,,,,,,,,,,,,,3853.0,4580.0,5355.0,4903.0,
2547.0,2435.0,2671.0,2734.0,2806.0,2851.0,2811.0,2902.0,2801.0,2426.0,2498.0,2418.0,2626.0,2398.0,2726.0,2866.0,2754.0,양    산,2024,https://api.odcloud.kr/api/15064475/v1/uddi:a6ae30d6-00bb-4fa1-acfc-fa19320e45a7,PUB-008_노동지청별_재해자수,,,,,,,,,,,,,,,,,,,2990.0,3038.0,3367.0,3484.0,
978.0,897.0,1021.0,1184.0,1255.0,1550.0,1427.0,1425.0,1295.0,1254.0,1217.0,1241.0,1187.0,1150.0,1360.0,1460.0,1442.0,진    주,2024,https://api.odcloud.kr/api/15064475/v1/uddi:a6ae30d6-00bb-4fa1-acfc-fa19320e45a7,PUB-008_노동지청별_재해자수,,,,,,,,,,,,,,,,,,,1498.0,1526.0,1476.0,1651.0,
1400.0,1307.0,1343.0,1282.0,1495.0,1536.0,1424.0,1233.0,1154.0,1191.0,1333.0,1371.0,1266.0,1488.0,1376.0,1566.0,1783.0,통    영,2024,https://api.odcloud.kr/api/15064475/v1/uddi:a6ae30d6-00bb-4fa1-acfc-fa19320e45a7,PUB-008_노동지청별_재해자수,,,,,,,,,,,,,,,,,,,2147.0,2054.0,2285.0,2358.0,
2248.0,1882.0,2069.0,2413.0,2565.0,2634.0,2719.0,2608.0,2447.0,2462.0,2460.0,2534.0,2635.0,2601.0,2834.0,3020.0,2856.0,대 구 청,2024,https://api.odcloud.kr/api/15064475/v1/uddi:a6ae30d6-00bb-4fa1-acfc-fa19320e45a7,PUB-008_노동지청별_재해자수,,,,,,,,,,,,,,,,,,,3321.0,3634.0,3773.0,4026.0,
2884.0,2818.0,2788.0,2677.0,2690.0,2734.0,2800.0,2777.0,2613.0,2580.0,2607.0,2591.0,2634.0,2495.0,2775.0,2853.0,2833.0,대구서부,2024,https://api.odcloud.kr/api/15064475/v1/uddi:a6ae30d6-00bb-4fa1-acfc-fa19320e45a7,PUB-008_노동지청별_재해자수,,,,,,,,,,,,,,,,,,,3099.0,3225.0,3466.0,3500.0,
1734.0,1741.0,1923.0,1908.0,1855.0,1955.0,1934.0,1832.0,1834.0,1759.0,1793.0,1693.0,1723.0,1649.0,1900.0,1950.0,1923.0,포    항,2024,https://api.odcloud.kr/api/15064475/v1/uddi:a6ae30d6-00bb-4fa1-acfc-fa19320e45a7,PUB-008_노동지청별_재해자수,,,,,,,,,,,,,,,,,,,2271.0,2533.0,2751.0,2987.0,
887.0,790.0,880.0,812.0,810.0,855.0,833.0,841.0,796.0,795.0,827.0,800.0,777.0,737.0,822.0,848.0,864.0,구    미,2024,https://api.odcloud.kr/api/15064475/v1/uddi:a6ae30d6-00bb-4fa1-acfc-fa19320e45a7,PUB-008_노동지청별_재해자수,,,,,,,,,,,,,,,,,,,901.0,1046.0,1104.0,1195.0,
681.0,799.0,699.0,646.0,741.0,774.0,778.0,749.0,708.0,710.0,653.0,671.0,675.0,738.0,832.0,915.0,930.0,영    주,2024,https://api.odcloud.kr/api/15064475/v1/uddi:a6ae30d6-00bb-4fa1-acfc-fa19320e45a7,PUB-008_노동지청별_재해자수,,,,,,,,,,,,,,,,,,,1019.0,1099.0,935.0,1043.0,
418.0,358.0,402.0,410.0,428.0,604.0,566.0,566.0,568.0,543.0,488.0,563.0,547.0,476.0,534.0,583.0,574.0,안    동,2024,https://api.odcloud.kr/api/15064475/v1/uddi:a6ae30d6-00bb-4fa1-acfc-fa19320e45a7,PUB-008_노동지청별_재해자수,,,,,,,,,,,,,,,,,,,638.0,580.0,618.0,700.0,
3038.0,2814.0,2902.0,3095.0,3067.0,3159.0,3227.0,2944.0,2887.0,2848.0,2773.0,2744.0,2771.0,2865.0,3289.0,3180.0,3216.0,중 부 청,2024,https://api.odcloud.kr/api/15064475/v1/uddi:a6ae30d6-00bb-4fa1-acfc-fa19320e45a7,PUB-008_노동지청별_재해자수,,,,,,,,,,,,,,,,,,,3576.0,3959.0,4387.0,4594.0,
2722.0,2698.0,2615.0,2520.0,2790.0,2761.0,2803.0,2657.0,2556.0,2521.0,2454.0,2514.0,2464.0,2340.0,2644.0,2866.0,2799.0,인천북부,2024,https://api.odcloud.kr/api/15064475/v1/uddi:a6ae30d6-00bb-4fa1-acfc-fa19320e45a7,PUB-008_노동지청별_재해자수,,,,,,,,,,,,,,,,,,,3188.0,3467.0,3573.0,3780.0,
5872.0,4235.0,4645.0,5172.0,5509.0,5055.0,5455.0,5028.0,4950.0,5169.0,5289.0,5023.0,5072.0,5009.0,5735.0,6135.0,6097.0,경    기,2024,https://api.odcloud.kr/api/15064475/v1/uddi:a6ae30d6-00bb-4fa1-acfc-fa19320e45a7,PUB-008_노동지청별_재해자수,,,,,,,,,,,,,,,,,,,7406.0,7736.0,7984.0,8330.0,
2045.0,1936.0,2151.0,2187.0,2364.0,2232.0,2427.0,2250.0,2362.0,2355.0,2197.0,2341.0,2350.0,2245.0,2522.0,2710.0,2626.0,부    천,2024,https://api.odcloud.kr/api/15064475/v1/uddi:a6ae30d6-00bb-4fa1-acfc-fa19320e45a7,PUB-008_노동지청별_재해자수,,,,,,,,,,,,,,,,,,,3354.0,3030.0,2969.0,3093.0,
1974.0,1719.0,1879.0,1741.0,1808.0,1921.0,1967.0,1746.0,1655.0,1711.0,1732.0,1698.0,1655.0,1715.0,1894.0,2126.0,2077.0,안    양,2024,https://api.odcloud.kr/api/15064475/v1/uddi:a6ae30d6-00bb-4fa1-acfc-fa19320e45a7,PUB-008_노동지청별_재해자수,,,,,,,,,,,,,,,,,,,2287.0,2447.0,2636.0,2824.0,
3284.0,3123.0,3540.0,3508.0,3635.0,3393.0,3697.0,3508.0,3360.0,3333.0,3169.0,2949.0,2917.0,2976.0,3249.0,3446.0,3434.0,안    산,2024,https://api.odcloud.kr/api/15064475/v1/uddi:a6ae30d6-00bb-4fa1-acfc-fa19320e45a7,PUB-008_노동지청별_재해자수,,,,,,,,,,,,,,,,,,,3800.0,3855.0,3939.0,3761.0,
2492.0,2405.0,2579.0,2847.0,3136.0,3355.0,3489.0,3239.0,3274.0,3542.0,3393.0,3591.0,3708.0,3457.0,4101.0,4056.0,4275.0,성    남,2024,https://api.odcloud.kr/api/15064475/v1/uddi:a6ae30d6-00bb-4fa1-acfc-fa19320e45a7,PUB-008_노동지청별_재해자수,,,,,,,,,,,,,,,,,,,4807.0,5260.0,5533.0,6122.0,
0.0,1650.0,1852.0,1945.0,2034.0,1910.0,2010.0,1984.0,1714.0,1794.0,1818.0,1823.0,1841.0,1965.0,2119.0,2374.0,2462.0,평    택,2024,https://api.odcloud.kr/api/15064475/v1/uddi:a6ae30d6-00bb-4fa1-acfc-fa19320e45a7,PUB-008_노동지청별_재해자수,,,,,,,,,,,,,,,,,,,2746.0,3090.0,3390.0,3465.0,
0.0,0.0,1940.0,1889.0,2017.0,2239.0,2539.0,2231.0,2321.0,2246.0,2103.0,2245.0,2277.0,2322.0,2649.0,2774.0,2545.0,고    양,2024,https://api.odcloud.kr/api/15064475/v1/uddi:a6ae30d6-00bb-4fa1-acfc-fa19320e45a7,PUB-008_노동지청별_재해자수,,,,,,,,,,,,,,,,,,,3071.0,3431.0,3707.0,3734.0,
3193.0,2941.0,2998.0,3155.0,3341.0,3308.0,3445.0,3288.0,3632.0,3450.0,3355.0,3279.0,3028.0,3214.0,3750.0,4085.0,4184.0,광 주 청,2024,https://api.odcloud.kr/api/15064475/v1/uddi:a6ae30d6-00bb-4fa1-acfc-fa19320e45a7,PUB-008_노동지청별_재해자수,,,,,,,,,,,,,,,,,,,4660.0,4613.0,4894.0,4958.0,
1756.0,1630.0,1780.0,1690.0,1835.0,2313.0,2262.0,2267.0,2125.0,2220.0,2135.0,2056.0,1822.0,1853.0,2188.0,2219.0,2216.0,전    주,2024,https://api.odcloud.kr/api/15064475/v1/uddi:a6ae30d6-00bb-4fa1-acfc-fa19320e45a7,PUB-008_노동지청별_재해자수,,,,,,,,,,,,,,,,,,,2497.0,2531.0,2488.0,2533.0,
881.0,784.0,895.0,717.0,857.0,928.0,871.0,899.0,901.0,808.0,682.0,615.0,688.0,728.0,855.0,928.0,895.0,익    산,2024,https://api.odcloud.kr/api/15064475/v1/uddi:a6ae30d6-00bb-4fa1-acfc-fa19320e45a7,PUB-008_노동지청별_재해자수,,,,,,,,,,,,,,,,,,,1011.0,1004.0,1083.0,1158.0,
761.0,861.0,919.0,849.0,938.0,876.0,927.0,901.0,961.0,855.0,892.0,872.0,791.0,759.0,817.0,874.0,887.0,군    산,2024,https://api.odcloud.kr/api/15064475/v1/uddi:a6ae30d6-00bb-4fa1-acfc-fa19320e45a7,PUB-008_노동지청별_재해자수,,,,,,,,,,,,,,,,,,,952.0,958.0,1115.0,1112.0,
990.0,1057.0,1235.0,1254.0,1616.0,1880.0,1564.0,1386.0,1356.0,1313.0,1160.0,1215.0,1247.0,1102.0,1241.0,1588.0,1646.0,목    포,2024,https://api.odcloud.kr/api/15064475/v1/uddi:a6ae30d6-00bb-4fa1-acfc-fa19320e45a7,PUB-008_노동지청별_재해자수,,,,,,,,,,,,,,,,,,,1875.0,1814.0,1734.0,2048.0,
1091.0,1141.0,1244.0,1260.0,1324.0,1464.0,1420.0,1358.0,1381.0,1336.0,1226.0,1290.0,1311.0,1300.0,1497.0,1667.0,1893.0,여    수,2024,https://api.odcloud.kr/api/15064475/v1/uddi:a6ae30d6-00bb-4fa1-acfc-fa19320e45a7,PUB-008_노동지청별_재해자수,,,,,,,,,,,,,,,,,,,1938.0,1972.0,2034.0,2669.0,
663.0,655.0,819.0,764.0,851.0,890.0,895.0,918.0,1120.0,1082.0,1200.0,1160.0,1207.0,1297.0,1315.0,1360.0,1207.0,제    주,2024,https://api.odcloud.kr/api/15064475/v1/uddi:a6ae30d6-00bb-4fa1-acfc-fa19320e45a7,PUB-008_노동지청별_재해자수,,,,,,,,,,,,,,,,,,,1300.0,1436.0,1530.0,1597.0,
2601.0,2491.0,2843.0,2642.0,3226.0,3344.0,3369.0,3269.0,3112.0,3293.0,3151.0,3214.0,3410.0,3286.0,3896.0,4378.0,4457.0,대 전 청,2024,https://api.odcloud.kr/api/15064475/v1/uddi:a6ae30d6-00bb-4fa1-acfc-fa19320e45a7,PUB-008_노동지청별_재해자수,,,,,,,,,,,,,,,,,,,5095.0,5366.0,5723.0,5617.0,
1707.0,1711.0,1985.0,1889.0,2155.0,2300.0,2244.0,2097.0,2266.0,2299.0,2224.0,2233.0,2269.0,2175.0,2528.0,2733.0,2750.0,청    주,2024,https://api.odcloud.kr/api/15064475/v1/uddi:a6ae30d6-00bb-4fa1-acfc-fa19320e45a7,PUB-008_노동지청별_재해자수,,,,,,,,,,,,,,,,,,,2962.0,3229.0,3379.0,3492.0,
815.0,863.0,1067.0,1170.0,1224.0,1354.0,1349.0,1316.0,1421.0,1393.0,1311.0,1233.0,1203.0,1258.0,1408.0,1631.0,1565.0,충    주,2024,https://api.odcloud.kr/api/15064475/v1/uddi:a6ae30d6-00bb-4fa1-acfc-fa19320e45a7,PUB-008_노동지청별_재해자수,,,,,,,,,,,,,,,,,,,1707.0,1756.0,1929.0,2021.0,
1837.0,1999.0,2199.0,2124.0,2397.0,2631.0,2522.0,2536.0,2588.0,2687.0,2672.0,2480.0,2457.0,2472.0,2732.0,3019.0,3176.0,천    안,2024,https://api.odcloud.kr/api/15064475/v1/uddi:a6ae30d6-00bb-4fa1-acfc-fa19320e45a7,PUB-008_노동지청별_재해자수,,,,,,,,,,,,,,,,,,,3438.0,3652.0,4052.0,4147.0,
1026.0,1107.0,1159.0,1115.0,1194.0,1287.0,1302.0,1176.0,1158.0,1188.0,1161.0,1317.0,1400.0,1245.0,1410.0,1066.0,1057.0,보    령,2024,https://api.odcloud.kr/api/15064475/v1/uddi:a6ae30d6-00bb-4fa1-acfc-fa19320e45a7,PUB-008_노동지청별_재해자수,,,,,,,,,,,,,,,,,,,1115.0,1131.0,1228.0,1136.0,
0.0,0.0,0.0,0.0,0.0,0.0,0.0,0.0,0.0,0.0,0.0,0.0,0.0,0.0,0.0,468.0,459.0,서    산,2024,https://api.odcloud.kr/api/15064475/v1/uddi:a6ae30d6-00bb-4fa1-acfc-fa19320e45a7,PUB-008_노동지청별_재해자수,,,,,,,,,,,,,,,,,,,638.0,572.0,661.0,648.0,
1695.0,1617.0,1679.0,2686.0,2773.0,2643.0,2566.0,2483.0,2529.0,2594.0,2379.0,2350.0,2406.0,2268.0,2607.0,2786.0,2553.0,서 울 청,2025,https://api.odcloud.kr/api/15064475/v1/uddi:c2dc05ff-1611-4395-b46a-b92cefc95070,PUB-008_노동지청별_재해자수,,,,,,,,,,,,,,,,,,,2758.0,3024.0,3071.0,3209.0,3675.0
3535.0,3199.0,2972.0,1652.0,1605.0,1618.0,1546.0,1432.0,1363.0,1372.0,1448.0,1337.0,1320.0,1263.0,1459.0,1570.0,1561.0,서울강남,2025,https://api.odcloud.kr/api/15064475/v1/uddi:c2dc05ff-1611-4395-b46a-b92cefc95070,PUB-008_노동지청별_재해자수,,,,,,,,,,,,,,,,,,,2024.0,1895.0,2065.0,2063.0,2052.0
2112.0,1909.0,1904.0,1872.0,2213.0,2047.0,2193.0,1834.0,1827.0,1850.0,1970.0,1962.0,2032.0,2023.0,2394.0,2587.0,2495.0,서울동부,2025,https://api.odcloud.kr/api/15064475/v1/uddi:c2dc05ff-1611-4395-b46a-b92cefc95070,PUB-008_노동지청별_재해자수,,,,,,,,,,,,,,,,,,,2901.0,3834.0,3948.0,5303.0,4827.0
1584.0,1649.0,1623.0,1566.0,1650.0,1600.0,1639.0,1502.0,1460.0,1488.0,1577.0,1594.0,1504.0,1587.0,1803.0,1988.0,1848.0,서울서부,2025,https://api.odcloud.kr/api/15064475/v1/uddi:c2dc05ff-1611-4395-b46a-b92cefc95070,PUB-008_노동지청별_재해자수,,,,,,,,,,,,,,,,,,,2105.0,2287.0,2169.0,2163.0,2330.0
2172.0,2014.0,2058.0,2014.0,2112.0,2101.0,2035.0,1865.0,1758.0,1896.0,1764.0,1672.0,1796.0,1834.0,2182.0,2360.0,2129.0,서울남부,2025,https://api.odcloud.kr/api/15064475/v1/uddi:c2dc05ff-1611-4395-b46a-b92cefc95070,PUB-008_노동지청별_재해자수,,,,,,,,,,,,,,,,,,,2224.0,2470.0,2633.0,2827.0,3031.0
1522.0,1515.0,1481.0,1359.0,1595.0,1660.0,1643.0,1500.0,1459.0,1532.0,1531.0,1569.0,1565.0,1592.0,1857.0,1856.0,1734.0,서울북부,2025,https://api.odcloud.kr/api/15064475/v1/uddi:c2dc05ff-1611-4395-b46a-b92cefc95070,PUB-008_노동지청별_재해자수,,,,,,,,,,,,,,,,,,,1884.0,2104.0,2123.0,2072.0,2236.0
1851.0,1948.0,1943.0,1928.0,1997.0,1713.0,1995.0,1825.0,1817.0,1766.0,1777.0,1745.0,1691.0,1728.0,2053.0,1875.0,2036.0,서울관악,2025,https://api.odcloud.kr/api/15064475/v1/uddi:c2dc05ff-1611-4395-b46a-b92cefc95070,PUB-008_노동지청별_재해자수,,,,,,,,,,,,,,,,,,,2086.0,2341.0,2286.0,2222.0,2452.0
4128.0,4224.0,2625.0,2802.0,3127.0,3486.0,3651.0,3318.0,3274.0,3230.0,3338.0,3230.0,3387.0,3275.0,3923.0,4142.0,4119.0,의 정 부,2025,https://api.odcloud.kr/api/15064475/v1/uddi:c2dc05ff-1611-4395-b46a-b92cefc95070,PUB-008_노동지청별_재해자수,,,,,,,,,,,,,,,,,,,4824.0,5123.0,5087.0,5113.0,5315.0
740.0,768.0,885.0,993.0,1009.0,1224.0,1138.0,1060.0,1053.0,1092.0,1039.0,1002.0,999.0,975.0,1254.0,1258.0,1116.0,강    원,2025,https://api.odcloud.kr/api/15064475/v1/uddi:c2dc05ff-1611-4395-b46a-b92cefc95070,PUB-008_노동지청별_재해자수,,,,,,,,,,,,,,,,,,,1271.0,1309.0,1448.0,1493.0,1482.0
954.0,879.0,863.0,813.0,685.0,693.0,639.0,615.0,529.0,572.0,869.0,939.0,924.0,1003.0,1365.0,1474.0,1731.0,태    백,2025,https://api.odcloud.kr/api/15064475/v1/uddi:c2dc05ff-1611-4395-b46a-b92cefc95070,PUB-008_노동지청별_재해자수,,,,,,,,,,,,,,,,,,,1811.0,2161.0,1796.0,1966.0,1975.0
929.0,732.0,755.0,778.0,864.0,878.0,812.0,819.0,802.0,772.0,869.0,773.0,918.0,980.0,1074.0,1249.0,1290.0,강    릉,2025,https://api.odcloud.kr/api/15064475/v1/uddi:c2dc05ff-1611-4395-b46a-b92cefc95070,PUB-008_노동지청별_재해자수,,,,,,,,,,,,,,,,,,,1519.0,1501.0,1524.0,1649.0,1511.0
551.0,616.0,641.0,706.0,715.0,767.0,760.0,788.0,676.0,723.0,769.0,738.0,747.0,692.0,807.0,913.0,812.0,원    주,2025,https://api.odcloud.kr/api/15064475/v1/uddi:c2dc05ff-1611-4395-b46a-b92cefc95070,PUB-008_노동지청별_재해자수,,,,,,,,,,,,,,,,,,,973.0,1072.0,1182.0,1183.0,1272.0
841.0,830.0,790.0,814.0,696.0,662.0,648.0,601.0,588.0,574.0,613.0,597.0,649.0,793.0,824.0,845.0,872.0,영    월,2025,https://api.odcloud.kr/api/15064475/v1/uddi:c2dc05ff-1611-4395-b46a-b92cefc95070,PUB-008_노동지청별_재해자수,,,,,,,,,,,,,,,,,,,1362.0,1498.0,1224.0,1193.0,1096.0
3076.0,2697.0,2812.0,2751.0,2757.0,2876.0,2733.0,2349.0,2465.0,2255.0,2196.0,2200.0,2341.0,2170.0,2533.0,2588.0,2548.0,부 산 청,2025,https://api.odcloud.kr/api/15064475/v1/uddi:c2dc05ff-1611-4395-b46a-b92cefc95070,PUB-008_노동지청별_재해자수,,,,,,,,,,,,,,,,,,,2963.0,3108.0,3450.0,3326.0,3783.0
1339.0,1208.0,1212.0,1239.0,1331.0,1584.0,1463.0,1423.0,1422.0,1447.0,1443.0,1461.0,1494.0,1470.0,1605.0,1722.0,1631.0,부산동부,2025,https://api.odcloud.kr/api/15064475/v1/uddi:c2dc05ff-1611-4395-b46a-b92cefc95070,PUB-008_노동지청별_재해자수,,,,,,,,,,,,,,,,,,,1862.0,2031.0,2145.0,2330.0,2382.0
2112.0,2091.0,2248.0,2173.0,2379.0,2279.0,2213.0,2100.0,2147.0,1903.0,1949.0,1882.0,1778.0,1749.0,1950.0,2080.0,1929.0,부산북부,2025,https://api.odcloud.kr/api/15064475/v1/uddi:c2dc05ff-1611-4395-b46a-b92cefc95070,PUB-008_노동지청별_재해자수,,,,,,,,,,,,,,,,,,,2021.0,2037.0,2164.0,2320.0,2297.0
3283.0,3193.0,3119.0,3035.0,3022.0,2696.0,3000.0,2918.0,2880.0,2725.0,2528.0,2522.0,2509.0,2363.0,2517.0,2737.0,2774.0,창    원,2025,https://api.odcloud.kr/api/15064475/v1/uddi:c2dc05ff-1611-4395-b46a-b92cefc95070,PUB-008_노동지청별_재해자수,,,,,,,,,,,,,,,,,,,2965.0,2929.0,3383.0,3653.0,3729.0
3925.0,3475.0,3258.0,3367.0,3313.0,3201.0,2895.0,2929.0,2891.0,2870.0,2877.0,2782.0,2638.0,2768.0,3100.0,3468.0,3319.0,울    산,2025,https://api.odcloud.kr/api/15064475/v1/uddi:c2dc05ff-1611-4395-b46a-b92cefc95070,PUB-008_노동지청별_재해자수,,,,,,,,,,,,,,,,,,,3853.0,4580.0,5355.0,4903.0,5682.0
2547.0,2435.0,2671.0,2734.0,2806.0,2851.0,2811.0,2902.0,2801.0,2426.0,2498.0,2418.0,2626.0,2398.0,2726.0,2866.0,2754.0,양    산,2025,https://api.odcloud.kr/api/15064475/v1/uddi:c2dc05ff-1611-4395-b46a-b92cefc95070,PUB-008_노동지청별_재해자수,,,,,,,,,,,,,,,,,,,2990.0,3038.0,3367.0,3484.0,3413.0
978.0,897.0,1021.0,1184.0,1255.0,1550.0,1427.0,1425.0,1295.0,1254.0,1217.0,1241.0,1187.0,1150.0,1360.0,1460.0,1442.0,진    주,2025,https://api.odcloud.kr/api/15064475/v1/uddi:c2dc05ff-1611-4395-b46a-b92cefc95070,PUB-008_노동지청별_재해자수,,,,,,,,,,,,,,,,,,,1498.0,1526.0,1476.0,1651.0,1704.0
1400.0,1307.0,1343.0,1282.0,1495.0,1536.0,1424.0,1233.0,1154.0,1191.0,1333.0,1371.0,1266.0,1488.0,1376.0,1566.0,1783.0,통    영,2025,https://api.odcloud.kr/api/15064475/v1/uddi:c2dc05ff-1611-4395-b46a-b92cefc95070,PUB-008_노동지청별_재해자수,,,,,,,,,,,,,,,,,,,2147.0,2054.0,2285.0,2358.0,2215.0
2248.0,1882.0,2069.0,2413.0,2565.0,2634.0,2719.0,2608.0,2447.0,2462.0,2460.0,2534.0,2635.0,2601.0,2834.0,3020.0,2856.0,대 구 청,2025,https://api.odcloud.kr/api/15064475/v1/uddi:c2dc05ff-1611-4395-b46a-b92cefc95070,PUB-008_노동지청별_재해자수,,,,,,,,,,,,,,,,,,,3321.0,3634.0,3773.0,4026.0,4170.0
2884.0,2818.0,2788.0,2677.0,2690.0,2734.0,2800.0,2777.0,2613.0,2580.0,2607.0,2591.0,2634.0,2495.0,2775.0,2853.0,2833.0,대구서부,2025,https://api.odcloud.kr/api/15064475/v1/uddi:c2dc05ff-1611-4395-b46a-b92cefc95070,PUB-008_노동지청별_재해자수,,,,,,,,,,,,,,,,,,,3099.0,3225.0,3466.0,3500.0,3634.0
1734.0,1741.0,1923.0,1908.0,1855.0,1955.0,1934.0,1832.0,1834.0,1759.0,1793.0,1693.0,1723.0,1649.0,1900.0,1950.0,1923.0,포    항,2025,https://api.odcloud.kr/api/15064475/v1/uddi:c2dc05ff-1611-4395-b46a-b92cefc95070,PUB-008_노동지청별_재해자수,,,,,,,,,,,,,,,,,,,2271.0,2533.0,2751.0,2987.0,3306.0
887.0,790.0,880.0,812.0,810.0,855.0,833.0,841.0,796.0,795.0,827.0,800.0,777.0,737.0,822.0,848.0,864.0,구    미,2025,https://api.odcloud.kr/api/15064475/v1/uddi:c2dc05ff-1611-4395-b46a-b92cefc95070,PUB-008_노동지청별_재해자수,,,,,,,,,,,,,,,,,,,901.0,1046.0,1104.0,1195.0,1210.0
681.0,799.0,699.0,646.0,741.0,774.0,778.0,749.0,708.0,710.0,653.0,671.0,675.0,738.0,832.0,915.0,930.0,영    주,2025,https://api.odcloud.kr/api/15064475/v1/uddi:c2dc05ff-1611-4395-b46a-b92cefc95070,PUB-008_노동지청별_재해자수,,,,,,,,,,,,,,,,,,,1019.0,1099.0,935.0,1043.0,996.0
418.0,358.0,402.0,410.0,428.0,604.0,566.0,566.0,568.0,543.0,488.0,563.0,547.0,476.0,534.0,583.0,574.0,안    동,2025,https://api.odcloud.kr/api/15064475/v1/uddi:c2dc05ff-1611-4395-b46a-b92cefc95070,PUB-008_노동지청별_재해자수,,,,,,,,,,,,,,,,,,,638.0,580.0,618.0,700.0,730.0
3038.0,2814.0,2902.0,3095.0,3067.0,3159.0,3227.0,2944.0,2887.0,2848.0,2773.0,2744.0,2771.0,2865.0,3289.0,3180.0,3216.0,중 부 청,2025,https://api.odcloud.kr/api/15064475/v1/uddi:c2dc05ff-1611-4395-b46a-b92cefc95070,PUB-008_노동지청별_재해자수,,,,,,,,,,,,,,,,,,,3576.0,3959.0,4387.0,4594.0,5255.0
2722.0,2698.0,2615.0,2520.0,2790.0,2761.0,2803.0,2657.0,2556.0,2521.0,2454.0,2514.0,2464.0,2340.0,2644.0,2866.0,2799.0,인천북부,2025,https://api.odcloud.kr/api/15064475/v1/uddi:c2dc05ff-1611-4395-b46a-b92cefc95070,PUB-008_노동지청별_재해자수,,,,,,,,,,,,,,,,,,,3188.0,3467.0,3573.0,3780.0,3898.0
5872.0,4235.0,4645.0,5172.0,5509.0,5055.0,5455.0,5028.0,4950.0,5169.0,5289.0,5023.0,5072.0,5009.0,5735.0,6135.0,6097.0,경    기,2025,https://api.odcloud.kr/api/15064475/v1/uddi:c2dc05ff-1611-4395-b46a-b92cefc95070,PUB-008_노동지청별_재해자수,,,,,,,,,,,,,,,,,,,7406.0,7736.0,7984.0,8330.0,8327.0
2045.0,1936.0,2151.0,2187.0,2364.0,2232.0,2427.0,2250.0,2362.0,2355.0,2197.0,2341.0,2350.0,2245.0,2522.0,2710.0,2626.0,부    천,2025,https://api.odcloud.kr/api/15064475/v1/uddi:c2dc05ff-1611-4395-b46a-b92cefc95070,PUB-008_노동지청별_재해자수,,,,,,,,,,,,,,,,,,,3354.0,3030.0,2969.0,3093.0,3169.0
1974.0,1719.0,1879.0,1741.0,1808.0,1921.0,1967.0,1746.0,1655.0,1711.0,1732.0,1698.0,1655.0,1715.0,1894.0,2126.0,2077.0,안    양,2025,https://api.odcloud.kr/api/15064475/v1/uddi:c2dc05ff-1611-4395-b46a-b92cefc95070,PUB-008_노동지청별_재해자수,,,,,,,,,,,,,,,,,,,2287.0,2447.0,2636.0,2824.0,2805.0
3284.0,3123.0,3540.0,3508.0,3635.0,3393.0,3697.0,3508.0,3360.0,3333.0,3169.0,2949.0,2917.0,2976.0,3249.0,3446.0,3434.0,안    산,2025,https://api.odcloud.kr/api/15064475/v1/uddi:c2dc05ff-1611-4395-b46a-b92cefc95070,PUB-008_노동지청별_재해자수,,,,,,,,,,,,,,,,,,,3800.0,3855.0,3939.0,3761.0,3739.0
2492.0,2405.0,2579.0,2847.0,3136.0,3355.0,3489.0,3239.0,3274.0,3542.0,3393.0,3591.0,3708.0,3457.0,4101.0,4056.0,4275.0,성    남,2025,https://api.odcloud.kr/api/15064475/v1/uddi:c2dc05ff-1611-4395-b46a-b92cefc95070,PUB-008_노동지청별_재해자수,,,,,,,,,,,,,,,,,,,4807.0,5260.0,5533.0,6122.0,6758.0
0.0,1650.0,1852.0,1945.0,2034.0,1910.0,2010.0,1984.0,1714.0,1794.0,1818.0,1823.0,1841.0,1965.0,2119.0,2374.0,2462.0,평    택,2025,https://api.odcloud.kr/api/15064475/v1/uddi:c2dc05ff-1611-4395-b46a-b92cefc95070,PUB-008_노동지청별_재해자수,,,,,,,,,,,,,,,,,,,2746.0,3090.0,3390.0,3465.0,3492.0
0.0,0.0,1940.0,1889.0,2017.0,2239.0,2539.0,2231.0,2321.0,2246.0,2103.0,2245.0,2277.0,2322.0,2649.0,2774.0,2545.0,고    양,2025,https://api.odcloud.kr/api/15064475/v1/uddi:c2dc05ff-1611-4395-b46a-b92cefc95070,PUB-008_노동지청별_재해자수,,,,,,,,,,,,,,,,,,,3071.0,3431.0,3707.0,3734.0,3929.0
3193.0,2941.0,2998.0,3155.0,3341.0,3308.0,3445.0,3288.0,3632.0,3450.0,3355.0,3279.0,3028.0,3214.0,3750.0,4085.0,4184.0,광 주 청,2025,https://api.odcloud.kr/api/15064475/v1/uddi:c2dc05ff-1611-4395-b46a-b92cefc95070,PUB-008_노동지청별_재해자수,,,,,,,,,,,,,,,,,,,4660.0,4613.0,4894.0,4958.0,4926.0
1756.0,1630.0,1780.0,1690.0,1835.0,2313.0,2262.0,2267.0,2125.0,2220.0,2135.0,2056.0,1822.0,1853.0,2188.0,2219.0,2216.0,전    주,2025,https://api.odcloud.kr/api/15064475/v1/uddi:c2dc05ff-1611-4395-b46a-b92cefc95070,PUB-008_노동지청별_재해자수,,,,,,,,,,,,,,,,,,,2497.0,2531.0,2488.0,2533.0,2536.0
881.0,784.0,895.0,717.0,857.0,928.0,871.0,899.0,901.0,808.0,682.0,615.0,688.0,728.0,855.0,928.0,895.0,익    산,2025,https://api.odcloud.kr/api/15064475/v1/uddi:c2dc05ff-1611-4395-b46a-b92cefc95070,PUB-008_노동지청별_재해자수,,,,,,,,,,,,,,,,,,,1011.0,1004.0,1083.0,1158.0,1073.0
761.0,861.0,919.0,849.0,938.0,876.0,927.0,901.0,961.0,855.0,892.0,872.0,791.0,759.0,817.0,874.0,887.0,군    산,2025,https://api.odcloud.kr/api/15064475/v1/uddi:c2dc05ff-1611-4395-b46a-b92cefc95070,PUB-008_노동지청별_재해자수,,,,,,,,,,,,,,,,,,,952.0,958.0,1115.0,1112.0,1155.0
990.0,1057.0,1235.0,1254.0,1616.0,1880.0,1564.0,1386.0,1356.0,1313.0,1160.0,1215.0,1247.0,1102.0,1241.0,1588.0,1646.0,목    포,2025,https://api.odcloud.kr/api/15064475/v1/uddi:c2dc05ff-1611-4395-b46a-b92cefc95070,PUB-008_노동지청별_재해자수,,,,,,,,,,,,,,,,,,,1875.0,1814.0,1734.0,2048.0,1868.0
1091.0,1141.0,1244.0,1260.0,1324.0,1464.0,1420.0,1358.0,1381.0,1336.0,1226.0,1290.0,1311.0,1300.0,1497.0,1667.0,1893.0,여    수,2025,https://api.odcloud.kr/api/15064475/v1/uddi:c2dc05ff-1611-4395-b46a-b92cefc95070,PUB-008_노동지청별_재해자수,,,,,,,,,,,,,,,,,,,1938.0,1972.0,2034.0,2669.0,2387.0
663.0,655.0,819.0,764.0,851.0,890.0,895.0,918.0,1120.0,1082.0,1200.0,1160.0,1207.0,1297.0,1315.0,1360.0,1207.0,제    주,2025,https://api.odcloud.kr/api/15064475/v1/uddi:c2dc05ff-1611-4395-b46a-b92cefc95070,PUB-008_노동지청별_재해자수,,,,,,,,,,,,,,,,,,,1300.0,1436.0,1530.0,1597.0,1552.0
2601.0,2491.0,2843.0,2642.0,3226.0,3344.0,3369.0,3269.0,3112.0,3293.0,3151.0,3214.0,3410.0,3286.0,3896.0,4378.0,4457.0,대 전 청,2025,https://api.odcloud.kr/api/15064475/v1/uddi:c2dc05ff-1611-4395-b46a-b92cefc95070,PUB-008_노동지청별_재해자수,,,,,,,,,,,,,,,,,,,5095.0,5366.0,5723.0,5617.0,5755.0
1707.0,1711.0,1985.0,1889.0,2155.0,2300.0,2244.0,2097.0,2266.0,2299.0,2224.0,2233.0,2269.0,2175.0,2528.0,2733.0,2750.0,청    주,2025,https://api.odcloud.kr/api/15064475/v1/uddi:c2dc05ff-1611-4395-b46a-b92cefc95070,PUB-008_노동지청별_재해자수,,,,,,,,,,,,,,,,,,,2962.0,3229.0,3379.0,3492.0,3732.0
815.0,863.0,1067.0,1170.0,1224.0,1354.0,1349.0,1316.0,1421.0,1393.0,1311.0,1233.0,1203.0,1258.0,1408.0,1631.0,1565.0,충    주,2025,https://api.odcloud.kr/api/15064475/v1/uddi:c2dc05ff-1611-4395-b46a-b92cefc95070,PUB-008_노동지청별_재해자수,,,,,,,,,,,,,,,,,,,1707.0,1756.0,1929.0,2021.0,2079.0
1837.0,1999.0,2199.0,2124.0,2397.0,2631.0,2522.0,2536.0,2588.0,2687.0,2672.0,2480.0,2457.0,2472.0,2732.0,3019.0,3176.0,천    안,2025,https://api.odcloud.kr/api/15064475/v1/uddi:c2dc05ff-1611-4395-b46a-b92cefc95070,PUB-008_노동지청별_재해자수,,,,,,,,,,,,,,,,,,,3438.0,3652.0,4052.0,4147.0,4323.0
1026.0,1107.0,1159.0,1115.0,1194.0,1287.0,1302.0,1176.0,1158.0,1188.0,1161.0,1317.0,1400.0,1245.0,1410.0,1066.0,1057.0,보    령,2025,https://api.odcloud.kr/api/15064475/v1/uddi:c2dc05ff-1611-4395-b46a-b92cefc95070,PUB-008_노동지청별_재해자수,,,,,,,,,,,,,,,,,,,1115.0,1131.0,1228.0,1136.0,1170.0
0.0,0.0,0.0,0.0,0.0,0.0,0.0,0.0,0.0,0.0,0.0,0.0,0.0,0.0,0.0,468.0,459.0,서    산,2025,https://api.odcloud.kr/api/15064475/v1/uddi:c2dc05ff-1611-4395-b46a-b92cefc95070,PUB-008_노동지청별_재해자수,,,,,,,,,,,,,,,,,,,638.0,572.0,661.0,648.0,697.0
