job_id,title,candidate_category,matched_keywords,review_status,approved_label,review_note
K141112402220056,사립수목원(산림청지정) 식물교육 및 관리직/산림/임학/농업/원예/식물/수목원전문가/체험학습/포항,AGRICULTURE,"[""농업"", ""원예""]",PENDING,,
K141412402150021,안동대학교 기간제근로자(농장) 공개채용 공고,AGRICULTURE,"[""농장""]",PENDING,,
K163012112230019,(주)제농 농업회사법인 안성미양연구소에서 근무하실 성실한 직원 모집,AGRICULTURE,"[""농업""]",PENDING,,
KJPF002401080001,농업경영체등록 조사원(기간제 근로자) 채용 공고,AGRICULTURE,"[""농업""]",PENDING,,
K140132202170025,[친정농업회사법인(주)] 마케팅 사원 모집,AGRICULTURE,"[""농업""]",PENDING,,
K141222204140005,산란계농장 관리자 및 선별직원 모집(신입/경력자 모두 환영),AGRICULTURE,"[""농장""]",PENDING,,
K141412109060023,농업 단순노무자 모집,AGRICULTURE,"[""농업""]",PENDING,,
KJKL002408160006,재가요양보호사 구인,CARE,"[""요양보호""]",PENDING,,
K170082401160014,2024년 세종특별자치시 1권역 노인맞춤돌봄서비스 수행인력(전담사회복지사) 공개채용 재공고(긴급),CARE,"[""돌봄"", ""사회복지사""]",PENDING,,
K160012308110064,노인맞춤돌봄서비스사업 생활지원사 모집,CARE,"[""돌봄"", ""생활지원사""]",PENDING,,
KJRV002607020001,[청송보현요양원] 사회복지사 구인,CARE,"[""사회복지사""]",PENDING,,
K161132607100031,에덴재가복지센터 요양보호사 구인(부귀면),CARE,"[""요양보호""]",PENDING,,
K163012507250007,성이시돌요양원 요양보호사 채용,CARE,"[""요양보호""]",PENDING,,
K131312508130003,사회복지사,CARE,"[""사회복지사""]",PENDING,,
K152222407040001,태백장애인종합복지관 사회복지사 채용 공고,CARE,"[""사회복지사""]",PENDING,,
K151582207120025,사회적협동조합 양주도우누리 사회복지사 모집,CARE,"[""사회복지사""]",PENDING,,
KJMH002605130002,요양보호사 선생님을 모십니다,CARE,"[""요양보호""]",PENDING,,
K171212202280015,제천노인복지센터 신규직원(사회복지사) 채용 재공고(긴급),CARE,"[""사회복지사""]",PENDING,,
K120312111190033,방문목욕 요양보호사 채용 공고,CARE,"[""요양보호""]",PENDING,,
K120612203020110,"사업담당자(3명), 동료상담사(1명) 사회복지사 모집",CARE,"[""사회복지사""]",PENDING,,
K151582407120023,사회적협동조합 양주도우누리 사회복지사 모집 (재공고),CARE,"[""사회복지사""]",PENDING,,
KJKD002406030002,장애인 활동지원사업 담당(팀장급)  구인,CARE,"[""활동지원사""]",PENDING,,
K120512401050026,길요양원 요양보호사 모집합니다(주간+주주야야),CARE,"[""요양보호""]",PENDING,,
K131412408140042,한우리노인복지센터 정촌면 예하리 요양보호사 모집,CARE,"[""요양보호""]",PENDING,,
KJKL002404180007,재가요양보호사 구인,CARE,"[""요양보호""]",PENDING,,
K120232406250031,요양보호사 채용공고 (상시),CARE,"[""요양보호""]",PENDING,,
KF11172407230010,사회복지사 채용,CARE,"[""사회복지사""]",PENDING,,
K162142305180014,노인요양원 사회복지사 구인,CARE,"[""사회복지사""]",PENDING,,
K130042404180004,중구나눔장애인자립생활센터 직원 채용공고(사회복지사),CARE,"[""사회복지사""]",PENDING,,
K140132112270013,2022년 노인맞춤돌봄서비스 생활지원사 채용 공고,CARE,"[""돌봄"", ""생활지원사""]",PENDING,,
K161132407300004,에덴재가복지센터 요양보호사 구인(진안읍 연장리),CARE,"[""요양보호""]",PENDING,,
K152222310310001,태백장애인종합복지관 사회복지사 채용 공고,CARE,"[""사회복지사""]",PENDING,,
K130112406240069,요양보호사구인 (1일3시간),CARE,"[""요양보호""]",PENDING,,
KJ20522506270005,▶ 동구 효목동 ◀ 재가요양보호사 채용,CARE,"[""요양보호""]",PENDING,,
KF11342505290001,노인요양원 선양시니어빌리지 (야간전담 및 주·야간) 요양보호사 모집,CARE,"[""요양보호""]",PENDING,,
KJSB002207040002,거제시시각장애인주간보호센터 출산휴가 및 육아휴직 대체인력(사회복지사) 모집,CARE,"[""사회복지사""]",PENDING,,
K130232110210049,사회복지사 공개 모집 (신입/경력 무관),CARE,"[""사회복지사""]",PENDING,,
K151222207220017,[주5일/월196만] 파주 추모공원 미화원 채용,CLEANING,"[""미화""]",PENDING,,
KJKJ002207060021,[평내동] 아파트 미화원 채용,CLEANING,"[""미화""]",PENDING,,
K180012606160056,복합건물 외곽미화원 구인,CLEANING,"[""미화""]",PENDING,,
KJKN002405140016,벽적골주공9단지 아파트 내부 미화원 채용(복지카드 우대),CLEANING,"[""미화""]",PENDING,,
KJAN002602100002,공덕동 마포현대 아파트 외곽미화원 채용합니다.(장애인등록증 또는 장애인복지카드 소지자 우대),CLEANING,"[""미화""]",PENDING,,
KJKC002309200001,[주엽동] 문촌마을8단지 아파트 미화원 모집,CLEANING,"[""미화""]",PENDING,,
K150122403210010,청라동 한라비발디 아파트 미화원 구인,CLEANING,"[""미화""]",PENDING,,
KJBF002112220002,[초량동]부산항 e편한세상 미화원 모집,CLEANING,"[""미화""]",PENDING,,
KJKJ002311150010,평내메트로원e편한세상 미화원 모집(복지카드소지자 우대),CLEANING,"[""미화""]",PENDING,,
KJKE002404090008,소하7단지아파트 외곽청소원 모집,CLEANING,"[""청소"", ""청소원""]",PENDING,,
K120612311140032,(안산역)트리플렉스상가 미화원 모집(복지카드 소지자 우대합니다.),CLEANING,"[""미화""]",PENDING,,
KJKC002407020021,[채용대행] 지축동 아파트 외곽청소원 모집,CLEANING,"[""청소"", ""청소원""]",PENDING,,
KJAD002507160003,[강북구 삼양동] sk북한산시티아파트 실내미화  구인,CLEANING,"[""미화""]",PENDING,,
KJKR002401310005,거모동 동보아파트 미화원(청소),CLEANING,"[""미화"", ""청소""]",PENDING,,
K141112312040050,장량휴먼시아 아파트 미화직 채용 (장애인 병행채용),CLEANING,"[""미화""]",PENDING,,
K150012505260043,미리내동성아파트 미화원 모집,CLEANING,"[""미화""]",PENDING,,
KJK1002411150002,이천자이더파크아파트 외곽미화원을 모집합니다.,CLEANING,"[""미화""]",PENDING,,
KJKN002310060014,[망포동] 영통SK VIEW 아파트 미화반장님 채용,CLEANING,"[""미화""]",PENDING,,
K171252109090020,화이트클린 관리자 모집(청소처 관리 및 운전지원),CLEANING,"[""청소""]",PENDING,,
KJKN002507180003,반정동 아이파크캐슬 5단지 미화원 모집,CLEANING,"[""미화""]",PENDING,,
K120612205120042,[정자동]청솔마을 한라비발디아파트 미화원 구함(복지카드 소지자 우대),CLEANING,"[""미화""]",PENDING,,
KJ20952606290005,[다산동] 다산 자이아이비플레이스 아파트 실내 미화원 구인,CLEANING,"[""미화""]",PENDING,,
K120412609300002,(주)드림누리 야간 전문청소(카펫 세탁) 직원 모집,CLEANING,"[""청소""]",PENDING,,
KJKY002608040001,아파트청소원(백운밸리 제일풍경채4단지) /,CLEANING,"[""청소"", ""청소원""]",PENDING,,
KJKI002505200002,김포 풍무 꿈에그린더포레듀5단지아파트 미화원 모집,CLEANING,"[""미화""]",PENDING,,
KJK6002204180010,"[동탄2, 영천동] 아파트 외곽 미화(조경)원 모집안내",CLEANING,"[""미화""]",PENDING,,
KJKY002306140002,아파트 미화원 채용,CLEANING,"[""미화""]",PENDING,,
KJAH002406270009,구일 우성아파트 미화원  채용(장애인등록증 또는 장애인 복지카드 소지자 우대),CLEANING,"[""미화""]",PENDING,,
KJAN002205130001,DMC남가좌2차 래미안아파트  미화원 구인,CLEANING,"[""미화""]",PENDING,,
KJBI002206200008,화명현대2차 아파트  미화원 모집,CLEANING,"[""미화""]",PENDING,,
KJQE002410080004,[제1회 광양시 장애인일자리 박람회 참가기업]  (주)광양교통 시내버스 운전원 모집,DRIVING,"[""운전원""]",PENDING,,
K180012602190077,신규 운전기사 모집 (정규직 -수습기간 3개월),DRIVING,"[""운전기사""]",PENDING,,
K150112308180006,대형버스(45인승) 운전직 정직원 모집,DRIVING,"[""운전직""]",PENDING,,
K141112601190019,"버스 운전원 모집 (통근,관광)",DRIVING,"[""운전원""]",PENDING,,
K140112307280012,"학교,유치원버스기사 모집합니다(북구,중구,대구 거주자 환영)",DRIVING,"[""버스기사""]",PENDING,,
K151632407090013,성남시 장애인 생활이동지원센터 직원(승합차 운전원) 채용 공고,DRIVING,"[""운전원""]",PENDING,,
K120252410040017,[긴급] 구립송정동데이케어센터 오전 운전원 채용,DRIVING,"[""운전원""]",PENDING,,
K131132404160055,시내버스 운전기사,DRIVING,"[""운전기사""]",PENDING,,
K120312111240013,카카오T블루 택시 운전원,DRIVING,"[""운전원""]",PENDING,,
K151222408050027,시내버스 운전원 모집(무료 기숙사),DRIVING,"[""운전원""]",PENDING,,
K141112609280026,"버스 운전원 모집 (통근,관광)",DRIVING,"[""운전원""]",PENDING,,
KJEF002308300002,의료기 납품 및배송관리 직원모집,DRIVING,"[""배송""]",PENDING,,
K161122208010017,교통약자이동지원(장애인행복콜택시) 운전원 모집,DRIVING,"[""운전원""]",PENDING,,
K151632403270056,(긴급)판교노인종합복지관 셔틀버스기사(육아휴직대체) 모집 공고,DRIVING,"[""버스기사""]",PENDING,,
K151232404260035,헤이드 교통약자 휠체어 슬로프 차량 운전기사 모집,DRIVING,"[""운전기사""]",PENDING,,
K140162311290008,카카오택시운전기사 모집,DRIVING,"[""운전기사""]",PENDING,,
K171112201030175,진천군립 생거진천노인복지센터 운전원 채용공고 - 주간보호센터 (재공고),DRIVING,"[""운전원""]",PENDING,,
K131212604280002,현대중공업내 지게차 운전원 인원 모집,DRIVING,"[""운전원""]",PENDING,,
K161322204190025,교통약자 이동지원센터 운전원 모집,DRIVING,"[""운전원""]",PENDING,,
K150012201110039,광역버스 운전원 모집,DRIVING,"[""운전원""]",PENDING,,
K131132603030068,시내버스 운전기사,DRIVING,"[""운전기사""]",PENDING,,
K152412206170028,횡성군장애인생활이동지원센터  운전원 채용재공고,DRIVING,"[""운전원""]",PENDING,,
K120312109230033,카카오T블루 택시 운전원,DRIVING,"[""운전원""]",PENDING,,
K161122406050010,교통약자이동지원  운전직 모집,DRIVING,"[""운전직""]",PENDING,,
K162122312010024,조선소 천장크레인 운전원 구인,DRIVING,"[""운전원""]",PENDING,,
KJKX002610020001,[기흥 마북동] 현대모비스기술연구소 내 문서 수발(배송)업무,DRIVING,"[""배송""]",PENDING,,
K162122306190009,조선소 천장크레인 운전원 구인,DRIVING,"[""운전원""]",PENDING,,
K131132409190065,시내버스 운전기사,DRIVING,"[""운전기사""]",PENDING,,
K172222609100007,부여 대형마트 운전기사원 모집,DRIVING,"[""운전기사""]",PENDING,,
K140022411190047,함께 일할 택시기사를 모집합니다.,DRIVING,"[""택시기사""]",PENDING,,
K151422403210074,성남 상대원 관리공단 아파트형공장 시설관리원 구인합니다.,FACILITY,"[""시설관리""]",PENDING,,
K140132309270047,육군3사관학교 공무직근로자(시설관리원) 채용 공고,FACILITY,"[""시설관리""]",PENDING,,
KE70492306130001,아파트 설비기사 모집,FACILITY,"[""설비기사""]",PENDING,,
KE70492109080001,건물 설비기사모집의 건,FACILITY,"[""설비기사""]",PENDING,,
K120422505080027,(주)고암_인제대학교 부산백병원 기계설비팀 채용공고,FACILITY,"[""기계설비""]",PENDING,,
KE70492110010004,아파트 관리소장모집의 건,FACILITY,"[""관리소장""]",PENDING,,
KJKL002407150004,공무직 근로자(시설관리원) 채용시험 공고,FACILITY,"[""시설관리""]",PENDING,,
K120422609280022,인제대학교 부산백병원  영선팀 주간근무자 채용,FACILITY,"[""영선""]",PENDING,,
KJRX002402210003,[해병대군수단] 공무직 근로자 채용/시설관리원(기계) 1명★ 채용대행(포항시 일자리 종합센터) ★,FACILITY,"[""시설관리""]",PENDING,,
K161232511040015,아파트 관리소장 모집,FACILITY,"[""관리소장""]",PENDING,,
K161232401230023,아파트 설비기사 모집,FACILITY,"[""설비기사""]",PENDING,,
K120252403280001,[세계빌딩] 강남역 도보1분 *시설관리원* (1명),FACILITY,"[""시설관리""]",PENDING,,
K120122507030009,"영선 및 시설, 조경관리원 모집, 흥국생명연수원(기흥구)",FACILITY,"[""영선""]",PENDING,,
K120232309080014,평택 더스위트하버 시설기사  모집,FACILITY,"[""시설기사""]",PENDING,,
K141462411260007,경북육아종합지원센터 시설관리자 채용,FACILITY,"[""시설관리""]",PENDING,,
K151572309220004,관리소장,FACILITY,"[""관리소장""]",PENDING,,
KJMA002405210001,[육군 제5019부대] 시설관리(건축) 공무직 근로자 채용(옥천/보은),FACILITY,"[""시설관리""]",PENDING,,
K120122507180008,천안 계성원연수원 시설관리(기계설비) 담당 모집,FACILITY,"[""기계설비"", ""시설관리""]",PENDING,,
K161232405270019,아파트 설비기사 모집,FACILITY,"[""설비기사""]",PENDING,,
KJDA002201070009,아파트관리소장 모집,FACILITY,"[""관리소장""]",PENDING,,
KE70492305150001,건물 관리소장 모집,FACILITY,"[""관리소장""]",PENDING,,
K161232405310011,아파트 설비기사 모집,FACILITY,"[""설비기사""]",PENDING,,
KJKM002111100003,[수내역 도보 5분 시설기사 모집] (월240만원/4대보험/수내역 도보 5분),FACILITY,"[""시설기사""]",PENDING,,
K151132312290025,미사 로얄팰리스 테크노 1차 지식산업센터 관리소장 구인,FACILITY,"[""관리소장""]",PENDING,,
KJK2002201210005,"시설관리주임(기계설비유지관리자, 중급) 모집",FACILITY,"[""기계설비"", ""시설관리""]",PENDING,,
KJKX002308290017,[마북동] 현대모비스 기술연구소 사내 어린이집 시설관리원 모집,FACILITY,"[""시설관리""]",PENDING,,
K140162203070011,신보운영관리(주) 신용보증기금 인천중앙지점 시설관리직 정규직 채용,FACILITY,"[""시설관리""]",PENDING,,
K120312405160018,충무로 영상센터 시설관리 (기계설비) 모집,FACILITY,"[""기계설비"", ""시설관리""]",PENDING,,
K161232402280020,고급기계설비유지관리자 모집,FACILITY,"[""기계설비""]",PENDING,,
K170052109070077,조달청 공무직(조달품질원 시설관리(기계)원) 공개경쟁 채용공고(제2021-170호),FACILITY,"[""시설관리""]",PENDING,,
KJPL002201210004,장수노인복지관 조리사 모집,KITCHEN,"[""조리""]",PENDING,,
KEC0162604090006,**SK하이닉스 청주3캠퍼스 조리원 모집**,KITCHEN,"[""조리"", ""조리원""]",PENDING,,
K131212310260006,조리사(정규직) 채용 공고,KITCHEN,"[""조리""]",PENDING,,
K152122601150007,[GS그룹] 엘리시안FS GPC 구내식당 조리원 채용(충북 음성),KITCHEN,"[""조리"", ""조리원""]",PENDING,,
K130112205090046,일식 주방장님과 주방보조님 가능하신 분 찾습니다 (3분),KITCHEN,"[""주방"", ""주방보조""]",PENDING,,
K180012603030029,수원선수촌 조리사 채용 공고,KITCHEN,"[""조리""]",PENDING,,
KJDE002111160015,어린이집 취사부 조리 보조원 모집,KITCHEN,"[""조리""]",PENDING,,
K120612308070006,[주5일/주말포함/월215만이상]호텔신라 직원식당 조리 및 세척원 모집,KITCHEN,"[""조리""]",PENDING,,
KEC0042512050007,[주말/공휴일 휴무]삼성SDS 상암IT센터 구내식당  파트 주방보조 구인,KITCHEN,"[""주방"", ""주방보조""]",PENDING,,
KJDE002207140022,군부대 내 공무직 근로자 (민간 조리원) 채용공고,KITCHEN,"[""조리"", ""조리원""]",PENDING,,
KF11172609230004,진안군의료원 조리원(공무직) 채용 공고,KITCHEN,"[""조리"", ""조리원""]",PENDING,,
K130112405280057,케어링 주간보호 센터 부산 기장점 조리원 모집,KITCHEN,"[""조리"", ""조리원""]",PENDING,,
K152122305170014,엘리시안 FS GS건설 현장 구내식당 조리원 채용(세종시),KITCHEN,"[""조리"", ""조리원""]",PENDING,,
K120512603110017,'26-2차 육군사관학교 공무직근로자(화랑회관 한식당 조리원) 채용 공고,KITCHEN,"[""조리"", ""조리원""]",PENDING,,
KJBM002405310001,"[센텀종합병원 신관] 조리사,조리원,쉐프 모집",KITCHEN,"[""조리"", ""조리원""]",PENDING,,
K151132110080003,2021년 제5차 기간제 근로자 채용 공고(구내식당 조리),KITCHEN,"[""조리""]",PENDING,,
KJPL002202100006,장수노인복지관 조리사 모집,KITCHEN,"[""조리""]",PENDING,,
KJ20282510150011,[2025 부산 잡(JOB) 페스티벌 참가업체] 코모도호텔 부산 식음팀 / 조리팀 모집,KITCHEN,"[""조리""]",PENDING,,
K170052207190005,동구아름다운복지관 직원(조리사) 채용 공고,KITCHEN,"[""조리""]",PENDING,,
KF11142606260007,한국폴리텍 대학교 전남 캠퍼스 업무직(조리원) 공개 채용,KITCHEN,"[""조리"", ""조리원""]",PENDING,,
K151222111170019,"원흥아이제일병원 조리직원 채용 (찬 셋팅, 배식 위주)",KITCHEN,"[""조리""]",PENDING,,
K160042304190018,주방직원 모집(쿠우쿠우 첨단점),KITCHEN,"[""주방""]",PENDING,,
K151632308240066,2023년 제7차 국립국제교육원 공무직 근로자(조리원) 채용 공고(재공고),KITCHEN,"[""조리"", ""조리원""]",PENDING,,
K120232406030041,[ 월248만/초보가능 ]이마트 안양점 즉석조리코너 직원모집,KITCHEN,"[""조리""]",PENDING,,
K141412408190009,육군 제50보병사단 공무직근로자 (식당조리원) 모집,KITCHEN,"[""조리"", ""조리원""]",PENDING,,
KEC0042609300005,"[평일 주5일/ 월 249만원 이상] 별내휴게소 푸드코트 조리보조, 세척원",KITCHEN,"[""조리""]",PENDING,,
KJK1002311210008,육군항공사령부 공무직근로자(민간조리원-경기도 하남) 채용,KITCHEN,"[""조리"", ""조리원""]",PENDING,,
KF11142310160002,호텔 조식 중식 주방근로자,KITCHEN,"[""주방""]",PENDING,,
KEC0042609180002,[신규오픈/하나그룹 헤드쿼터 구내식당 주방보조. 홀 .세척원 모집],KITCHEN,"[""주방"", ""주방보조""]",PENDING,,
KJK1002310250004,육군항공사령부 공무직근로자(민간조리원-경기도 이천) 채용,KITCHEN,"[""조리"", ""조리원""]",PENDING,,
K131212505090057,언양 반천 자동차부품 제조 공장 생산직 직원 모집,MANUFACTURING,"[""생산"", ""생산직"", ""제조""]",PENDING,,
K151152207040199,자동차 부품 생산직 사원 모집,MANUFACTURING,"[""생산"", ""생산직""]",PENDING,,
K140132402080013,단순생산직 모집,MANUFACTURING,"[""생산"", ""생산직""]",PENDING,,
K150012312050019,인터넷 쇼핑몰 단순 포장 업무 직원 채용,MANUFACTURING,"[""포장""]",PENDING,,
KJMM002601080001,"농산물(채소) 가공, 전처리 및 포장직 사원 모집",MANUFACTURING,"[""포장""]",PENDING,,
KJKL002109270019,마스크 생산 기계 제어 관련,MANUFACTURING,"[""생산""]",PENDING,,
K141112206090016,"카리타스보호작업장 자체생산품(복사용지, 화장지) 납품원 채용 (수동운전 필수) //장애인 병행 채용//",MANUFACTURING,"[""생산""]",PENDING,,
K151652409190047,[동우농산] 남/녀 견과류 생산직원 채용 (셔틀버스 광주시내운행),MANUFACTURING,"[""생산"", ""생산직""]",PENDING,,
KJK6002504300006,하림그룹 (주)한강식품 물류팀 생산직 모집(3톤미만 지게차면허 필수),MANUFACTURING,"[""생산"", ""생산직""]",PENDING,,
KJLN002411130001,★11/19(화) 춘천시 일구데이 참여업체★ 만두류 생산직원 채용 (※장애인 병행채용),MANUFACTURING,"[""생산"", ""생산직""]",PENDING,,
K141222202040027,SMT(PCB) 제조원 및 검사원 모집[김천고용센터 채용대행] 상여금 200%,MANUFACTURING,"[""제조""]",PENDING,,
K151622207050020,단순 생산 정규직 모집,MANUFACTURING,"[""생산""]",PENDING,,
K131312404090094,항공기부품 조립원 모집(B787),MANUFACTURING,"[""조립""]",PENDING,,
K141212207190033,섬유 제직 생산직 사원모집,MANUFACTURING,"[""생산"", ""생산직""]",PENDING,,
K161322307050017,제과 생산라인 직원 모집.,MANUFACTURING,"[""생산""]",PENDING,,
K150122207140066,PCB(인쇄회로기판) 생산직 (검단산업단지 이레전자(주)),MANUFACTURING,"[""생산"", ""생산직""]",PENDING,,
K151222109270060,생산직 구인,MANUFACTURING,"[""생산"", ""생산직""]",PENDING,,
K150012204040154,[코스피 상장] 사출 금형용 MOLD BASE 및 PLATE판 생산 직원 채용,MANUFACTURING,"[""생산""]",PENDING,,
K151572206060001,★★★닭고기생산업체 단순생산직 모집 ★★★,MANUFACTURING,"[""생산"", ""생산직""]",PENDING,,
K171112506090013,"캐드, CAD 관리자 모집(생산관리 및 캐드작업) - MCT, 모형절단GAS",MANUFACTURING,"[""생산""]",PENDING,,
K151522402190032,단순노무 생산직종 업무를 보실분을 모집합니다,MANUFACTURING,"[""생산"", ""생산직""]",PENDING,,
K160042111240002,자동차부품 생산직 사원 구인,MANUFACTURING,"[""생산"", ""생산직""]",PENDING,,
K151652204040048,생산직사원 수시모집,MANUFACTURING,"[""생산"", ""생산직""]",PENDING,,
K151712201240081,"우레탄 판넬, 단열재 단순 생산직 모집",MANUFACTURING,"[""생산"", ""생산직""]",PENDING,,
K151642205030045,생산 업무 보조 담당자 정규직 채용,MANUFACTURING,"[""생산""]",PENDING,,
K172112201140012,본사 필름 압출 및 가공 생산부 오퍼레이터 모집,MANUFACTURING,"[""생산""]",PENDING,,
KJ20012603130001,식물영양제 생산직 직원 구인[울산경제일자리진흥원 채용대행],MANUFACTURING,"[""생산"", ""생산직""]",PENDING,,
KJDG002307250002,"GS편의점 간편식 생산사원 모집(장애인,주간/야간 택일)",MANUFACTURING,"[""생산""]",PENDING,,
K150122308250057,온라인몰 주문접수 및 택배물품 포장,MANUFACTURING,"[""포장""]",PENDING,,
K120422204290043,생산직(초보자 가능) 사원 모집 (도로안전용품 관련),MANUFACTURING,"[""생산"", ""생산직""]",PENDING,,
K162212310040059,차류제조공장 사원 채용 공고 : 지게차운전직,MULTI_MATCH,"[""운전직"", ""제조""]",AMBIGUOUS,,
K150122602240066,영업용 카카오 콜택시 운전원,MULTI_MATCH,"[""영업"", ""운전원""]",AMBIGUOUS,,
K140142607200029,[일룸/대구]  일룸직영매장 대구점 주6일 미화직 채용,MULTI_MATCH,"[""매장"", ""미화""]",AMBIGUOUS,,
K151422201050047,반월공단 회사 현장 및 외곽 청소원(영선) 모집,MULTI_MATCH,"[""영선"", ""청소"", ""청소원""]",AMBIGUOUS,,
KF11912507310004,송도 산후조리원  미화원 구인,MULTI_MATCH,"[""미화"", ""조리"", ""조리원""]",AMBIGUOUS,,
KJK2002311060013,[파주시 조리읍] 은행 미화원 구인,MULTI_MATCH,"[""미화"", ""조리""]",AMBIGUOUS,,
KF11172504300004,시설관리 및 운전원(대체인력),MULTI_MATCH,"[""시설관리"", ""운전원""]",AMBIGUOUS,,
K160042405200037,"국내영업(거래처 관리, 견적, 출하 등) 사무원 모집",MULTI_MATCH,"[""사무"", ""영업""]",AMBIGUOUS,,
KJAO002402160003,호송 경비원 및 운전원 구인,MULTI_MATCH,"[""경비"", ""경비원"", ""운전원""]",AMBIGUOUS,,
KJEA002404260002,국내영업(마케팅 & 영업기획) 사무원 모집,MULTI_MATCH,"[""사무"", ""영업""]",AMBIGUOUS,,
K140132111220041,[경산]생활쓰레기 청소차량 운전원 모집,MULTI_MATCH,"[""운전원"", ""청소""]",AMBIGUOUS,,
KJ21432510270002,관리사무직 채용(기술 영업지원),MULTI_MATCH,"[""사무"", ""영업""]",AMBIGUOUS,,
K170052201130050,원무팀 사회복지사 선생님 모집,MULTI_MATCH,"[""사회복지사"", ""원무""]",AMBIGUOUS,,
KF10892508060003,사회복지사(원무행정) 선생님 모십니다.[대전광역새일센터 채용대행],MULTI_MATCH,"[""사회복지사"", ""원무"", ""행정""]",AMBIGUOUS,,
K151122403210019,경기도장애인생산품판매시설 2023년 제6차 직원(앙상블 카페바리스타)  공개채용 긴급 6차 재공고,MULTI_MATCH,"[""생산"", ""판매""]",AMBIGUOUS,,
K151122202030135,경기대 후문 (광교역)인근 사무실 등 미화원 모집합니다.,MULTI_MATCH,"[""미화"", ""사무""]",AMBIGUOUS,,
K120412610080001,"[주5일] 대구 현풍휴게소 상/하행 조리원, 판매원 채용",MULTI_MATCH,"[""조리"", ""조리원"", ""판매"", ""판매원""]",AMBIGUOUS,,
K120612203250036,건출물 기계설비 성능점검업의 사무보조 역할 하실 분을 찾습니다.,MULTI_MATCH,"[""기계설비"", ""사무""]",AMBIGUOUS,,
K130232111300066,일반사무원 (생산 도면 및 자재 관리) 모집,MULTI_MATCH,"[""사무"", ""생산""]",AMBIGUOUS,,
KJNM002407220001,청수행정타운금호어울림아파트 실내미화원을 모집합니다.,MULTI_MATCH,"[""미화"", ""행정""]",AMBIGUOUS,,
KEC0042608190004,[주5일/280만원 이상]함안 휴게소 상/하행 조리원 및 판매원 채용,MULTI_MATCH,"[""조리"", ""조리원"", ""판매"", ""판매원""]",AMBIGUOUS,,
K151812401090068,"재무, 회계(경리) 및 영업지원 담당",MULTI_MATCH,"[""영업"", ""회계""]",AMBIGUOUS,,
KJK3002505150002,"평택 삼성반도체 P1 외곽,스막,라인청소 채용 ""5/28(수)13시 서정동행정복지센터 상설면접 채용행사 """,MULTI_MATCH,"[""청소"", ""행정""]",AMBIGUOUS,,
KJKV002206100009,2022년도 제3회 연천군시설관리공단  공개채용(일반직-운전행정),MULTI_MATCH,"[""시설관리"", ""행정""]",AMBIGUOUS,,
KJGE002206280007,[울주군청 채용대행] 사무동 건물 등 미화원 모집,MULTI_MATCH,"[""미화"", ""사무""]",AMBIGUOUS,,
K151632309200017,[야탑동] 사무실 미화원 모집 / 복지카드 소지자 우대,MULTI_MATCH,"[""미화"", ""사무""]",AMBIGUOUS,,
K120232307130042,"강동구청소년상담복지센터 직원(행정원, 전문상담인력) 채용 공고",MULTI_MATCH,"[""청소"", ""행정""]",AMBIGUOUS,,
KJK1002202220010,사무및 영업담당 직원 구합니다.,MULTI_MATCH,"[""사무"", ""영업""]",AMBIGUOUS,,
K120122110270027,사무보조 및 운전직 구인 [이메일지원요망/전화문의 사절],MULTI_MATCH,"[""사무"", ""운전직""]",AMBIGUOUS,,
KF11022109090002,현장 사무실 청소원,MULTI_MATCH,"[""사무"", ""청소"", ""청소원""]",AMBIGUOUS,,
K161122306200009,사무직,OFFICE,"[""사무""]",PENDING,,
K120122403110008,사무실     업무보조   기본타자및  워드 엑셀 포터셥등,OFFICE,"[""사무""]",PENDING,,
K171252403040006,인사총무 및 일반사무원,OFFICE,"[""사무"", ""총무""]",PENDING,,
KJLN002201200001,기타 사무보조원,OFFICE,"[""사무""]",PENDING,,
K162122405270023,[정규직] 총무/관리담당 경력직 채용공고 (취약계층 우대),OFFICE,"[""총무""]",PENDING,,
K152212205260001,친환경 소독업체 (주)모아 사무직원 채용공고,OFFICE,"[""사무""]",PENDING,,
K151692408270011,경기도지체장애인협회 여주시지회 사무직원 모집,OFFICE,"[""사무""]",PENDING,,
K160042308070043,[영어] 해외 무역 사무원 모집,OFFICE,"[""사무""]",PENDING,,
K152222602100004,태백장애인종합복지관 회계사무보조원 채용 공고,OFFICE,"[""사무"", ""회계""]",PENDING,,
K130232405140051,사무실 행정업무(장애인우대),OFFICE,"[""사무"", ""행정""]",PENDING,,
K120032207270077,법무법인 서연 법률사무보조원 채용,OFFICE,"[""사무""]",PENDING,,
K120612603190006,2026년도 상반기 서울대학교 직원 신규채용 공고(행정(노무사)),OFFICE,"[""행정""]",PENDING,,
K151812408210036,고양시장애인종합복지관 사무원-육아휴직 대체인력 채용 (재)공고,OFFICE,"[""사무""]",PENDING,,
K151152109030153,서울 남산 공사현장 서무직원 구인 (복지카드소지자),OFFICE,"[""서무""]",PENDING,,
K170052207220059,회계 경리 모집,OFFICE,"[""회계""]",PENDING,,
K120412404190006,재무회계(F&A) 부문 채용 (신입),OFFICE,"[""회계""]",PENDING,,
K120312606100031,한국지역정보개발원 2026년 상반기 업무지원요원 채용(데이터기반 지방행정 지원),OFFICE,"[""행정""]",PENDING,,
KJKX002206230006,사무직 직원 채용,OFFICE,"[""사무""]",PENDING,,
K162212202220011,디자인 마케팅 사무원 1명 구인,OFFICE,"[""사무""]",PENDING,,
K151232201100034,일반 사무원 및 장애인콜승합차 운행,OFFICE,"[""사무""]",PENDING,,
K120612205110025,품질/인증 관리 사무원 _육아휴직 대체인력 채용,OFFICE,"[""사무""]",PENDING,,
K161232509150014,식품회사 품질관리/ 사무직 구해요,OFFICE,"[""사무""]",PENDING,,
K150012204060062,무역사무원 채용(GM1차 협력사),OFFICE,"[""사무""]",PENDING,,
K151692403110012,경기도지체장애인협회 여주시지회 사무직원 모집,OFFICE,"[""사무""]",PENDING,,
K151642111110029,IT센터(전산팀) 개발 담당자 정규 채용,OFFICE,"[""전산""]",PENDING,,
KJRV002607020002,[청송보현요양원] 행정실 사무원 구인,OFFICE,"[""사무"", ""행정""]",PENDING,,
K151732408010002,인터코스코리아에서 재무 회계 담당자를 모집합니다.,OFFICE,"[""회계""]",PENDING,,
K131312406250042,인사ㆍ총무 사무원 모집,OFFICE,"[""사무"", ""총무""]",PENDING,,
K151232309070036,일반 사무원 및 장애인콜승합차 운행,OFFICE,"[""사무""]",PENDING,,
KJKV002603170008,2026년도 제1회 직원 공개채용 공고(청년인턴_사무보조),OFFICE,"[""사무""]",PENDING,,
K151342110120068,[1년 계약직] 영업지원 사원(Sales Coordinator) 모집,SALES,"[""영업""]",PENDING,,
K141112408060012,농수산물 온라인 판매 (전자상거래),SALES,"[""판매""]",PENDING,,
K120612206160011,[태평양물산(주) 계열사]나디아퍼시픽(주) 우븐내수영업 경력직 채용,SALES,"[""영업""]",PENDING,,
K151632203240027,[그린스토어] 영업지원 내근직 채용(대전),SALES,"[""영업""]",PENDING,,
K120122308020025,[삼성전자판매(삼성스토어) 권선점] 주차직원 모집,SALES,"[""판매""]",PENDING,,
KEC1082504230001,"식자재마트 상품진열, 판매관리 담당자를 모십니다.",SALES,"[""판매""]",PENDING,,
K120612203220036,영업이사 채용,SALES,"[""영업""]",PENDING,,
K130042208180011,세종파츠플러스 영업지원 계약 직원 모집,SALES,"[""영업""]",PENDING,,
KJEA002208120001,"「광주·전남 합동 일자리박람회 참여기업」[중국어, 영어] 영업관리자  모집",SALES,"[""영업""]",PENDING,,
K120422410040007,입찰업무 및 전기공사  영업 지원  모집,SALES,"[""영업""]",PENDING,,
K151342309220025,롯데렌탈 속초영업소 계약직 차량관리 모집,SALES,"[""영업""]",PENDING,,
K151822207080012,"유니폼 영업사원 모집합니다.-거래처 관리 및 신규거래처 영업 (제품, 상품 판매)",SALES,"[""영업"", ""판매""]",PENDING,,
K172122204270002,[아산시외버스터미널] 매장관리팀 구인,SALES,"[""매장""]",PENDING,,
K120422201210022,건설 신기술(특허)설계 올인공법  기술영업직 모집,SALES,"[""영업""]",PENDING,,
K172122111010024,[아산시외버스터미널] 매장관리팀 구인,SALES,"[""매장""]",PENDING,,
KJEA002208180002,"[영어, 일본어] 영업관리자  모집",SALES,"[""영업""]",PENDING,,
K120512404020018,(주)지안네이처 실내건축/인테리어 영업 및 고객관리(영업팀모집) 신입 및 경력무관 인센티브 별도,SALES,"[""영업""]",PENDING,,
K140022208020064,"광고플랫폼 회사 TM사원 모집 (가맹점 영업 및 유치, 앱 등록 안내업무)",SALES,"[""영업""]",PENDING,,
K120612112280023,[ 안내판 작업 현장답사 제품개발 ] 전기관련 영업전문가 채용,SALES,"[""영업""]",PENDING,,
K151342207190052,자재구매및영업지원 채용,SALES,"[""영업""]",PENDING,,
K120122505220009,[삼성전자판매] 강동점 주차 직원(발렛) 구인 건,SALES,"[""판매""]",PENDING,,
K151422201110063,2022년 표면처리약품 영업사원 정규모집,SALES,"[""영업""]",PENDING,,
K151222202210103,영업지원부 사원 모집 공고,SALES,"[""영업""]",PENDING,,
K120312202080003,"영업관리, 영업지원 신입 정규직 사원 모집(서울, 한남동)",SALES,"[""영업""]",PENDING,,
K151572308080054,TM 영업 사원 모집 합니다(복지카드소지자분우대),SALES,"[""영업""]",PENDING,,
K140112311100013,매장 판매 및 관리직원 모집,SALES,"[""매장"", ""판매""]",PENDING,,
KF11042508120001,롯데호텔 서울 영업장 식기세척 직원 모집,SALES,"[""영업""]",PENDING,,
K180342601280012,"하자판정, 법원감정, 안전진단 정규직 및 영업직(인센티브) 공개모집",SALES,"[""영업""]",PENDING,,
K151522404240039,이노시스(주) 영업관리팀 직원 모집,SALES,"[""영업""]",PENDING,,
K120422201030090,하나카드 고객센터 인바운드 / 영업없음,SALES,"[""영업""]",PENDING,,
KEC0252405210004,(채용대행)[호국로] 아파트 경비원 모집,SECURITY,"[""경비"", ""경비원""]",PENDING,,
K151132204200080,[덕양구 고양동] 고양일고 경비원 채용,SECURITY,"[""경비"", ""경비원""]",PENDING,,
K140162411040004,신보운영관리(주) 신용보증기금 기업지원센터(중부센터) 보안업무직 정규직 채용,SECURITY,"[""보안""]",PENDING,,
K131412405160035,(주)코엔서비스 영흥사업소 보안경비직(특수경비) 채용,SECURITY,"[""경비"", ""보안""]",PENDING,,
KJKM002110210012,분당푸른마을아파트 경비원 채용합니다.,SECURITY,"[""경비"", ""경비원""]",PENDING,,
KJ20912605150022,[채용대행] DMC호반베르디움더포레 경비원 모집,SECURITY,"[""경비"", ""경비원""]",PENDING,,
K151152306020157,서울 용산구 건설현장 경비 모집(채용시 조기마감가능),SECURITY,"[""경비""]",PENDING,,
KJKI002109030004,김포마산동 솔터LH 3단지 경비원 채용합니다.,SECURITY,"[""경비"", ""경비원""]",PENDING,,
K131412205240010,직원(경비원) 채용 공고,SECURITY,"[""경비"", ""경비원""]",PENDING,,
K161232411220022,아파트 경비원 모집,SECURITY,"[""경비"", ""경비원""]",PENDING,,
K120422402070004,대전 가장퍼스트  공사 현장 격일제 경비원 모집,SECURITY,"[""경비"", ""경비원""]",PENDING,,
K160012305160059,경비원 모집합니다(광주광역시 첨단금호),SECURITY,"[""경비"", ""경비원""]",PENDING,,
K151632312110007,평촌  아파트 경비원 구인(복지카드소지자 우대채용),SECURITY,"[""경비"", ""경비원""]",PENDING,,
KJDE002602090009,회사 보안원 채용,SECURITY,"[""보안""]",PENDING,,
KJRX002411200002,포항 두호SK VIEW 푸르지오아파트 경비원 채용합니다.(장애인등록증 또는 장애인복지카드 소지자 우대),SECURITY,"[""경비"", ""경비원""]",PENDING,,
KJDE002606230012,보안원 구인,SECURITY,"[""보안""]",PENDING,,
KJKM002110060013,분당푸른마을아파트 경비원 채용합니다.,SECURITY,"[""경비"", ""경비원""]",PENDING,,
K120422204040068,안산시 단원구(시화호) 공사현장  3교대 근무 경비원 채용,SECURITY,"[""경비"", ""경비원""]",PENDING,,
KJAM002205270002,우리유앤미 아파트 경비원 채용합니다.,SECURITY,"[""경비"", ""경비원""]",PENDING,,
K151632401020083,송파파인 9단지 아파트 경비원 구인 (복지카드 소지자 병행채용),SECURITY,"[""경비"", ""경비원""]",PENDING,,
K130232112070058,창원 성산구 기업체 주간경비원 구인,SECURITY,"[""경비"", ""경비원""]",PENDING,,
KJKX002507220008,[성남 중원구] 동분당포레스트 경비원 구인,SECURITY,"[""경비"", ""경비원""]",PENDING,,
KJKP002606160016,* 안산 중흥S클래스더퍼스트 아파트 경비 모집,SECURITY,"[""경비""]",PENDING,,
K150112408010015,[동작구] 노량진우성 아파트 경비원 모집합니다.,SECURITY,"[""경비"", ""경비원""]",PENDING,,
KJKE002306300005,천왕이펜하우스 2단지아파트 경비원 모집,SECURITY,"[""경비"", ""경비원""]",PENDING,,
K120612606150018,긴급!!! 신도림현대아파트 경비원 모집 - 경증복지카드 우대,SECURITY,"[""경비"", ""경비원""]",PENDING,,
KJKO002307170016,아파트 경비원(건물관리원)을 모집합니다.,SECURITY,"[""경비"", ""경비원""]",PENDING,,
KJKR002403270030,안양 대우디오슈페리움 아파트 경비원(격일제) 모집,SECURITY,"[""경비"", ""경비원""]",PENDING,,
K141112403120041,경산사동 휴먼시아2단지 경비원 모집합니다.,SECURITY,"[""경비"", ""경비원""]",PENDING,,
K120232411130005,구미동 무지개 건영 6단지 아파트 경비원 구인,SECURITY,"[""경비"", ""경비원""]",PENDING,,
K130042111100075,부산 정보통신감리원(중급) 채용공고,UNKNOWN,[],UNCLASSIFIED,,
K151132410070059,미사 하우스디 엘타워 지식산업센터 시설팀장 구인,UNKNOWN,[],UNCLASSIFIED,,
KEC0842509150006,간호사(야간 근무자) 채용[25.9.25(목) 13:00~채용설명회 및 현장면접진행]-사전접수 필수,UNKNOWN,[],UNCLASSIFIED,,
K150122401100047,"재활용솜 재가공 ,재활용의류 분류",UNKNOWN,[],UNCLASSIFIED,,
K152222508210003,고용노동부 태백지청 삼척고용센터 [청년인턴] 채용,UNKNOWN,[],UNCLASSIFIED,,
K120612202080092,[관악구 신림동] AR컨텐츠 부문 신입사원 모집합니다.,UNKNOWN,[],UNCLASSIFIED,,
K120422201120017,인구보건복지협회 대전충남지회 가족보건의원 정규직 간호사 모집,UNKNOWN,[],UNCLASSIFIED,,
KJAP002607160006,[역삼동] 역삼역 인근 오피스빌딩 전기 팀장 모집,UNKNOWN,[],UNCLASSIFIED,,
K151322203250003,7호선 광명사거리역 예지원요양병원에서 함께 일하실 주차담당 선생님 충원합니다,UNKNOWN,[],UNCLASSIFIED,,
K140132306090009,육군3사관학교 공무직근로자(세탁근무원) 채용 재공고,UNKNOWN,[],UNCLASSIFIED,,
K120232308100046,[월10회이상휴무/초보가능] 신세계백화점 강남점 직원식당 사원모집,UNKNOWN,[],UNCLASSIFIED,,
K162122509290005,2025년 하반기 목포고용노동지청 통계조사관 채용 공고,UNKNOWN,[],UNCLASSIFIED,,
K131212204060024,울산운전면허시험장 안전관리반장 정규직 채용공고,UNKNOWN,[],UNCLASSIFIED,,
K151122305020009,[차담진SJ] 중고차 고객 상담 관리자 신입 및 경력 모집,UNKNOWN,[],UNCLASSIFIED,,
K130052306120002,철강업체 금속가공 기계(인발기) 조작원 모집,UNKNOWN,[],UNCLASSIFIED,,
K151642110050039,금형 사상 정규직 채용,UNKNOWN,[],UNCLASSIFIED,,
K152122110070018,[엘리시안] 스키 시즌권 안내/홍보 모집,UNKNOWN,[],UNCLASSIFIED,,
K180512603270009,관리부 직원을 모집합니다.,UNKNOWN,[],UNCLASSIFIED,,
K150012201140108,라이온재활요양병원  -  이송도우미 추가 충원합니다.,UNKNOWN,[],UNCLASSIFIED,,
KJKU002402150003,도시안전정보센터 CCTV 관제요원 긴급채용,UNKNOWN,[],UNCLASSIFIED,,
K151692203070002,경리담당자 모집합니다.,UNKNOWN,[],UNCLASSIFIED,,
K152122307110043,춘천호반장애인자립생활센터 신규 직원 채용 공고,UNKNOWN,[],UNCLASSIFIED,,
K180622609170006,오산시보조기기수리센터 수리기사 채용 - 오산시지체장애인협회,UNKNOWN,[],UNCLASSIFIED,,
K151232310050062,화장품용기 인쇄 검사 경력자 (초보가능)[채용대행],UNKNOWN,[],UNCLASSIFIED,,
K180312601120012,현수막 설치기사 모집,UNKNOWN,[],UNCLASSIFIED,,
KJKL002111020018,중흥마을 극동두산 관리원 모집,UNKNOWN,[],UNCLASSIFIED,,
K162122605210024,간호조무사 모집,UNKNOWN,[],UNCLASSIFIED,,
K171212111010008,요양병원 병동간호사 구합니다,UNKNOWN,[],UNCLASSIFIED,,
KJK1002204010010,[본사직영] 피킹/패킹 담당자 모집,UNKNOWN,[],UNCLASSIFIED,,
K163022306210003,[해비치호텔앤드리조트(주)] 현대자동차 태안드라이빙센터 경영지원(구매/재경/인사) 채용 공고,UNKNOWN,[],UNCLASSIFIED,,
