job_id,title,candidate_labels,review_CLEANING_TASK,review_CARE_TASK,review_DRIVING,review_FACILITY_MAINTENANCE,review_NIGHT_SHIFT,review_OFFICE_TASK,review_WALKING,review_status,review_note,candidate_CLEANING_TASK,candidate_CARE_TASK,candidate_DRIVING,candidate_FACILITY_MAINTENANCE,candidate_NIGHT_SHIFT,candidate_OFFICE_TASK,candidate_WALKING
K151522111170012,충남 홍성군 홍성읍 신경리 모델하우스 미화원 모집,"[""CLEANING_TASK""]",?,?,?,?,?,?,?,PENDING,,POSITIVE_CANDIDATE,UNKNOWN,UNKNOWN,UNKNOWN,UNKNOWN,UNKNOWN,UNKNOWN
KF11132404290004,재가요양보호사를 모집합니다,"[""CARE_TASK""]",?,?,?,?,?,?,?,PENDING,,UNKNOWN,POSITIVE_CANDIDATE,UNKNOWN,UNKNOWN,UNKNOWN,UNKNOWN,UNKNOWN
K150112311220047,대형버스(45인승) 운전직 정직원 모집,"[""DRIVING""]",?,?,?,?,?,?,?,PENDING,,UNKNOWN,UNKNOWN,POSITIVE_CANDIDATE,UNKNOWN,UNKNOWN,UNKNOWN,UNKNOWN
K151122407080029,"서호지구체육시설 관리사원 채용공고(1명-여자(샤워실, 화장실 미화))","[""CLEANING_TASK"", ""FACILITY_MAINTENANCE""]",?,?,?,?,?,?,?,PENDING,,POSITIVE_CANDIDATE,UNKNOWN,UNKNOWN,POSITIVE_CANDIDATE,UNKNOWN,UNKNOWN,UNKNOWN
KJMH002505280006,2025 제천시립치매전담요양？주야간보호센터 직원(조리사) 채용 공고,"[""NIGHT_SHIFT""]",?,?,?,?,?,?,?,PENDING,,UNKNOWN,UNKNOWN,UNKNOWN,UNKNOWN,POSITIVE_CANDIDATE,UNKNOWN,UNKNOWN
K151812112070066,사무보조(서류정리) 및 인터넷기사작성자 모집,"[""OFFICE_TASK""]",?,?,?,?,?,?,?,PENDING,,UNKNOWN,UNKNOWN,UNKNOWN,UNKNOWN,UNKNOWN,POSITIVE_CANDIDATE,UNKNOWN
KJKL002203150002,부천 상동역 인근 야간경비원 모집(일근직/ 야간경비/ 월급여 120만/ 상동역 도보2분거리/ 부천새롬프라자),"[""WALKING"", ""NIGHT_SHIFT""]",?,?,?,?,?,?,?,PENDING,,UNKNOWN,UNKNOWN,UNKNOWN,UNKNOWN,POSITIVE_CANDIDATE,UNKNOWN,POSITIVE_CANDIDATE
K151572203020003,"건물경비원 모집(필수:경력자, 복지카드소지자, 채용즉시근무가능자)",[],?,?,?,?,?,?,?,PENDING,,UNKNOWN,UNKNOWN,UNKNOWN,UNKNOWN,UNKNOWN,UNKNOWN,UNKNOWN
K120612507020030,서동탄역 양우 내안애 아파트 실내미화원 모집 (화성시),"[""CLEANING_TASK""]",?,?,?,?,?,?,?,PENDING,,POSITIVE_CANDIDATE,UNKNOWN,UNKNOWN,UNKNOWN,UNKNOWN,UNKNOWN,UNKNOWN
K130042606010073,명륜동 요양보호사님 모십니다.,"[""CARE_TASK""]",?,?,?,?,?,?,?,PENDING,,UNKNOWN,POSITIVE_CANDIDATE,UNKNOWN,UNKNOWN,UNKNOWN,UNKNOWN,UNKNOWN
K171252402160011,물류 및 자재관리 지게차운전원 모집,"[""DRIVING""]",?,?,?,?,?,?,?,PENDING,,UNKNOWN,UNKNOWN,POSITIVE_CANDIDATE,UNKNOWN,UNKNOWN,UNKNOWN,UNKNOWN
K120412403200008,양천구 시설관리공단 셔틀버스 운전원,"[""DRIVING"", ""FACILITY_MAINTENANCE""]",?,?,?,?,?,?,?,PENDING,,UNKNOWN,UNKNOWN,POSITIVE_CANDIDATE,POSITIVE_CANDIDATE,UNKNOWN,UNKNOWN,UNKNOWN
K150012308250075,야간숙직 업무 구인합니다.,"[""NIGHT_SHIFT""]",?,?,?,?,?,?,?,PENDING,,UNKNOWN,UNKNOWN,UNKNOWN,UNKNOWN,POSITIVE_CANDIDATE,UNKNOWN,UNKNOWN
K141462607300002,경북연구원 제8차 행정보조원 공개 채용,"[""OFFICE_TASK""]",?,?,?,?,?,?,?,PENDING,,UNKNOWN,UNKNOWN,UNKNOWN,UNKNOWN,UNKNOWN,POSITIVE_CANDIDATE,UNKNOWN
KJKM002204150003,"[수내역도보 5분] 대명상가 시설과장 모집(월급270, 주5일, 기계설비유지관리자 중급필수)","[""WALKING""]",?,?,?,?,?,?,?,PENDING,,UNKNOWN,UNKNOWN,UNKNOWN,UNKNOWN,UNKNOWN,UNKNOWN,POSITIVE_CANDIDATE
K171112408050063,오창과학단지 내 (주)에어레인 제품생산 교대제 정규직 채용,[],?,?,?,?,?,?,?,PENDING,,UNKNOWN,UNKNOWN,UNKNOWN,UNKNOWN,UNKNOWN,UNKNOWN,UNKNOWN
K120612205180034,호매실 경남아너스빌아파트 미화원 채용(복지카드 소지자 우대),"[""CLEANING_TASK""]",?,?,?,?,?,?,?,PENDING,,POSITIVE_CANDIDATE,UNKNOWN,UNKNOWN,UNKNOWN,UNKNOWN,UNKNOWN,UNKNOWN
KJ20522608120006,▶ 동구 신암동  ◀ 재가요양보호사 구인,"[""CARE_TASK""]",?,?,?,?,?,?,?,PENDING,,UNKNOWN,POSITIVE_CANDIDATE,UNKNOWN,UNKNOWN,UNKNOWN,UNKNOWN,UNKNOWN
K120512408200003,[긴급] 서울시립상이군경복지관 직원 채용 재공고(운전기사),"[""DRIVING""]",?,?,?,?,?,?,?,PENDING,,UNKNOWN,UNKNOWN,POSITIVE_CANDIDATE,UNKNOWN,UNKNOWN,UNKNOWN,UNKNOWN
KJKV002603170004,2026년도 제1회 직원 공개채용 공고(일반7급_ 시설관리_청년),"[""FACILITY_MAINTENANCE""]",?,?,?,?,?,?,?,PENDING,,UNKNOWN,UNKNOWN,UNKNOWN,POSITIVE_CANDIDATE,UNKNOWN,UNKNOWN,UNKNOWN
K152412312120032,"설성식품 야간 정규직 사원 大 모집(자차필수) 보건증 필수, 누구나 지원 가능!!","[""NIGHT_SHIFT""]",?,?,?,?,?,?,?,PENDING,,UNKNOWN,UNKNOWN,UNKNOWN,UNKNOWN,POSITIVE_CANDIDATE,UNKNOWN,UNKNOWN
K131212201140013,한국전력국제원자력대학원대학교 기간제근로자 채용공고(사무보조),"[""OFFICE_TASK""]",?,?,?,?,?,?,?,PENDING,,UNKNOWN,UNKNOWN,UNKNOWN,UNKNOWN,UNKNOWN,POSITIVE_CANDIDATE,UNKNOWN
K120252306210026,[세계빌딩] 강남역 도보1분 건물 *미화원* 모집,"[""WALKING"", ""CLEANING_TASK""]",?,?,?,?,?,?,?,PENDING,,POSITIVE_CANDIDATE,UNKNOWN,UNKNOWN,UNKNOWN,UNKNOWN,UNKNOWN,POSITIVE_CANDIDATE
K131212401290026,현대중공업 협력업체  (주)태현 포설 인원 구합니다,[],?,?,?,?,?,?,?,PENDING,,UNKNOWN,UNKNOWN,UNKNOWN,UNKNOWN,UNKNOWN,UNKNOWN,UNKNOWN
KJBA002407010003,[해운대구 좌동] 해운대 대동타운아파트 미화원 채용,"[""CLEANING_TASK""]",?,?,?,?,?,?,?,PENDING,,POSITIVE_CANDIDATE,UNKNOWN,UNKNOWN,UNKNOWN,UNKNOWN,UNKNOWN,UNKNOWN
K162122207180029,2022년 목포시노인복지관 노인맞춤돌봄서비스사업 수행인력(생활지원사) 채용,"[""CARE_TASK""]",?,?,?,?,?,?,?,PENDING,,UNKNOWN,POSITIVE_CANDIDATE,UNKNOWN,UNKNOWN,UNKNOWN,UNKNOWN,UNKNOWN
K151232308210087,회계사무원 및 운전보조원,"[""DRIVING""]",?,?,?,?,?,?,?,PENDING,,UNKNOWN,UNKNOWN,POSITIVE_CANDIDATE,UNKNOWN,UNKNOWN,UNKNOWN,UNKNOWN
KJAS002404050001,[잠실동] 금비빌딩 격일 시설관리원 모집(월 230만 ~ ),"[""FACILITY_MAINTENANCE""]",?,?,?,?,?,?,?,PENDING,,UNKNOWN,UNKNOWN,UNKNOWN,POSITIVE_CANDIDATE,UNKNOWN,UNKNOWN,UNKNOWN
KJKN002405030037,[삼성전자] 미화(청소)사원 모집(R5)-주간/야간/야간,"[""NIGHT_SHIFT"", ""CLEANING_TASK""]",?,?,?,?,?,?,?,PENDING,,POSITIVE_CANDIDATE,UNKNOWN,UNKNOWN,UNKNOWN,POSITIVE_CANDIDATE,UNKNOWN,UNKNOWN
K151232409090002,교통약자 휠체어택시 서비스 전화 상담 및 사무보조 직원 채용,"[""OFFICE_TASK""]",?,?,?,?,?,?,?,PENDING,,UNKNOWN,UNKNOWN,UNKNOWN,UNKNOWN,UNKNOWN,POSITIVE_CANDIDATE,UNKNOWN
K163012203100023,제주특별자치도보조기기센터 신규인력 채용 계획 공고,"[""WALKING""]",?,?,?,?,?,?,?,PENDING,,UNKNOWN,UNKNOWN,UNKNOWN,UNKNOWN,UNKNOWN,UNKNOWN,POSITIVE_CANDIDATE
KJKD002401220002,[채용] 과천시노인복지관(본관) 사회복지사(휴직자 대체인력) 모집 공고,[],?,?,?,?,?,?,?,PENDING,,UNKNOWN,UNKNOWN,UNKNOWN,UNKNOWN,UNKNOWN,UNKNOWN,UNKNOWN
KJK6002309180001,[복지카드소지]아파트미화원,"[""CLEANING_TASK""]",?,?,?,?,?,?,?,PENDING,,POSITIVE_CANDIDATE,UNKNOWN,UNKNOWN,UNKNOWN,UNKNOWN,UNKNOWN,UNKNOWN
K151652511050039,경기광주 퇴촌(면사무소인근)  독거여자 요양보호사 구인,"[""CARE_TASK""]",?,?,?,?,?,?,?,PENDING,,UNKNOWN,POSITIVE_CANDIDATE,UNKNOWN,UNKNOWN,UNKNOWN,UNKNOWN,UNKNOWN
K151822510130028,중증 장애인 콜차량 운전기사 모집합니다.,"[""DRIVING""]",?,?,?,?,?,?,?,PENDING,,UNKNOWN,UNKNOWN,POSITIVE_CANDIDATE,UNKNOWN,UNKNOWN,UNKNOWN,UNKNOWN
K120122408220018,교보생명 중앙동사옥 빌딩시설관리(전기) 모집,"[""FACILITY_MAINTENANCE""]",?,?,?,?,?,?,?,PENDING,,UNKNOWN,UNKNOWN,UNKNOWN,POSITIVE_CANDIDATE,UNKNOWN,UNKNOWN,UNKNOWN
K120252406110014,우리W타워 미화 야간반(여자화장실청소) 모십니다.,"[""NIGHT_SHIFT"", ""CLEANING_TASK""]",?,?,?,?,?,?,?,PENDING,,POSITIVE_CANDIDATE,UNKNOWN,UNKNOWN,UNKNOWN,POSITIVE_CANDIDATE,UNKNOWN,UNKNOWN
K151642510130010,본사 사무실 사무보조원 모집,"[""OFFICE_TASK""]",?,?,?,?,?,?,?,PENDING,,UNKNOWN,UNKNOWN,UNKNOWN,UNKNOWN,UNKNOWN,POSITIVE_CANDIDATE,UNKNOWN
K120122404170030,"시설관리 및 순찰원 모집, 흥국생명연수원(기흥구)","[""WALKING"", ""FACILITY_MAINTENANCE""]",?,?,?,?,?,?,?,PENDING,,UNKNOWN,UNKNOWN,UNKNOWN,POSITIVE_CANDIDATE,UNKNOWN,UNKNOWN,POSITIVE_CANDIDATE
K141412311300011,"바이오의약품 연구개발및 효능평가등 (정규직 연구직 3명, 계약직 나급 1명) 인력채용",[],?,?,?,?,?,?,?,PENDING,,UNKNOWN,UNKNOWN,UNKNOWN,UNKNOWN,UNKNOWN,UNKNOWN,UNKNOWN
KJDG002109230001,올리브 요양원 환경미화원 모집,"[""CLEANING_TASK""]",?,?,?,?,?,?,?,PENDING,,POSITIVE_CANDIDATE,UNKNOWN,UNKNOWN,UNKNOWN,UNKNOWN,UNKNOWN,UNKNOWN
K120512405140009,길요양원 요양보호사 모집합니다 (주간),"[""CARE_TASK""]",?,?,?,?,?,?,?,PENDING,,UNKNOWN,POSITIVE_CANDIDATE,UNKNOWN,UNKNOWN,UNKNOWN,UNKNOWN,UNKNOWN
KEC0052609100010,"[초량동]제품수거, 운전업무","[""DRIVING""]",?,?,?,?,?,?,?,PENDING,,UNKNOWN,UNKNOWN,POSITIVE_CANDIDATE,UNKNOWN,UNKNOWN,UNKNOWN,UNKNOWN
K151122403150049,"만석공체육시설 관리사원 채용공고(테니스장, 인조잔디구)","[""FACILITY_MAINTENANCE""]",?,?,?,?,?,?,?,PENDING,,UNKNOWN,UNKNOWN,UNKNOWN,POSITIVE_CANDIDATE,UNKNOWN,UNKNOWN,UNKNOWN
K140112407160036,[중장년내일센터 채용대행]야간경비원모집[‘24.7.24.(수) 수요데이 현장면접 행사 참여 업체],"[""NIGHT_SHIFT""]",?,?,?,?,?,?,?,PENDING,,UNKNOWN,UNKNOWN,UNKNOWN,UNKNOWN,POSITIVE_CANDIDATE,UNKNOWN,UNKNOWN
K160092205020001,"장애인표준사업장직원모집공고(기술직, 업무지원, 사무보조, 제조)","[""OFFICE_TASK""]",?,?,?,?,?,?,?,PENDING,,UNKNOWN,UNKNOWN,UNKNOWN,UNKNOWN,UNKNOWN,POSITIVE_CANDIDATE,UNKNOWN
K120252309250004,[분당러스크 재활병원] 정자역 도보 3분 미화원 (1명) 모집,"[""WALKING"", ""CLEANING_TASK""]",?,?,?,?,?,?,?,PENDING,,POSITIVE_CANDIDATE,UNKNOWN,UNKNOWN,UNKNOWN,UNKNOWN,UNKNOWN,POSITIVE_CANDIDATE
K130232112240001,신발제조 생산직 신입 및 기능직 모집,[],?,?,?,?,?,?,?,PENDING,,UNKNOWN,UNKNOWN,UNKNOWN,UNKNOWN,UNKNOWN,UNKNOWN,UNKNOWN
KJKX002206140019,한보라마을6단지 외곽 미화원 채용합니다.,"[""CLEANING_TASK""]",?,?,?,?,?,?,?,PENDING,,POSITIVE_CANDIDATE,UNKNOWN,UNKNOWN,UNKNOWN,UNKNOWN,UNKNOWN,UNKNOWN
K150012507080083,만수6동 방문요양보호사 구인,"[""CARE_TASK""]",?,?,?,?,?,?,?,PENDING,,UNKNOWN,POSITIVE_CANDIDATE,UNKNOWN,UNKNOWN,UNKNOWN,UNKNOWN,UNKNOWN
KJLI002407010002,(재공고)교통약자 특별교통수단 콜택시 운전원 모집,"[""DRIVING""]",?,?,?,?,?,?,?,PENDING,,UNKNOWN,UNKNOWN,POSITIVE_CANDIDATE,UNKNOWN,UNKNOWN,UNKNOWN,UNKNOWN
KJNM002207220001,2022년 천안시시설관리공단 공원관리원 모집[기간제],"[""FACILITY_MAINTENANCE""]",?,?,?,?,?,?,?,PENDING,,UNKNOWN,UNKNOWN,UNKNOWN,POSITIVE_CANDIDATE,UNKNOWN,UNKNOWN,UNKNOWN
K131132602130033,[창원] 방산/항공사업 사무보조 사원 모집-장애인 병행채용 [창원고용센터 일자리 찾아준데이 채용행사],"[""OFFICE_TASK""]",?,?,?,?,?,?,?,PENDING,,UNKNOWN,UNKNOWN,UNKNOWN,UNKNOWN,UNKNOWN,POSITIVE_CANDIDATE,UNKNOWN
K120252308010006,[성신한방병원] 모란역 도보1분 미화원 *주말반1명* 모집,"[""WALKING"", ""CLEANING_TASK""]",?,?,?,?,?,?,?,PENDING,,POSITIVE_CANDIDATE,UNKNOWN,UNKNOWN,UNKNOWN,UNKNOWN,UNKNOWN,POSITIVE_CANDIDATE
KJAE002203110002,벽산에어트리움 빌딩 경비원 채용합니다.,[],?,?,?,?,?,?,?,PENDING,,UNKNOWN,UNKNOWN,UNKNOWN,UNKNOWN,UNKNOWN,UNKNOWN,UNKNOWN
KJKC002110200025,덕이동 일산파밀리에2단지 아파트 미화원 모집,"[""CLEANING_TASK""]",?,?,?,?,?,?,?,PENDING,,POSITIVE_CANDIDATE,UNKNOWN,UNKNOWN,UNKNOWN,UNKNOWN,UNKNOWN,UNKNOWN
KF10882410210013,[동구 신천동] 재가요양보호사 구인,"[""CARE_TASK""]",?,?,?,?,?,?,?,PENDING,,UNKNOWN,POSITIVE_CANDIDATE,UNKNOWN,UNKNOWN,UNKNOWN,UNKNOWN,UNKNOWN
K140142402150038,화물차 운전원 모집,"[""DRIVING""]",?,?,?,?,?,?,?,PENDING,,UNKNOWN,UNKNOWN,POSITIVE_CANDIDATE,UNKNOWN,UNKNOWN,UNKNOWN,UNKNOWN
KJRX002402210002,[해병대군수단] 공무직 근로자 채용/시설관리원(전기) 1명★ 채용대행(포항시 일자리 종합센터) ★,"[""FACILITY_MAINTENANCE""]",?,?,?,?,?,?,?,PENDING,,UNKNOWN,UNKNOWN,UNKNOWN,POSITIVE_CANDIDATE,UNKNOWN,UNKNOWN,UNKNOWN
K130112405220016,단순생산직 모집(단순생산  주간고정  또는 야간고정 및 교대 경력無),"[""NIGHT_SHIFT""]",?,?,?,?,?,?,?,PENDING,,UNKNOWN,UNKNOWN,UNKNOWN,UNKNOWN,POSITIVE_CANDIDATE,UNKNOWN,UNKNOWN
K141112505230018,[포스코휴먼스] 광양 사무보조 반일제 계약직 채용 *장애인 우대,"[""OFFICE_TASK""]",?,?,?,?,?,?,?,PENDING,,UNKNOWN,UNKNOWN,UNKNOWN,UNKNOWN,UNKNOWN,POSITIVE_CANDIDATE,UNKNOWN
K151342402150048,"[당산역 도보 1분] 더빌 보안원 모집(격일제, 급여 226만원, 점심, 저녁 식사 제공)","[""WALKING""]",?,?,?,?,?,?,?,PENDING,,UNKNOWN,UNKNOWN,UNKNOWN,UNKNOWN,UNKNOWN,UNKNOWN,POSITIVE_CANDIDATE
K152412403250005,일반 사무직,[],?,?,?,?,?,?,?,PENDING,,UNKNOWN,UNKNOWN,UNKNOWN,UNKNOWN,UNKNOWN,UNKNOWN,UNKNOWN
KJ20922605110001,과천 자이 아파트 실내 미화 구인,"[""CLEANING_TASK""]",?,?,?,?,?,?,?,PENDING,,POSITIVE_CANDIDATE,UNKNOWN,UNKNOWN,UNKNOWN,UNKNOWN,UNKNOWN,UNKNOWN
K120572407250007,(노원구 월계동 극동아파트 ) 요양보호사 모집 (4등급  남자어르신),"[""CARE_TASK""]",?,?,?,?,?,?,?,PENDING,,UNKNOWN,POSITIVE_CANDIDATE,UNKNOWN,UNKNOWN,UNKNOWN,UNKNOWN,UNKNOWN
K140162401050004,카카오택시운전기사 모집,"[""DRIVING""]",?,?,?,?,?,?,?,PENDING,,UNKNOWN,UNKNOWN,POSITIVE_CANDIDATE,UNKNOWN,UNKNOWN,UNKNOWN,UNKNOWN
K140162205310023,신보운영관리(주) 신용보증기금 인천중앙지점 시설관리직 정규직 채용 (연장),"[""FACILITY_MAINTENANCE""]",?,?,?,?,?,?,?,PENDING,,UNKNOWN,UNKNOWN,UNKNOWN,POSITIVE_CANDIDATE,UNKNOWN,UNKNOWN,UNKNOWN
K120422604270030,(주)고암 인제대학교부산백병원 시설 전기팀 야간근무자 채용공고,"[""NIGHT_SHIFT""]",?,?,?,?,?,?,?,PENDING,,UNKNOWN,UNKNOWN,UNKNOWN,UNKNOWN,POSITIVE_CANDIDATE,UNKNOWN,UNKNOWN
KJK5002605280004,본사 사무실 사무보조원을 모집합니다,"[""OFFICE_TASK""]",?,?,?,?,?,?,?,PENDING,,UNKNOWN,UNKNOWN,UNKNOWN,UNKNOWN,UNKNOWN,POSITIVE_CANDIDATE,UNKNOWN
K151342308010044,"[압구정역 3번출구 도보 1분] 이소니프라자 미화원 모집( 주6일, 월급 159만원)","[""WALKING"", ""CLEANING_TASK""]",?,?,?,?,?,?,?,PENDING,,POSITIVE_CANDIDATE,UNKNOWN,UNKNOWN,UNKNOWN,UNKNOWN,UNKNOWN,POSITIVE_CANDIDATE
KJK2002111110005,▣[2021년 제5회 꿈일터 구인구직만남의 날 간접참여기업-이력서채용대행]세탁원모집,[],?,?,?,?,?,?,?,PENDING,,UNKNOWN,UNKNOWN,UNKNOWN,UNKNOWN,UNKNOWN,UNKNOWN,UNKNOWN
KJKN002505090004,비단마을 베스트타운 아파트  미화원 모집,"[""CLEANING_TASK""]",?,?,?,?,?,?,?,PENDING,,POSITIVE_CANDIDATE,UNKNOWN,UNKNOWN,UNKNOWN,UNKNOWN,UNKNOWN,UNKNOWN
KJKC002409300042,고양시 아이돌봄지원사업 직원채용 공고(육아휴직 대체자),"[""CARE_TASK""]",?,?,?,?,?,?,?,PENDING,,UNKNOWN,POSITIVE_CANDIDATE,UNKNOWN,UNKNOWN,UNKNOWN,UNKNOWN,UNKNOWN
K172112605190008,송산에이치이 덤프트럭 운전원 모집합니다.,"[""DRIVING""]",?,?,?,?,?,?,?,PENDING,,UNKNOWN,UNKNOWN,POSITIVE_CANDIDATE,UNKNOWN,UNKNOWN,UNKNOWN,UNKNOWN
K141462508050004,경북육아종합지원센터 시설관리자 채용,"[""FACILITY_MAINTENANCE""]",?,?,?,?,?,?,?,PENDING,,UNKNOWN,UNKNOWN,UNKNOWN,POSITIVE_CANDIDATE,UNKNOWN,UNKNOWN,UNKNOWN
KF10892610060004,"야간 시설 관리(시설,경비,운전) 선생님을 모십니다.[격일근무]","[""NIGHT_SHIFT"", ""DRIVING"", ""FACILITY_MAINTENANCE""]",?,?,?,?,?,?,?,PENDING,,UNKNOWN,UNKNOWN,POSITIVE_CANDIDATE,POSITIVE_CANDIDATE,POSITIVE_CANDIDATE,UNKNOWN,UNKNOWN
K170052201250029,공공조달컨설팅 사무보조 모집,"[""OFFICE_TASK""]",?,?,?,?,?,?,?,PENDING,,UNKNOWN,UNKNOWN,UNKNOWN,UNKNOWN,UNKNOWN,POSITIVE_CANDIDATE,UNKNOWN
K140132605040032,계근업무 및 순찰담당자 모집(컴퓨터사용가능자),"[""WALKING""]",?,?,?,?,?,?,?,PENDING,,UNKNOWN,UNKNOWN,UNKNOWN,UNKNOWN,UNKNOWN,UNKNOWN,POSITIVE_CANDIDATE
K130112307260008,생산단순노무,[],?,?,?,?,?,?,?,PENDING,,UNKNOWN,UNKNOWN,UNKNOWN,UNKNOWN,UNKNOWN,UNKNOWN,UNKNOWN
K120612504250027,봇들마을 3단지 미화원 모집 (성남시 분당구),"[""CLEANING_TASK""]",?,?,?,?,?,?,?,PENDING,,POSITIVE_CANDIDATE,UNKNOWN,UNKNOWN,UNKNOWN,UNKNOWN,UNKNOWN,UNKNOWN
K151152201190083,화성시서부노인복지관)노인맞춤돌봄서비스 생활지원사 채용 공고(긴급),"[""CARE_TASK""]",?,?,?,?,?,?,?,PENDING,,UNKNOWN,POSITIVE_CANDIDATE,UNKNOWN,UNKNOWN,UNKNOWN,UNKNOWN,UNKNOWN
KJKH002610010003,■[2026 하반기 군포시 일자리 박람회 10월21일(수) 14~16시] 택시운전기사 모집(군포 안양 의왕 과천 일원),"[""DRIVING""]",?,?,?,?,?,?,?,PENDING,,UNKNOWN,UNKNOWN,POSITIVE_CANDIDATE,UNKNOWN,UNKNOWN,UNKNOWN,UNKNOWN
KJK1002310250005,육군항공사령부 공무직근로자(시설관리원-경기도 하남) 채용,"[""FACILITY_MAINTENANCE""]",?,?,?,?,?,?,?,PENDING,,UNKNOWN,UNKNOWN,UNKNOWN,POSITIVE_CANDIDATE,UNKNOWN,UNKNOWN,UNKNOWN
KJK3002509220004,"평택 삼성반도체 P1 외곽,스막,야간청소 미화원 채용 ""서정동행정복지센터 상설면접 채용행사 에정 ""","[""NIGHT_SHIFT"", ""CLEANING_TASK""]",?,?,?,?,?,?,?,PENDING,,POSITIVE_CANDIDATE,UNKNOWN,UNKNOWN,UNKNOWN,POSITIVE_CANDIDATE,UNKNOWN,UNKNOWN
K151132203310054,사무보조원 모집,"[""OFFICE_TASK""]",?,?,?,?,?,?,?,PENDING,,UNKNOWN,UNKNOWN,UNKNOWN,UNKNOWN,UNKNOWN,POSITIVE_CANDIDATE,UNKNOWN
KJKL002308020005,부천시청역 인근 관리반장 모집(일근직/ 월급여 172만/ 부천시청역 도보2분거리/ 부천새롬프라자),"[""WALKING""]",?,?,?,?,?,?,?,PENDING,,UNKNOWN,UNKNOWN,UNKNOWN,UNKNOWN,UNKNOWN,UNKNOWN,POSITIVE_CANDIDATE
KEC0252405300004,감사원 기간제 근로자(기계) 모집,[],?,?,?,?,?,?,?,PENDING,,UNKNOWN,UNKNOWN,UNKNOWN,UNKNOWN,UNKNOWN,UNKNOWN,UNKNOWN
K120252311290003,[부민통신 송내역점] 미화원 (1명) 모집,"[""CLEANING_TASK""]",?,?,?,?,?,?,?,PENDING,,POSITIVE_CANDIDATE,UNKNOWN,UNKNOWN,UNKNOWN,UNKNOWN,UNKNOWN,UNKNOWN
K130042604100034,윗반송로 요양보호사님 모십니다.,"[""CARE_TASK""]",?,?,?,?,?,?,?,PENDING,,UNKNOWN,POSITIVE_CANDIDATE,UNKNOWN,UNKNOWN,UNKNOWN,UNKNOWN,UNKNOWN
KJQE002410080004,[제1회 광양시 장애인일자리 박람회 참가기업]  (주)광양교통 시내버스 운전원 모집,"[""DRIVING""]",?,?,?,?,?,?,?,PENDING,,UNKNOWN,UNKNOWN,POSITIVE_CANDIDATE,UNKNOWN,UNKNOWN,UNKNOWN,UNKNOWN
K141122112030014,경주시시설관리공단 국민체육센터 기간제근로자(체육강사·안전요원) 채용공고(제2021-39호,"[""FACILITY_MAINTENANCE""]",?,?,?,?,?,?,?,PENDING,,UNKNOWN,UNKNOWN,UNKNOWN,POSITIVE_CANDIDATE,UNKNOWN,UNKNOWN,UNKNOWN
KF10892504090001,"야간 시설관리 및 경비, 보안 선생님을 모십니다.(격일근무)","[""NIGHT_SHIFT"", ""FACILITY_MAINTENANCE""]",?,?,?,?,?,?,?,PENDING,,UNKNOWN,UNKNOWN,UNKNOWN,POSITIVE_CANDIDATE,POSITIVE_CANDIDATE,UNKNOWN,UNKNOWN
K140022203110078,광고플랫폼회사 사무보조 모집,"[""OFFICE_TASK""]",?,?,?,?,?,?,?,PENDING,,UNKNOWN,UNKNOWN,UNKNOWN,UNKNOWN,UNKNOWN,POSITIVE_CANDIDATE,UNKNOWN
K120252403280001,[세계빌딩] 강남역 도보1분 *시설관리원* (1명),"[""WALKING"", ""FACILITY_MAINTENANCE""]",?,?,?,?,?,?,?,PENDING,,UNKNOWN,UNKNOWN,UNKNOWN,POSITIVE_CANDIDATE,UNKNOWN,UNKNOWN,POSITIVE_CANDIDATE
K151552306190009,연천장애인자립생활센터 IL사업 담당자 모집,[],?,?,?,?,?,?,?,PENDING,,UNKNOWN,UNKNOWN,UNKNOWN,UNKNOWN,UNKNOWN,UNKNOWN,UNKNOWN
K172222206290029,롯데건설(주) 서부내륙 1단계 5공구 현장 청소원 및 식당 보조원 채용,"[""CLEANING_TASK""]",?,?,?,?,?,?,?,PENDING,,POSITIVE_CANDIDATE,UNKNOWN,UNKNOWN,UNKNOWN,UNKNOWN,UNKNOWN,UNKNOWN
K120572207280009,(강북구 수유동 국립재활원 인근) 요양보호사 모집,"[""CARE_TASK""]",?,?,?,?,?,?,?,PENDING,,UNKNOWN,POSITIVE_CANDIDATE,UNKNOWN,UNKNOWN,UNKNOWN,UNKNOWN,UNKNOWN
KJKV002603170003,2026년도 제1회 직원 공개채용 공고(일반7급_ 운전),"[""DRIVING""]",?,?,?,?,?,?,?,PENDING,,UNKNOWN,UNKNOWN,POSITIVE_CANDIDATE,UNKNOWN,UNKNOWN,UNKNOWN,UNKNOWN
K120252306160007,시설관리 영선원(관리소장)을 모집합니다,"[""FACILITY_MAINTENANCE""]",?,?,?,?,?,?,?,PENDING,,UNKNOWN,UNKNOWN,UNKNOWN,POSITIVE_CANDIDATE,UNKNOWN,UNKNOWN,UNKNOWN
K151132110180059,GS 25 남사물류센터 신입 직원 채용(야간),"[""NIGHT_SHIFT""]",?,?,?,?,?,?,?,PENDING,,UNKNOWN,UNKNOWN,UNKNOWN,UNKNOWN,POSITIVE_CANDIDATE,UNKNOWN,UNKNOWN
KJKV002206100007,2022년도 제3회 연천군시설관리공단  공개채용(기간제-청년인턴 사무보조원),"[""FACILITY_MAINTENANCE"", ""OFFICE_TASK""]",?,?,?,?,?,?,?,PENDING,,UNKNOWN,UNKNOWN,UNKNOWN,POSITIVE_CANDIDATE,UNKNOWN,POSITIVE_CANDIDATE,UNKNOWN
K120252409030011,[함성월드빌2아파트] 망원역 도보5분거리 *건물관리원*,"[""WALKING""]",?,?,?,?,?,?,?,PENDING,,UNKNOWN,UNKNOWN,UNKNOWN,UNKNOWN,UNKNOWN,UNKNOWN,POSITIVE_CANDIDATE
K120422311090013,공우이엔씨(주) 정규 직원 채용 공고,[],?,?,?,?,?,?,?,PENDING,,UNKNOWN,UNKNOWN,UNKNOWN,UNKNOWN,UNKNOWN,UNKNOWN,UNKNOWN
K151812306290026,[평택 청북읍] 중견기업 회사 당직 시설보안(청소)직원 모집_ 월250만 이상,"[""CLEANING_TASK""]",?,?,?,?,?,?,?,PENDING,,POSITIVE_CANDIDATE,UNKNOWN,UNKNOWN,UNKNOWN,UNKNOWN,UNKNOWN,UNKNOWN
KJ21062511110016,[수리산역 인근] 재가 요양보호사,"[""CARE_TASK""]",?,?,?,?,?,?,?,PENDING,,UNKNOWN,POSITIVE_CANDIDATE,UNKNOWN,UNKNOWN,UNKNOWN,UNKNOWN,UNKNOWN
K172222311280028,홍성축협 배합사료 공장 지게차 운전원 및 노무직 모집,"[""DRIVING""]",?,?,?,?,?,?,?,PENDING,,UNKNOWN,UNKNOWN,POSITIVE_CANDIDATE,UNKNOWN,UNKNOWN,UNKNOWN,UNKNOWN
K120032109030059,2021년 서울물재생시설공단 서울물재생체험관 단시간 근로자 공개 채용(시설관리직),"[""FACILITY_MAINTENANCE""]",?,?,?,?,?,?,?,PENDING,,UNKNOWN,UNKNOWN,UNKNOWN,POSITIVE_CANDIDATE,UNKNOWN,UNKNOWN,UNKNOWN
K151522204070043,사출 야간 근무하실분을 모집합니다.,"[""NIGHT_SHIFT""]",?,?,?,?,?,?,?,PENDING,,UNKNOWN,UNKNOWN,UNKNOWN,UNKNOWN,POSITIVE_CANDIDATE,UNKNOWN,UNKNOWN
KJND002112170004,건양대학교 산학협력단 사무보조(시간제) 채용,"[""OFFICE_TASK""]",?,?,?,?,?,?,?,PENDING,,UNKNOWN,UNKNOWN,UNKNOWN,UNKNOWN,UNKNOWN,POSITIVE_CANDIDATE,UNKNOWN
KJAB002112150001,"[압구정역 3번출구 도보 1분] 이소니프라자 주차 관리원 모집( 격일제, 월급 169만원)","[""WALKING""]",?,?,?,?,?,?,?,PENDING,,UNKNOWN,UNKNOWN,UNKNOWN,UNKNOWN,UNKNOWN,UNKNOWN,POSITIVE_CANDIDATE
K120122401230016,2024 문화예술 연수단원 채용(갬블러크루)한국문화예술위원회[아르코 예술인력지원] 모집 공고,[],?,?,?,?,?,?,?,PENDING,,UNKNOWN,UNKNOWN,UNKNOWN,UNKNOWN,UNKNOWN,UNKNOWN,UNKNOWN
KJBH002607070004,★★ [부산진구청 채용대행] 서면쌍용스윗홈스카이 미화반장 모집 ★★,"[""CLEANING_TASK""]",?,?,?,?,?,?,?,PENDING,,POSITIVE_CANDIDATE,UNKNOWN,UNKNOWN,UNKNOWN,UNKNOWN,UNKNOWN,UNKNOWN
KJAN002408300001,[성산동/오전] 5등급 어르신 요양보호사 구인,"[""CARE_TASK""]",?,?,?,?,?,?,?,PENDING,,UNKNOWN,POSITIVE_CANDIDATE,UNKNOWN,UNKNOWN,UNKNOWN,UNKNOWN,UNKNOWN
K151632407090013,성남시 장애인 생활이동지원센터 직원(승합차 운전원) 채용 공고,"[""DRIVING""]",?,?,?,?,?,?,?,PENDING,,UNKNOWN,UNKNOWN,POSITIVE_CANDIDATE,UNKNOWN,UNKNOWN,UNKNOWN,UNKNOWN
K151622202180039,사내 시설관리 및 조경관리 업무 채용,"[""FACILITY_MAINTENANCE""]",?,?,?,?,?,?,?,PENDING,,UNKNOWN,UNKNOWN,UNKNOWN,POSITIVE_CANDIDATE,UNKNOWN,UNKNOWN,UNKNOWN
K151132206170103,[덕양구 고양동] 고양일고 (격일제/야간)경비원 채용,"[""NIGHT_SHIFT""]",?,?,?,?,?,?,?,PENDING,,UNKNOWN,UNKNOWN,UNKNOWN,UNKNOWN,POSITIVE_CANDIDATE,UNKNOWN,UNKNOWN
K120612203250036,건출물 기계설비 성능점검업의 사무보조 역할 하실 분을 찾습니다.,"[""OFFICE_TASK""]",?,?,?,?,?,?,?,PENDING,,UNKNOWN,UNKNOWN,UNKNOWN,UNKNOWN,UNKNOWN,POSITIVE_CANDIDATE,UNKNOWN
KJKR002506100006,부천시청역 인근 관리반장 모집(일근직/ 월급여 183만/ 부천시청역 도보2분거리/ 부천새롬프라자),"[""WALKING""]",?,?,?,?,?,?,?,PENDING,,UNKNOWN,UNKNOWN,UNKNOWN,UNKNOWN,UNKNOWN,UNKNOWN,POSITIVE_CANDIDATE
KJSU002405020005,생활지원사를 모집합니다.(장애인 우선 채용),[],?,?,?,?,?,?,?,PENDING,,UNKNOWN,UNKNOWN,UNKNOWN,UNKNOWN,UNKNOWN,UNKNOWN,UNKNOWN
K151342205180034,오산시]아파트청소원(실내)모집-오산 동부삼환아파트,"[""CLEANING_TASK""]",?,?,?,?,?,?,?,PENDING,,POSITIVE_CANDIDATE,UNKNOWN,UNKNOWN,UNKNOWN,UNKNOWN,UNKNOWN,UNKNOWN
K140142208040020,재가요양보호사 모집(남자 3등급 케어 하실 요양보호사 모집중입니다. )  어르신 건강은 양호합니다.  ㅎ,"[""CARE_TASK""]",?,?,?,?,?,?,?,PENDING,,UNKNOWN,POSITIVE_CANDIDATE,UNKNOWN,UNKNOWN,UNKNOWN,UNKNOWN,UNKNOWN
K172112603160070,송산에이치이 굴삭기 운전원(육아휴직 대체) 모집합니다.,"[""DRIVING""]",?,?,?,?,?,?,?,PENDING,,UNKNOWN,UNKNOWN,POSITIVE_CANDIDATE,UNKNOWN,UNKNOWN,UNKNOWN,UNKNOWN
K151522408160038,작물재배 및 시설관리,"[""FACILITY_MAINTENANCE""]",?,?,?,?,?,?,?,PENDING,,UNKNOWN,UNKNOWN,UNKNOWN,POSITIVE_CANDIDATE,UNKNOWN,UNKNOWN,UNKNOWN
K150122608240025,[반찬 제조공장] 야간 식품 제조 생산 근무자 모집,"[""NIGHT_SHIFT""]",?,?,?,?,?,?,?,PENDING,,UNKNOWN,UNKNOWN,UNKNOWN,UNKNOWN,POSITIVE_CANDIDATE,UNKNOWN,UNKNOWN
K120572202110007,활동지원 사무행정보조 채용공고,"[""OFFICE_TASK""]",?,?,?,?,?,?,?,PENDING,,UNKNOWN,UNKNOWN,UNKNOWN,UNKNOWN,UNKNOWN,POSITIVE_CANDIDATE,UNKNOWN
KJAB002112220001,"[압구정역 3번출구 도보 1분] 이소니프라자 미화원 모집( 주6일, 월급 144만원)","[""WALKING"", ""CLEANING_TASK""]",?,?,?,?,?,?,?,PENDING,,POSITIVE_CANDIDATE,UNKNOWN,UNKNOWN,UNKNOWN,UNKNOWN,UNKNOWN,POSITIVE_CANDIDATE
KJKR002506090020,고촌읍 신곡리 인근 건설 현장 격일제 경비원 채용,[],?,?,?,?,?,?,?,PENDING,,UNKNOWN,UNKNOWN,UNKNOWN,UNKNOWN,UNKNOWN,UNKNOWN,UNKNOWN
K130042610060029,동래 요양보호사 모십니다,"[""CARE_TASK""]",?,?,?,?,?,?,?,PENDING,,UNKNOWN,POSITIVE_CANDIDATE,UNKNOWN,UNKNOWN,UNKNOWN,UNKNOWN,UNKNOWN
K151532406050005,구리시 장애인생활이동지원센터 운전원 모집,"[""DRIVING""]",?,?,?,?,?,?,?,PENDING,,UNKNOWN,UNKNOWN,POSITIVE_CANDIDATE,UNKNOWN,UNKNOWN,UNKNOWN,UNKNOWN
K120122310040021,관광 호텔 시설관리원(영선원)을 모십니다.,"[""FACILITY_MAINTENANCE""]",?,?,?,?,?,?,?,PENDING,,UNKNOWN,UNKNOWN,UNKNOWN,POSITIVE_CANDIDATE,UNKNOWN,UNKNOWN,UNKNOWN
K171112206030065,요양보호사 채용공고(야간고정),"[""NIGHT_SHIFT"", ""CARE_TASK""]",?,?,?,?,?,?,?,PENDING,,UNKNOWN,POSITIVE_CANDIDATE,UNKNOWN,UNKNOWN,POSITIVE_CANDIDATE,UNKNOWN,UNKNOWN
K172112311240055,대진글라스 사무보조 직원을 모집합니다.,"[""OFFICE_TASK""]",?,?,?,?,?,?,?,PENDING,,UNKNOWN,UNKNOWN,UNKNOWN,UNKNOWN,UNKNOWN,POSITIVE_CANDIDATE,UNKNOWN
KJ21062603030011,"[압구정역 3번출구 도보 1분] 이소니프라자 주차 관리원 모집( 격일제, 월급 237만원)","[""WALKING""]",?,?,?,?,?,?,?,PENDING,,UNKNOWN,UNKNOWN,UNKNOWN,UNKNOWN,UNKNOWN,UNKNOWN,POSITIVE_CANDIDATE
K120612309120015,"[답십리, 청솔우성아파트] 관리원 모집",[],?,?,?,?,?,?,?,PENDING,,UNKNOWN,UNKNOWN,UNKNOWN,UNKNOWN,UNKNOWN,UNKNOWN,UNKNOWN
KEC0052608270006,[한림면]사무실 건물청소원,"[""CLEANING_TASK""]",?,?,?,?,?,?,?,PENDING,,POSITIVE_CANDIDATE,UNKNOWN,UNKNOWN,UNKNOWN,UNKNOWN,UNKNOWN,UNKNOWN
KF10882308170008,[동구 신암동] 3등급 재가요양보호사 구인,"[""CARE_TASK""]",?,?,?,?,?,?,?,PENDING,,UNKNOWN,POSITIVE_CANDIDATE,UNKNOWN,UNKNOWN,UNKNOWN,UNKNOWN,UNKNOWN
K161322309270007,(주)올리고컴퍼니 전통시장 배송 플랫폼&lt;시장을방으로&gt;영업 지원 및 콘텐츠 제작 마케팅 직원 채용,"[""DRIVING""]",?,?,?,?,?,?,?,PENDING,,UNKNOWN,UNKNOWN,POSITIVE_CANDIDATE,UNKNOWN,UNKNOWN,UNKNOWN,UNKNOWN
KJKG002207280005,시설관리 기계기사 모집(장애인 병행 채용),"[""FACILITY_MAINTENANCE""]",?,?,?,?,?,?,?,PENDING,,UNKNOWN,UNKNOWN,UNKNOWN,POSITIVE_CANDIDATE,UNKNOWN,UNKNOWN,UNKNOWN
K151132410140024,(남양주 와부읍) 와부고등학교  (격일제 야간)경비원 구인합니다,"[""NIGHT_SHIFT""]",?,?,?,?,?,?,?,PENDING,,UNKNOWN,UNKNOWN,UNKNOWN,UNKNOWN,POSITIVE_CANDIDATE,UNKNOWN,UNKNOWN
K151222111180034,(물류회사) 사무보조 및 C/S업무 담당 직원 채용합니다,"[""OFFICE_TASK""]",?,?,?,?,?,?,?,PENDING,,UNKNOWN,UNKNOWN,UNKNOWN,UNKNOWN,UNKNOWN,POSITIVE_CANDIDATE,UNKNOWN
K120252307180003,[뷰티플타워] 당산역 도보1분  건물*외곽*청소 미화원 1명,"[""WALKING"", ""CLEANING_TASK""]",?,?,?,?,?,?,?,PENDING,,POSITIVE_CANDIDATE,UNKNOWN,UNKNOWN,UNKNOWN,UNKNOWN,UNKNOWN,POSITIVE_CANDIDATE
K140162403220017,(재)다솜이재단 『대구지부 관리직(과장)』 채용 공고,[],?,?,?,?,?,?,?,PENDING,,UNKNOWN,UNKNOWN,UNKNOWN,UNKNOWN,UNKNOWN,UNKNOWN,UNKNOWN
KJAX002605210001,[금호동/서울숲푸르지오/ ★(일)요일 포함 주5일 근무] 외곽 미화원 채용,"[""CLEANING_TASK""]",?,?,?,?,?,?,?,PENDING,,POSITIVE_CANDIDATE,UNKNOWN,UNKNOWN,UNKNOWN,UNKNOWN,UNKNOWN,UNKNOWN
K131412111230012,2022년 노인맞춤돌봄서비스사업 수행인력 채용공고(생활지원사),"[""CARE_TASK""]",?,?,?,?,?,?,?,PENDING,,UNKNOWN,POSITIVE_CANDIDATE,UNKNOWN,UNKNOWN,UNKNOWN,UNKNOWN,UNKNOWN
K151332205230009,의왕시장애인생활이동지원센터 운전원모집 공고,"[""DRIVING""]",?,?,?,?,?,?,?,PENDING,,UNKNOWN,UNKNOWN,POSITIVE_CANDIDATE,UNKNOWN,UNKNOWN,UNKNOWN,UNKNOWN
K120422202180032,빌딩 시설관리인 모집,"[""FACILITY_MAINTENANCE""]",?,?,?,?,?,?,?,PENDING,,UNKNOWN,UNKNOWN,UNKNOWN,POSITIVE_CANDIDATE,UNKNOWN,UNKNOWN,UNKNOWN
KJ20542603240001,자동차부품 생산(자동화)라인 직원 기계조작  정규직 사원 모집(야간),"[""NIGHT_SHIFT""]",?,?,?,?,?,?,?,PENDING,,UNKNOWN,UNKNOWN,UNKNOWN,UNKNOWN,POSITIVE_CANDIDATE,UNKNOWN,UNKNOWN
K172112206030029,계약직 사무보조원 채용합니다,"[""OFFICE_TASK""]",?,?,?,?,?,?,?,PENDING,,UNKNOWN,UNKNOWN,UNKNOWN,UNKNOWN,UNKNOWN,POSITIVE_CANDIDATE,UNKNOWN
K120252307270008,[세계빌딩] 강남역 도보1분 건물 *미화원* (1명),"[""WALKING"", ""CLEANING_TASK""]",?,?,?,?,?,?,?,PENDING,,POSITIVE_CANDIDATE,UNKNOWN,UNKNOWN,UNKNOWN,UNKNOWN,UNKNOWN,POSITIVE_CANDIDATE
K151622312190015,사회복지시설(이천시장애인자립생활센터) 사회복지사 모집,[],?,?,?,?,?,?,?,PENDING,,UNKNOWN,UNKNOWN,UNKNOWN,UNKNOWN,UNKNOWN,UNKNOWN,UNKNOWN
KJKX002401080007,(신봉동)동일하이빌4단지 미화원 구인,"[""CLEANING_TASK""]",?,?,?,?,?,?,?,PENDING,,POSITIVE_CANDIDATE,UNKNOWN,UNKNOWN,UNKNOWN,UNKNOWN,UNKNOWN,UNKNOWN
K150012411210093,재가요양보호사 채용(만수3지구),"[""CARE_TASK""]",?,?,?,?,?,?,?,PENDING,,UNKNOWN,POSITIVE_CANDIDATE,UNKNOWN,UNKNOWN,UNKNOWN,UNKNOWN,UNKNOWN
K131412401090013,(주)코엔서비스 남동본사사업소 시설관리직(통상 및 교대근무자) 채용,"[""FACILITY_MAINTENANCE""]",?,?,?,?,?,?,?,PENDING,,UNKNOWN,UNKNOWN,UNKNOWN,POSITIVE_CANDIDATE,UNKNOWN,UNKNOWN,UNKNOWN
KJMH002505280002,2025 제천시립치매전담요양？주야간보호센터 직원(간호(조무)사) 채용 공고,"[""NIGHT_SHIFT""]",?,?,?,?,?,?,?,PENDING,,UNKNOWN,UNKNOWN,UNKNOWN,UNKNOWN,POSITIVE_CANDIDATE,UNKNOWN,UNKNOWN
K151232201040068,"경리, 사무보조, 회계","[""OFFICE_TASK""]",?,?,?,?,?,?,?,PENDING,,UNKNOWN,UNKNOWN,UNKNOWN,UNKNOWN,UNKNOWN,POSITIVE_CANDIDATE,UNKNOWN
K120252402130008,[뷰티플타워] 당산역 도보1분 / 섬세 미화원 3명,"[""WALKING"", ""CLEANING_TASK""]",?,?,?,?,?,?,?,PENDING,,POSITIVE_CANDIDATE,UNKNOWN,UNKNOWN,UNKNOWN,UNKNOWN,UNKNOWN,POSITIVE_CANDIDATE
K150012201240154,"미국 아마존에서 난리나고, 국내 TV 출연한 쇼미더김치 리얼 김치시즈닝 에서  &apos;웹디자이를 모집합니다.",[],?,?,?,?,?,?,?,PENDING,,UNKNOWN,UNKNOWN,UNKNOWN,UNKNOWN,UNKNOWN,UNKNOWN,UNKNOWN
KJKC002408200023,[고양동] 푸른마을3단지 동익아파트 미화원,"[""CLEANING_TASK""]",?,?,?,?,?,?,?,PENDING,,POSITIVE_CANDIDATE,UNKNOWN,UNKNOWN,UNKNOWN,UNKNOWN,UNKNOWN,UNKNOWN
K130042609110015,대연동 요양보호사님 모십니다.,"[""CARE_TASK""]",?,?,?,?,?,?,?,PENDING,,UNKNOWN,POSITIVE_CANDIDATE,UNKNOWN,UNKNOWN,UNKNOWN,UNKNOWN,UNKNOWN
K151152207150132,(주)리썸 S&S 삼성전자 수원사업장 사내배송 계약직/정규직 채용,"[""DRIVING""]",?,?,?,?,?,?,?,PENDING,,UNKNOWN,UNKNOWN,POSITIVE_CANDIDATE,UNKNOWN,UNKNOWN,UNKNOWN,UNKNOWN
K151122405170024,영흥공체육시설 관리사원 채용공고,"[""FACILITY_MAINTENANCE""]",?,?,?,?,?,?,?,PENDING,,UNKNOWN,UNKNOWN,UNKNOWN,POSITIVE_CANDIDATE,UNKNOWN,UNKNOWN,UNKNOWN
K151422109160012,회사 경비원(야간 격일) 모집,"[""NIGHT_SHIFT""]",?,?,?,?,?,?,?,PENDING,,UNKNOWN,UNKNOWN,UNKNOWN,UNKNOWN,POSITIVE_CANDIDATE,UNKNOWN,UNKNOWN
K152222601300001,태백장애인종합복지관 회계사무보조원 채용 공고(긴급),"[""OFFICE_TASK""]",?,?,?,?,?,?,?,PENDING,,UNKNOWN,UNKNOWN,UNKNOWN,UNKNOWN,UNKNOWN,POSITIVE_CANDIDATE,UNKNOWN
KJKL002112200024,[부천 새롬프라자 단시간 미화원 모집] (월92만원/부천시청역 인근 도보 3분거리/ 주6일/ 3시간),"[""WALKING"", ""CLEANING_TASK""]",?,?,?,?,?,?,?,PENDING,,POSITIVE_CANDIDATE,UNKNOWN,UNKNOWN,UNKNOWN,UNKNOWN,UNKNOWN,POSITIVE_CANDIDATE
K131332112140030,직원채용,[],?,?,?,?,?,?,?,PENDING,,UNKNOWN,UNKNOWN,UNKNOWN,UNKNOWN,UNKNOWN,UNKNOWN,UNKNOWN
KJKY002410110002,아파트 외곽청소원(백운밸리 제일풍경채 2단지) /,"[""CLEANING_TASK""]",?,?,?,?,?,?,?,PENDING,,POSITIVE_CANDIDATE,UNKNOWN,UNKNOWN,UNKNOWN,UNKNOWN,UNKNOWN,UNKNOWN
K140062407020009,효경복지공동체 요양보호사 채용 공고,"[""CARE_TASK""]",?,?,?,?,?,?,?,PENDING,,UNKNOWN,POSITIVE_CANDIDATE,UNKNOWN,UNKNOWN,UNKNOWN,UNKNOWN,UNKNOWN
K162122201250028,신안군 교통약자이동지원센터 운전원모집,"[""DRIVING""]",?,?,?,?,?,?,?,PENDING,,UNKNOWN,UNKNOWN,POSITIVE_CANDIDATE,UNKNOWN,UNKNOWN,UNKNOWN,UNKNOWN
KJBG002504100002,아난티오시리아 제1지점 시설관리 직원 모집,"[""FACILITY_MAINTENANCE""]",?,?,?,?,?,?,?,PENDING,,UNKNOWN,UNKNOWN,UNKNOWN,POSITIVE_CANDIDATE,UNKNOWN,UNKNOWN,UNKNOWN
K120422402280010,"버스, 택시정류소 광고시설물 관리직원 모집(주5일 주/야간근무)","[""NIGHT_SHIFT""]",?,?,?,?,?,?,?,PENDING,,UNKNOWN,UNKNOWN,UNKNOWN,UNKNOWN,POSITIVE_CANDIDATE,UNKNOWN,UNKNOWN
K150012401170069,[인천시선거관리위원회]  행정사무보조직(선거여론조사 / 회계사무) 기간제 근로자 모집 공고,"[""OFFICE_TASK""]",?,?,?,?,?,?,?,PENDING,,UNKNOWN,UNKNOWN,UNKNOWN,UNKNOWN,UNKNOWN,POSITIVE_CANDIDATE,UNKNOWN
K120252403250008,[강남벤처랜드] 삼성역 도보2분 *건물관리원* 모집,"[""WALKING""]",?,?,?,?,?,?,?,PENDING,,UNKNOWN,UNKNOWN,UNKNOWN,UNKNOWN,UNKNOWN,UNKNOWN,POSITIVE_CANDIDATE
KJK3002405140005,지제 더샵센트럴시티 아파트 경비원 모집,[],?,?,?,?,?,?,?,PENDING,,UNKNOWN,UNKNOWN,UNKNOWN,UNKNOWN,UNKNOWN,UNKNOWN,UNKNOWN
KJDC002407040002,아파트 미화원,"[""CLEANING_TASK""]",?,?,?,?,?,?,?,PENDING,,POSITIVE_CANDIDATE,UNKNOWN,UNKNOWN,UNKNOWN,UNKNOWN,UNKNOWN,UNKNOWN
K130042507280064,부평동 요양보호사님 모십니다.,"[""CARE_TASK""]",?,?,?,?,?,?,?,PENDING,,UNKNOWN,POSITIVE_CANDIDATE,UNKNOWN,UNKNOWN,UNKNOWN,UNKNOWN,UNKNOWN
K151572205260021,운송 및 배송기사분 모집합니다.,"[""DRIVING""]",?,?,?,?,?,?,?,PENDING,,UNKNOWN,UNKNOWN,POSITIVE_CANDIDATE,UNKNOWN,UNKNOWN,UNKNOWN,UNKNOWN
K140162203070011,신보운영관리(주) 신용보증기금 인천중앙지점 시설관리직 정규직 채용,"[""FACILITY_MAINTENANCE""]",?,?,?,?,?,?,?,PENDING,,UNKNOWN,UNKNOWN,UNKNOWN,POSITIVE_CANDIDATE,UNKNOWN,UNKNOWN,UNKNOWN
KJKH002508140007,야간 콜센터(비대면 호텔 프론트 상담)직원 구인,"[""NIGHT_SHIFT""]",?,?,?,?,?,?,?,PENDING,,UNKNOWN,UNKNOWN,UNKNOWN,UNKNOWN,POSITIVE_CANDIDATE,UNKNOWN,UNKNOWN
KJNM002306190005,[남양유업] 물류팀 사무보조 모집,"[""OFFICE_TASK""]",?,?,?,?,?,?,?,PENDING,,UNKNOWN,UNKNOWN,UNKNOWN,UNKNOWN,UNKNOWN,POSITIVE_CANDIDATE,UNKNOWN
KJAB002406200001,"[압구정역 3번출구 도보 1분] 이소니프라자 주차 관리원 모집( 격일제, 월급 202만원)","[""WALKING""]",?,?,?,?,?,?,?,PENDING,,UNKNOWN,UNKNOWN,UNKNOWN,UNKNOWN,UNKNOWN,UNKNOWN,POSITIVE_CANDIDATE
K152122407310018,엘리시안FS 현장급식 조리원 채용(경기도 과천),[],?,?,?,?,?,?,?,PENDING,,UNKNOWN,UNKNOWN,UNKNOWN,UNKNOWN,UNKNOWN,UNKNOWN,UNKNOWN
K151132109240091,(서현동) 상가건물 미화원 채용,"[""CLEANING_TASK""]",?,?,?,?,?,?,?,PENDING,,POSITIVE_CANDIDATE,UNKNOWN,UNKNOWN,UNKNOWN,UNKNOWN,UNKNOWN,UNKNOWN
K120512311070001,길요양원 요양보호사 모집합니다(주주야야비비),"[""CARE_TASK""]",?,?,?,?,?,?,?,PENDING,,UNKNOWN,POSITIVE_CANDIDATE,UNKNOWN,UNKNOWN,UNKNOWN,UNKNOWN,UNKNOWN
KJ21552606260004,[보호용 특수필름 제조업체] 제품납품 배송기사,"[""DRIVING""]",?,?,?,?,?,?,?,PENDING,,UNKNOWN,UNKNOWN,POSITIVE_CANDIDATE,UNKNOWN,UNKNOWN,UNKNOWN,UNKNOWN
DdA3162109242111,"마곡 서울M플러스센터 시설관리 모집(마곡산업단지)--3교대근무,이력서 메일접수","[""FACILITY_MAINTENANCE""]",?,?,?,?,?,?,?,PENDING,,UNKNOWN,UNKNOWN,UNKNOWN,POSITIVE_CANDIDATE,UNKNOWN,UNKNOWN,UNKNOWN
K140022308140047,상인요양병원에서 야간당직 대기자를 모집합니다,"[""NIGHT_SHIFT""]",?,?,?,?,?,?,?,PENDING,,UNKNOWN,UNKNOWN,UNKNOWN,UNKNOWN,POSITIVE_CANDIDATE,UNKNOWN,UNKNOWN
K151522404020067,사회적기업 기획홍보팀(온라인몰 운영/기획·홍보·마케팅/사무보조) 팀원 모집,"[""OFFICE_TASK""]",?,?,?,?,?,?,?,PENDING,,UNKNOWN,UNKNOWN,UNKNOWN,UNKNOWN,UNKNOWN,POSITIVE_CANDIDATE,UNKNOWN
K151342403040024,[서울 청계산입구역 도보 3분] 내곡 드림씨티 관리원 모집,"[""WALKING""]",?,?,?,?,?,?,?,PENDING,,UNKNOWN,UNKNOWN,UNKNOWN,UNKNOWN,UNKNOWN,UNKNOWN,POSITIVE_CANDIDATE
K131312311010030,축산물 생산현장직 모집,[],?,?,?,?,?,?,?,PENDING,,UNKNOWN,UNKNOWN,UNKNOWN,UNKNOWN,UNKNOWN,UNKNOWN,UNKNOWN
KJAJ002601190003,상계동 포레나노원 아파트 실내 미화원 구인,"[""CLEANING_TASK""]",?,?,?,?,?,?,?,PENDING,,POSITIVE_CANDIDATE,UNKNOWN,UNKNOWN,UNKNOWN,UNKNOWN,UNKNOWN,UNKNOWN
KJKL002311210004,입주재가요양보호사 구인,"[""CARE_TASK""]",?,?,?,?,?,?,?,PENDING,,UNKNOWN,POSITIVE_CANDIDATE,UNKNOWN,UNKNOWN,UNKNOWN,UNKNOWN,UNKNOWN
KJQH002403080001,담양군교통약자이동지원센터 특별운송차량 운전자 채용,"[""DRIVING""]",?,?,?,?,?,?,?,PENDING,,UNKNOWN,UNKNOWN,POSITIVE_CANDIDATE,UNKNOWN,UNKNOWN,UNKNOWN,UNKNOWN
K120122507180008,천안 계성원연수원 시설관리(기계설비) 담당 모집,"[""FACILITY_MAINTENANCE""]",?,?,?,?,?,?,?,PENDING,,UNKNOWN,UNKNOWN,UNKNOWN,POSITIVE_CANDIDATE,UNKNOWN,UNKNOWN,UNKNOWN
K151582405230010,"[ 양주푸른힐요양원 ] 요양보호사 선생님 (퐁당당, 주간, 주주야야,야간전담) 모집합니다.","[""NIGHT_SHIFT"", ""CARE_TASK""]",?,?,?,?,?,?,?,PENDING,,UNKNOWN,POSITIVE_CANDIDATE,UNKNOWN,UNKNOWN,POSITIVE_CANDIDATE,UNKNOWN,UNKNOWN
KJ21812602200001,중증장애인 재택근무 행정보조인력 모집,"[""OFFICE_TASK""]",?,?,?,?,?,?,?,PENDING,,UNKNOWN,UNKNOWN,UNKNOWN,UNKNOWN,UNKNOWN,POSITIVE_CANDIDATE,UNKNOWN
K120252308230011,[세계빌딩] 강남역 도보1분 건물 *평일반* 미화원 (1명),"[""WALKING"", ""CLEANING_TASK""]",?,?,?,?,?,?,?,PENDING,,POSITIVE_CANDIDATE,UNKNOWN,UNKNOWN,UNKNOWN,UNKNOWN,UNKNOWN,POSITIVE_CANDIDATE
K140022108270062,"한전KPS(주)신대구출장소 계획예방정비 단기노무원 모집(기계보조, 전기보조)",[],?,?,?,?,?,?,?,PENDING,,UNKNOWN,UNKNOWN,UNKNOWN,UNKNOWN,UNKNOWN,UNKNOWN,UNKNOWN
K172112203250019,진천 삼광식품 미화원 모집 [급구],"[""CLEANING_TASK""]",?,?,?,?,?,?,?,PENDING,,POSITIVE_CANDIDATE,UNKNOWN,UNKNOWN,UNKNOWN,UNKNOWN,UNKNOWN,UNKNOWN
K151632404240018,분당구 미금역 4등급 여자어르신 요양보호사 구인,"[""CARE_TASK""]",?,?,?,?,?,?,?,PENDING,,UNKNOWN,POSITIVE_CANDIDATE,UNKNOWN,UNKNOWN,UNKNOWN,UNKNOWN,UNKNOWN
K140022305240060,"[진안고속] 승무사원(버스운전직)모집(대구,경북 구미 지역)","[""DRIVING""]",?,?,?,?,?,?,?,PENDING,,UNKNOWN,UNKNOWN,POSITIVE_CANDIDATE,UNKNOWN,UNKNOWN,UNKNOWN,UNKNOWN
K140162508270003,신보운영관리(주) 신용보증기금 기업지원센터(중부) 시설관리직(반장) 정규직 채용,"[""FACILITY_MAINTENANCE""]",?,?,?,?,?,?,?,PENDING,,UNKNOWN,UNKNOWN,UNKNOWN,POSITIVE_CANDIDATE,UNKNOWN,UNKNOWN,UNKNOWN
KJKO002110120016,회사 야간 경비원 구인,"[""NIGHT_SHIFT""]",?,?,?,?,?,?,?,PENDING,,UNKNOWN,UNKNOWN,UNKNOWN,UNKNOWN,POSITIVE_CANDIDATE,UNKNOWN,UNKNOWN
KJK6002203030017,한전KPS(주) 동탄사업소 22년도 동탄 O/H 단기노무원 채용(사무보조),"[""OFFICE_TASK""]",?,?,?,?,?,?,?,PENDING,,UNKNOWN,UNKNOWN,UNKNOWN,UNKNOWN,UNKNOWN,POSITIVE_CANDIDATE,UNKNOWN
KJAB002308310001,"[압구정역 3번출구 도보 1분] 이소니프라자 시설기사 모집( 격일제, 월급 230만원)","[""WALKING""]",?,?,?,?,?,?,?,PENDING,,UNKNOWN,UNKNOWN,UNKNOWN,UNKNOWN,UNKNOWN,UNKNOWN,POSITIVE_CANDIDATE
K161132406190023,2024년 한국법무보호복지공단 전북지부 취업지원직(육아휴직대체직) 경력경쟁채용시험 공고,[],?,?,?,?,?,?,?,PENDING,,UNKNOWN,UNKNOWN,UNKNOWN,UNKNOWN,UNKNOWN,UNKNOWN,UNKNOWN
K120252307100020,[인희빌딩] 청담역 인근 미화원 ***추가 모집***,"[""CLEANING_TASK""]",?,?,?,?,?,?,?,PENDING,,POSITIVE_CANDIDATE,UNKNOWN,UNKNOWN,UNKNOWN,UNKNOWN,UNKNOWN,UNKNOWN
KJKM002401310014,"서대문구 홍제동, 청자주택 5등급 할머니 케어하실 요양보호사 구인","[""CARE_TASK""]",?,?,?,?,?,?,?,PENDING,,UNKNOWN,POSITIVE_CANDIDATE,UNKNOWN,UNKNOWN,UNKNOWN,UNKNOWN,UNKNOWN
KJKX002610020001,[기흥 마북동] 현대모비스기술연구소 내 문서 수발(배송)업무,"[""DRIVING""]",?,?,?,?,?,?,?,PENDING,,UNKNOWN,UNKNOWN,POSITIVE_CANDIDATE,UNKNOWN,UNKNOWN,UNKNOWN,UNKNOWN
K140132306090008,육군3사관학교 공무직근로자(시설관리원) 채용 재공고,"[""FACILITY_MAINTENANCE""]",?,?,?,?,?,?,?,PENDING,,UNKNOWN,UNKNOWN,UNKNOWN,POSITIVE_CANDIDATE,UNKNOWN,UNKNOWN,UNKNOWN
K120252602270005,우리W타워 미화 야간반(여자화장실 청소 등) 모십니다.,"[""NIGHT_SHIFT"", ""CLEANING_TASK""]",?,?,?,?,?,?,?,PENDING,,POSITIVE_CANDIDATE,UNKNOWN,UNKNOWN,UNKNOWN,POSITIVE_CANDIDATE,UNKNOWN,UNKNOWN
KF10702605110002,2026년도 제2회 직원 공개채용 공고(청년인턴_사무보조),"[""OFFICE_TASK""]",?,?,?,?,?,?,?,PENDING,,UNKNOWN,UNKNOWN,UNKNOWN,UNKNOWN,UNKNOWN,POSITIVE_CANDIDATE,UNKNOWN
K120252404300020,[일산21세기병원] 고양시 백석역 도보2분 미화원 (1명) 모집,"[""WALKING"", ""CLEANING_TASK""]",?,?,?,?,?,?,?,PENDING,,POSITIVE_CANDIDATE,UNKNOWN,UNKNOWN,UNKNOWN,UNKNOWN,UNKNOWN,POSITIVE_CANDIDATE
K151152401080163,계약직 안전관리자 채용_신재생 통합 에너지 설치,[],?,?,?,?,?,?,?,PENDING,,UNKNOWN,UNKNOWN,UNKNOWN,UNKNOWN,UNKNOWN,UNKNOWN,UNKNOWN
KJAH002112240004,매탄주공5단지아파트 외곽 및 청소미화원 채용(복지카드 소지자 우대),"[""CLEANING_TASK""]",?,?,?,?,?,?,?,PENDING,,POSITIVE_CANDIDATE,UNKNOWN,UNKNOWN,UNKNOWN,UNKNOWN,UNKNOWN,UNKNOWN
K162142306270020,사회적협동조합 청해복지원 요양보호사 상시모집합니다.,"[""CARE_TASK""]",?,?,?,?,?,?,?,PENDING,,UNKNOWN,POSITIVE_CANDIDATE,UNKNOWN,UNKNOWN,UNKNOWN,UNKNOWN,UNKNOWN
K151532507240004,(사)경기도시각장애인연합회구리지회 운전원 모집,"[""DRIVING""]",?,?,?,?,?,?,?,PENDING,,UNKNOWN,UNKNOWN,POSITIVE_CANDIDATE,UNKNOWN,UNKNOWN,UNKNOWN,UNKNOWN
KJKV002607160005,2026년도 제3회 신규직원 공개채용 공고(휴직대체 기간제 시설관리원),"[""FACILITY_MAINTENANCE""]",?,?,?,?,?,?,?,PENDING,,UNKNOWN,UNKNOWN,UNKNOWN,POSITIVE_CANDIDATE,UNKNOWN,UNKNOWN,UNKNOWN
K120252306020004,우리W타워 미화 야간반 기사님 모십니다.,"[""NIGHT_SHIFT"", ""CLEANING_TASK""]",?,?,?,?,?,?,?,PENDING,,POSITIVE_CANDIDATE,UNKNOWN,UNKNOWN,UNKNOWN,POSITIVE_CANDIDATE,UNKNOWN,UNKNOWN
K151152306280043,사무보조및 제조 발주관리,"[""OFFICE_TASK""]",?,?,?,?,?,?,?,PENDING,,UNKNOWN,UNKNOWN,UNKNOWN,UNKNOWN,UNKNOWN,POSITIVE_CANDIDATE,UNKNOWN
K180312609100001,반도보라빌 아파트 미화원 구인,"[""WALKING"", ""CLEANING_TASK""]",?,?,?,?,?,?,?,PENDING,,POSITIVE_CANDIDATE,UNKNOWN,UNKNOWN,UNKNOWN,UNKNOWN,UNKNOWN,POSITIVE_CANDIDATE
K141462307030005,경북육아종합지원센터  보육전문요원 채용(계약직),[],?,?,?,?,?,?,?,PENDING,,UNKNOWN,UNKNOWN,UNKNOWN,UNKNOWN,UNKNOWN,UNKNOWN,UNKNOWN
KJAF002607290004,[총신대입구(이수)역_이수힐스테이트 아파트] 내부 미화원 채용,"[""CLEANING_TASK""]",?,?,?,?,?,?,?,PENDING,,POSITIVE_CANDIDATE,UNKNOWN,UNKNOWN,UNKNOWN,UNKNOWN,UNKNOWN,UNKNOWN
K141412112070004,사)안동자원봉사센터 노인맞춤돌봄서비스 2022년 기간제 근로자(생활지원사) 채용 공고,"[""CARE_TASK""]",?,?,?,?,?,?,?,PENDING,,UNKNOWN,POSITIVE_CANDIDATE,UNKNOWN,UNKNOWN,UNKNOWN,UNKNOWN,UNKNOWN
K152122112010026,"가스 검침 및 안전점검, 가스배달 모집","[""DRIVING""]",?,?,?,?,?,?,?,PENDING,,UNKNOWN,UNKNOWN,POSITIVE_CANDIDATE,UNKNOWN,UNKNOWN,UNKNOWN,UNKNOWN
K130112604300030,[2026-16호] 육군 제53사단 시설관리관 경력 채용 공고,"[""FACILITY_MAINTENANCE""]",?,?,?,?,?,?,?,PENDING,,UNKNOWN,UNKNOWN,UNKNOWN,POSITIVE_CANDIDATE,UNKNOWN,UNKNOWN,UNKNOWN
KJBD002407170011,야간 배차관리원(경비) 모집(기장),"[""NIGHT_SHIFT""]",?,?,?,?,?,?,?,PENDING,,UNKNOWN,UNKNOWN,UNKNOWN,UNKNOWN,POSITIVE_CANDIDATE,UNKNOWN,UNKNOWN
K120512312190003,[장애인병행채용]장애인복지기관 (사무보조직) 모집,"[""OFFICE_TASK""]",?,?,?,?,?,?,?,PENDING,,UNKNOWN,UNKNOWN,UNKNOWN,UNKNOWN,UNKNOWN,POSITIVE_CANDIDATE,UNKNOWN
KJKM002203140024,"[수내역 도보5분] 대명상가 미화원 모집(월급 165만원, 주6일 토요일 격주)","[""WALKING"", ""CLEANING_TASK""]",?,?,?,?,?,?,?,PENDING,,POSITIVE_CANDIDATE,UNKNOWN,UNKNOWN,UNKNOWN,UNKNOWN,UNKNOWN,POSITIVE_CANDIDATE
KJDI002309190008,"시설경비원, 아파트경비원 구인",[],?,?,?,?,?,?,?,PENDING,,UNKNOWN,UNKNOWN,UNKNOWN,UNKNOWN,UNKNOWN,UNKNOWN,UNKNOWN
KJDG002607010005,부개동 성일아파트 미화원 구인,"[""CLEANING_TASK""]",?,?,?,?,?,?,?,PENDING,,POSITIVE_CANDIDATE,UNKNOWN,UNKNOWN,UNKNOWN,UNKNOWN,UNKNOWN,UNKNOWN
K141412110070001,방문요양보호사 채용,"[""CARE_TASK""]",?,?,?,?,?,?,?,PENDING,,UNKNOWN,POSITIVE_CANDIDATE,UNKNOWN,UNKNOWN,UNKNOWN,UNKNOWN,UNKNOWN
K151232408230009,(상시모집) 헤이드 교통약자 휠체어 차량 택시 운전기사 모집,"[""DRIVING""]",?,?,?,?,?,?,?,PENDING,,UNKNOWN,UNKNOWN,POSITIVE_CANDIDATE,UNKNOWN,UNKNOWN,UNKNOWN,UNKNOWN
K120422206300001,빌딩 주차시설관리인 모집,"[""FACILITY_MAINTENANCE""]",?,?,?,?,?,?,?,PENDING,,UNKNOWN,UNKNOWN,UNKNOWN,POSITIVE_CANDIDATE,UNKNOWN,UNKNOWN,UNKNOWN
KJK6002605130010,시설 총괄(야간),"[""NIGHT_SHIFT""]",?,?,?,?,?,?,?,PENDING,,UNKNOWN,UNKNOWN,UNKNOWN,UNKNOWN,POSITIVE_CANDIDATE,UNKNOWN,UNKNOWN
K151152309060132,3D측정 및 사무보조 채용,"[""OFFICE_TASK""]",?,?,?,?,?,?,?,PENDING,,UNKNOWN,UNKNOWN,UNKNOWN,UNKNOWN,UNKNOWN,POSITIVE_CANDIDATE,UNKNOWN
K120252308230012,[세계빌딩] 강남역 도보1분 *주말반* 미화원 (1명),"[""WALKING"", ""CLEANING_TASK""]",?,?,?,?,?,?,?,PENDING,,POSITIVE_CANDIDATE,UNKNOWN,UNKNOWN,UNKNOWN,UNKNOWN,UNKNOWN,POSITIVE_CANDIDATE
KEC0182601120005,BF(장애물없는 생활환경)컨설팅 컨설턴트 모집,[],?,?,?,?,?,?,?,PENDING,,UNKNOWN,UNKNOWN,UNKNOWN,UNKNOWN,UNKNOWN,UNKNOWN,UNKNOWN
KF11002405020002,동대문구시설관리공단 이문체육문화센터 시니어인턴 채용,"[""FACILITY_MAINTENANCE""]",?,?,?,?,?,?,?,PENDING,,UNKNOWN,UNKNOWN,UNKNOWN,POSITIVE_CANDIDATE,UNKNOWN,UNKNOWN,UNKNOWN
K120142307260026,고속버스터미널 보안원 모집,[],?,?,?,?,?,?,?,PENDING,,UNKNOWN,UNKNOWN,UNKNOWN,UNKNOWN,UNKNOWN,UNKNOWN,UNKNOWN
K120122604160007,전남 전주시 교보생명 전주사옥 시설관리(설비) 담당 모집,"[""FACILITY_MAINTENANCE""]",?,?,?,?,?,?,?,PENDING,,UNKNOWN,UNKNOWN,UNKNOWN,POSITIVE_CANDIDATE,UNKNOWN,UNKNOWN,UNKNOWN
KF10352410150001,한국시니어일자리사업단 단순 포장 업무 직원 모집(만 60세 이상),[],?,?,?,?,?,?,?,PENDING,,UNKNOWN,UNKNOWN,UNKNOWN,UNKNOWN,UNKNOWN,UNKNOWN,UNKNOWN
K130042207150039,부산도우누리 주간보호센터 조리원 구인,[],?,?,?,?,?,?,?,PENDING,,UNKNOWN,UNKNOWN,UNKNOWN,UNKNOWN,UNKNOWN,UNKNOWN,UNKNOWN
K141122307130035,경리사무원 모집,[],?,?,?,?,?,?,?,PENDING,,UNKNOWN,UNKNOWN,UNKNOWN,UNKNOWN,UNKNOWN,UNKNOWN,UNKNOWN
K131412408090018,(주)코엔서비스 여수사업소 보안경비직(특수경비) 채용,[],?,?,?,?,?,?,?,PENDING,,UNKNOWN,UNKNOWN,UNKNOWN,UNKNOWN,UNKNOWN,UNKNOWN,UNKNOWN
K151232601300014,"서류관리, 사무 및 CS보조 등 총무 사무원 직원 모집",[],?,?,?,?,?,?,?,PENDING,,UNKNOWN,UNKNOWN,UNKNOWN,UNKNOWN,UNKNOWN,UNKNOWN,UNKNOWN
K152412204180058,신한 아파트 경비원 모집,[],?,?,?,?,?,?,?,PENDING,,UNKNOWN,UNKNOWN,UNKNOWN,UNKNOWN,UNKNOWN,UNKNOWN,UNKNOWN
KF10892603100001,원무행정(심사.청구) 선생님 모십니다..,[],?,?,?,?,?,?,?,PENDING,,UNKNOWN,UNKNOWN,UNKNOWN,UNKNOWN,UNKNOWN,UNKNOWN,UNKNOWN
K120312202090046,코로나19대응 방역 근로자 채용,[],?,?,?,?,?,?,?,PENDING,,UNKNOWN,UNKNOWN,UNKNOWN,UNKNOWN,UNKNOWN,UNKNOWN,UNKNOWN
KEC0022203310001,2022년 3차 기간제근로자(수영지도) 채용,[],?,?,?,?,?,?,?,PENDING,,UNKNOWN,UNKNOWN,UNKNOWN,UNKNOWN,UNKNOWN,UNKNOWN,UNKNOWN
K131412203210007,(주)코엔서비스 경영관리실 일반관리직 채용,[],?,?,?,?,?,?,?,PENDING,,UNKNOWN,UNKNOWN,UNKNOWN,UNKNOWN,UNKNOWN,UNKNOWN,UNKNOWN
K151712201070037,평택물류센터 물류사무원 채용,[],?,?,?,?,?,?,?,PENDING,,UNKNOWN,UNKNOWN,UNKNOWN,UNKNOWN,UNKNOWN,UNKNOWN,UNKNOWN
KJK6002403110007,삼성전자 용인기흥/화성 캠퍼스 사외시설 점검기사 구인,[],?,?,?,?,?,?,?,PENDING,,UNKNOWN,UNKNOWN,UNKNOWN,UNKNOWN,UNKNOWN,UNKNOWN,UNKNOWN
K120232408140038,"[신촌역, 이대역] 하늬솔빌딩 시설직원 채용(가스안전관리자 선임 가능자 필수)",[],?,?,?,?,?,?,?,PENDING,,UNKNOWN,UNKNOWN,UNKNOWN,UNKNOWN,UNKNOWN,UNKNOWN,UNKNOWN
K161132109060047,쓰리에이치(대자인병원 계열사) 콜센터 구인_장애인 채용,[],?,?,?,?,?,?,?,PENDING,,UNKNOWN,UNKNOWN,UNKNOWN,UNKNOWN,UNKNOWN,UNKNOWN,UNKNOWN
K170082309050025,주간보호센터 사회복지사 모집,[],?,?,?,?,?,?,?,PENDING,,UNKNOWN,UNKNOWN,UNKNOWN,UNKNOWN,UNKNOWN,UNKNOWN,UNKNOWN
K151632112100030,번동솔그린 아파트 일근 공고(관리원 전환예정),[],?,?,?,?,?,?,?,PENDING,,UNKNOWN,UNKNOWN,UNKNOWN,UNKNOWN,UNKNOWN,UNKNOWN,UNKNOWN
KJKY002308080009,산업안전기사 채용,[],?,?,?,?,?,?,?,PENDING,,UNKNOWN,UNKNOWN,UNKNOWN,UNKNOWN,UNKNOWN,UNKNOWN,UNKNOWN
K120232311140014,"[일급 88,030원] 이마트 이천점 김치,반찬코너 알바모집",[],?,?,?,?,?,?,?,PENDING,,UNKNOWN,UNKNOWN,UNKNOWN,UNKNOWN,UNKNOWN,UNKNOWN,UNKNOWN
KJPL002201060003,장수노인복지관 영양사 모집,[],?,?,?,?,?,?,?,PENDING,,UNKNOWN,UNKNOWN,UNKNOWN,UNKNOWN,UNKNOWN,UNKNOWN,UNKNOWN
K151422201110063,2022년 표면처리약품 영업사원 정규모집,[],?,?,?,?,?,?,?,PENDING,,UNKNOWN,UNKNOWN,UNKNOWN,UNKNOWN,UNKNOWN,UNKNOWN,UNKNOWN
KJDK002608250002,긴급!!! 영종오션하임아파트 경비원 모집 - 경증복지카드 우대,[],?,?,?,?,?,?,?,PENDING,,UNKNOWN,UNKNOWN,UNKNOWN,UNKNOWN,UNKNOWN,UNKNOWN,UNKNOWN
KJPC002410280001,시설 경비관리원 모집,[],?,?,?,?,?,?,?,PENDING,,UNKNOWN,UNKNOWN,UNKNOWN,UNKNOWN,UNKNOWN,UNKNOWN,UNKNOWN
K120032110290018,[장애인/보훈대상자만 지원 가능] 천안청당지중화 공사현장 시험보 채용,[],?,?,?,?,?,?,?,PENDING,,UNKNOWN,UNKNOWN,UNKNOWN,UNKNOWN,UNKNOWN,UNKNOWN,UNKNOWN
KJK1002411180002,[육군 5779부대] 복지회관 주방보조 채용,[],?,?,?,?,?,?,?,PENDING,,UNKNOWN,UNKNOWN,UNKNOWN,UNKNOWN,UNKNOWN,UNKNOWN,UNKNOWN
K120252111230022,물류센터 반품처리 전산직원 [식사 제공],[],?,?,?,?,?,?,?,PENDING,,UNKNOWN,UNKNOWN,UNKNOWN,UNKNOWN,UNKNOWN,UNKNOWN,UNKNOWN
KJ20542609150001,자동차 부품 생산(자동화)라인 기계 조작원 정규직 채용,[],?,?,?,?,?,?,?,PENDING,,UNKNOWN,UNKNOWN,UNKNOWN,UNKNOWN,UNKNOWN,UNKNOWN,UNKNOWN
K151152204120135,[수원시 일자리박람회]일진제강 화성 사업장 생산직 모집,[],?,?,?,?,?,?,?,PENDING,,UNKNOWN,UNKNOWN,UNKNOWN,UNKNOWN,UNKNOWN,UNKNOWN,UNKNOWN
KJLJ002602100001,원주혁신도시 제일풍경채센텀포레아파트 경비원 채용 (복지카드 소지자 우대채용),[],?,?,?,?,?,?,?,PENDING,,UNKNOWN,UNKNOWN,UNKNOWN,UNKNOWN,UNKNOWN,UNKNOWN,UNKNOWN
K152122409090001,춘천호반장애인자립생활센터 직원 채용 공고,[],?,?,?,?,?,?,?,PENDING,,UNKNOWN,UNKNOWN,UNKNOWN,UNKNOWN,UNKNOWN,UNKNOWN,UNKNOWN
K151342204080042,"신입.경력 C#, NET (Winform) 응용 프로그램 개발자",[],?,?,?,?,?,?,?,PENDING,,UNKNOWN,UNKNOWN,UNKNOWN,UNKNOWN,UNKNOWN,UNKNOWN,UNKNOWN
K151222609220044,운영지원팀 간사 모집,[],?,?,?,?,?,?,?,PENDING,,UNKNOWN,UNKNOWN,UNKNOWN,UNKNOWN,UNKNOWN,UNKNOWN,UNKNOWN
KJKJ002110220020,"NCT, 절곡, 조립 생산직",[],?,?,?,?,?,?,?,PENDING,,UNKNOWN,UNKNOWN,UNKNOWN,UNKNOWN,UNKNOWN,UNKNOWN,UNKNOWN
K120422404150054,[영등포] 해외송금 서비스 인바운드 CS 상담,[],?,?,?,?,?,?,?,PENDING,,UNKNOWN,UNKNOWN,UNKNOWN,UNKNOWN,UNKNOWN,UNKNOWN,UNKNOWN
K151422404150033,시화공단 회사 격일경비 모집 (근무 난이도 쉬움),[],?,?,?,?,?,?,?,PENDING,,UNKNOWN,UNKNOWN,UNKNOWN,UNKNOWN,UNKNOWN,UNKNOWN,UNKNOWN
K120312608270024,■서부고용센터X50플러스서부센터 중부권역 중장년 일자리 박람회 채용행사 9.17(목)/타다(TADA) 드라이버 모집,[],?,?,?,?,?,?,?,PENDING,,UNKNOWN,UNKNOWN,UNKNOWN,UNKNOWN,UNKNOWN,UNKNOWN,UNKNOWN
K120232109020004,건설현장 근로자 모집-건축 목공,[],?,?,?,?,?,?,?,PENDING,,UNKNOWN,UNKNOWN,UNKNOWN,UNKNOWN,UNKNOWN,UNKNOWN,UNKNOWN
K151632406240009,판교노인종합복지관 체력단련실 헬스트레이너 모집 재공고,[],?,?,?,?,?,?,?,PENDING,,UNKNOWN,UNKNOWN,UNKNOWN,UNKNOWN,UNKNOWN,UNKNOWN,UNKNOWN
K151342110270031,[이천]경비원(일근)구인-증포대원칸타빌2차더테라스 아파트,[],?,?,?,?,?,?,?,PENDING,,UNKNOWN,UNKNOWN,UNKNOWN,UNKNOWN,UNKNOWN,UNKNOWN,UNKNOWN
KJ21162602060001,강릉시교통약자특별교통수단 승무원 구인,[],?,?,?,?,?,?,?,PENDING,,UNKNOWN,UNKNOWN,UNKNOWN,UNKNOWN,UNKNOWN,UNKNOWN,UNKNOWN
K120422406100041,음성 금왕주공1차아파트 경비원 모집,[],?,?,?,?,?,?,?,PENDING,,UNKNOWN,UNKNOWN,UNKNOWN,UNKNOWN,UNKNOWN,UNKNOWN,UNKNOWN
K163012609040007,현대자동차 부품 공급업무  직원 구함,[],?,?,?,?,?,?,?,PENDING,,UNKNOWN,UNKNOWN,UNKNOWN,UNKNOWN,UNKNOWN,UNKNOWN,UNKNOWN
KJRX002507070002,(주)포롤텍 현장직(롤가공 및 베어링 정비),[],?,?,?,?,?,?,?,PENDING,,UNKNOWN,UNKNOWN,UNKNOWN,UNKNOWN,UNKNOWN,UNKNOWN,UNKNOWN
K151122207110101,화성시동탄치동천종합사회복지관 직원(안전관리인)채용 공고,[],?,?,?,?,?,?,?,PENDING,,UNKNOWN,UNKNOWN,UNKNOWN,UNKNOWN,UNKNOWN,UNKNOWN,UNKNOWN
K151692506200005,경기도지체장애인협회 여주시지회 사무직원 모집,[],?,?,?,?,?,?,?,PENDING,,UNKNOWN,UNKNOWN,UNKNOWN,UNKNOWN,UNKNOWN,UNKNOWN,UNKNOWN
KJK1002311030010,단시간 근로자(북카페) 채용,[],?,?,?,?,?,?,?,PENDING,,UNKNOWN,UNKNOWN,UNKNOWN,UNKNOWN,UNKNOWN,UNKNOWN,UNKNOWN
K120612310310031,사무직 직원을 채용합니다.,[],?,?,?,?,?,?,?,PENDING,,UNKNOWN,UNKNOWN,UNKNOWN,UNKNOWN,UNKNOWN,UNKNOWN,UNKNOWN
K120122609160022,"[ 잠원역, 메이플플라자] 관리원  모집",[],?,?,?,?,?,?,?,PENDING,,UNKNOWN,UNKNOWN,UNKNOWN,UNKNOWN,UNKNOWN,UNKNOWN,UNKNOWN
K120412312270016,[경남] 양산 덕계 3차 두산아파트 현장 안전감시단  모집,[],?,?,?,?,?,?,?,PENDING,,UNKNOWN,UNKNOWN,UNKNOWN,UNKNOWN,UNKNOWN,UNKNOWN,UNKNOWN
K152322202150014,해양심층수 워터비스 경리회계 직원 모집합니다.,[],?,?,?,?,?,?,?,PENDING,,UNKNOWN,UNKNOWN,UNKNOWN,UNKNOWN,UNKNOWN,UNKNOWN,UNKNOWN
K141112407090050,농수산물 온라인 판매,[],?,?,?,?,?,?,?,PENDING,,UNKNOWN,UNKNOWN,UNKNOWN,UNKNOWN,UNKNOWN,UNKNOWN,UNKNOWN
K172312311020003,(주)대열보일러 생산반(용접 및 생산일반업무 담당) 정규직 채용,[],?,?,?,?,?,?,?,PENDING,,UNKNOWN,UNKNOWN,UNKNOWN,UNKNOWN,UNKNOWN,UNKNOWN,UNKNOWN
DdA3242406042003,[신당동-래미안신당하이베르아파트] 보안요원 모집,[],?,?,?,?,?,?,?,PENDING,,UNKNOWN,UNKNOWN,UNKNOWN,UNKNOWN,UNKNOWN,UNKNOWN,UNKNOWN
KJAE002112280004,덕소벽산아파트 경비원 구인.복지카드소지자 구인,[],?,?,?,?,?,?,?,PENDING,,UNKNOWN,UNKNOWN,UNKNOWN,UNKNOWN,UNKNOWN,UNKNOWN,UNKNOWN
K162122401080038,[무안군선관위] 2024년도 공정선거지원단 모집,[],?,?,?,?,?,?,?,PENDING,,UNKNOWN,UNKNOWN,UNKNOWN,UNKNOWN,UNKNOWN,UNKNOWN,UNKNOWN
K150112603060010,한국폴리텍대학 인천캠퍼스 청년인턴(일반) 채용,[],?,?,?,?,?,?,?,PENDING,,UNKNOWN,UNKNOWN,UNKNOWN,UNKNOWN,UNKNOWN,UNKNOWN,UNKNOWN
KJKR002202110013,상계동 아파트 경비원 채용,[],?,?,?,?,?,?,?,PENDING,,UNKNOWN,UNKNOWN,UNKNOWN,UNKNOWN,UNKNOWN,UNKNOWN,UNKNOWN
K151712111230049,가전제품 조립 생산직 채용,[],?,?,?,?,?,?,?,PENDING,,UNKNOWN,UNKNOWN,UNKNOWN,UNKNOWN,UNKNOWN,UNKNOWN,UNKNOWN
KJAH002312180012,아파트 경비원 모집(천왕동),[],?,?,?,?,?,?,?,PENDING,,UNKNOWN,UNKNOWN,UNKNOWN,UNKNOWN,UNKNOWN,UNKNOWN,UNKNOWN
KJKJ002205230014,[진접읍] 신도브래뉴 아파트 경비원 모집(격일근무),[],?,?,?,?,?,?,?,PENDING,,UNKNOWN,UNKNOWN,UNKNOWN,UNKNOWN,UNKNOWN,UNKNOWN,UNKNOWN
KJMG002408190001,2024년도 강동대학교 행정조교 채용공고,[],?,?,?,?,?,?,?,PENDING,,UNKNOWN,UNKNOWN,UNKNOWN,UNKNOWN,UNKNOWN,UNKNOWN,UNKNOWN
K140162411040004,신보운영관리(주) 신용보증기금 기업지원센터(중부센터) 보안업무직 정규직 채용,[],?,?,?,?,?,?,?,PENDING,,UNKNOWN,UNKNOWN,UNKNOWN,UNKNOWN,UNKNOWN,UNKNOWN,UNKNOWN
K151572307040001,쇼핑몰 AMD (포토샵가능),[],?,?,?,?,?,?,?,PENDING,,UNKNOWN,UNKNOWN,UNKNOWN,UNKNOWN,UNKNOWN,UNKNOWN,UNKNOWN
K172112205230026,병동 간호조무사 모십니다,[],?,?,?,?,?,?,?,PENDING,,UNKNOWN,UNKNOWN,UNKNOWN,UNKNOWN,UNKNOWN,UNKNOWN,UNKNOWN
KJ21432510270002,관리사무직 채용(기술 영업지원),[],?,?,?,?,?,?,?,PENDING,,UNKNOWN,UNKNOWN,UNKNOWN,UNKNOWN,UNKNOWN,UNKNOWN,UNKNOWN
K151132207290064,수지장애인자립생활센터 사무국장 채용 공고,[],?,?,?,?,?,?,?,PENDING,,UNKNOWN,UNKNOWN,UNKNOWN,UNKNOWN,UNKNOWN,UNKNOWN,UNKNOWN
K131132108270059,경력있는 편집디자이너를 모집합니다,[],?,?,?,?,?,?,?,PENDING,,UNKNOWN,UNKNOWN,UNKNOWN,UNKNOWN,UNKNOWN,UNKNOWN,UNKNOWN
K120252508010001,[장애인채용/정규직] 경영지원팀 경력사원 채용,[],?,?,?,?,?,?,?,PENDING,,UNKNOWN,UNKNOWN,UNKNOWN,UNKNOWN,UNKNOWN,UNKNOWN,UNKNOWN
K151582310050025,식품 제조공장 생산직 직원(장애인채용)을 모집합니다.,[],?,?,?,?,?,?,?,PENDING,,UNKNOWN,UNKNOWN,UNKNOWN,UNKNOWN,UNKNOWN,UNKNOWN,UNKNOWN
K151632204050038,케이블 하네스 생산 기술자 채용(신입/경력 가능/ 경증장애인 병행채용),[],?,?,?,?,?,?,?,PENDING,,UNKNOWN,UNKNOWN,UNKNOWN,UNKNOWN,UNKNOWN,UNKNOWN,UNKNOWN
