2004년 사고재해자수,2005년 사고재해자수,2006년 사고재해자수,2007년 사고재해자수,2008년 사고재해자수,2009년 사고재해자수,2010년 사고재해자수,2011년 사고재해자수,2012년 사고재해자수,2013년 사고재해자수,2014년 사고재해자수,2015년 사고재해자수,2016년 사고재해자수,2017년 사고재해자수,2018년 사고재해자수,2019년 사고재해자수,2020년 사고재해자수,구분,대업종,source_period,source_endpoint,2004,2005,2006,2007,2008,2009,2010,2011,2012,2013,2014,2015,2016,2017,2018,2019,2020,2021,2021년 사고재해자수,2022년 사고재해자수,2023년 사고재해자수,2024년 사고재해자수,2025년 사고재해자수
468,480,487,443,476,422,431,382,356,317,288,258,254,236,301,337,258,금융및보험업,금융및보험업,2020,https://api.odcloud.kr/api/15084656/v1/uddi:79613c8f-5eae-45d4-9f4f-d047edb084dd,,,,,,,,,,,,,,,,,,,,,,,
164,110,102,115,88,88,74,69,69,64,24,34,42,39,28,28,17,석탄광업및채석업,광 업,2020,https://api.odcloud.kr/api/15084656/v1/uddi:79613c8f-5eae-45d4-9f4f-d047edb084dd,,,,,,,,,,,,,,,,,,,,,,,
255,227,206,178,192,160,165,149,144,134,127,111,124,119,167,158,124,석회석·금속·비금속광업및기타광업,광 업,2020,https://api.odcloud.kr/api/15084656/v1/uddi:79613c8f-5eae-45d4-9f4f-d047edb084dd,,,,,,,,,,,,,,,,,,,,,,,
1991,2099,2107,1897,2137,2087,2299,2008,2068,2090,2089,2033,2031,2030,2388,2638,2621,식료품제조업,제조업,2020,https://api.odcloud.kr/api/15084656/v1/uddi:79613c8f-5eae-45d4-9f4f-d047edb084dd,,,,,,,,,,,,,,,,,,,,,,,
1781,1587,1445,1251,1232,1204,1285,1186,1099,1038,1051,935,972,878,951,922,853,섬유및섬유제품제조업,제조업,2020,https://api.odcloud.kr/api/15084656/v1/uddi:79613c8f-5eae-45d4-9f4f-d047edb084dd,,,,,,,,,,,,,,,,,,,,,,,
2085,2047,2044,1889,2019,1889,1938,1802,1674,1575,1636,1545,1472,1364,1453,1451,1339,목재및종이제품제조업,제조업,2020,https://api.odcloud.kr/api/15084656/v1/uddi:79613c8f-5eae-45d4-9f4f-d047edb084dd,,,,,,,,,,,,,,,,,,,,,,,
637,652,655,572,609,614,592,526,508,467,433,403,405,343,399,384,386,출판·인쇄·제본또는인쇄물가공업,제조업,2020,https://api.odcloud.kr/api/15084656/v1/uddi:79613c8f-5eae-45d4-9f4f-d047edb084dd,,,,,,,,,,,,,,,,,,,,,,,
3444,3451,3231,3055,3257,3120,3195,3363,3144,2930,2888,2594,2696,2472,2654,2675,2556,화학및고무제품제조업,제조업,2020,https://api.odcloud.kr/api/15084656/v1/uddi:79613c8f-5eae-45d4-9f4f-d047edb084dd,,,,,,,,,,,,,,,,,,,,,,,
229,214,227,183,203,215,201,183,190,153,144,152,182,171,225,256,252,의약품·화장품·연탄·석유제품제조업,제조업,2020,https://api.odcloud.kr/api/15084656/v1/uddi:79613c8f-5eae-45d4-9f4f-d047edb084dd,,,,,,,,,,,,,,,,,,,,,,,
17203,16920,16436,15603,16672,15031,15874,15170,14880,13495,12886,12115,11417,11086,11626,11842,11380,기계기구·금속·비금속광물제품제조업,제조업,2020,https://api.odcloud.kr/api/15084656/v1/uddi:79613c8f-5eae-45d4-9f4f-d047edb084dd,,,,,,,,,,,,,,,,,,,,,,,
91,102,74,74,61,65,111,96,70,108,95,74,73,58,88,106,90,금속제련업,제조업,2020,https://api.odcloud.kr/api/15084656/v1/uddi:79613c8f-5eae-45d4-9f4f-d047edb084dd,,,,,,,,,,,,,,,,,,,,,,,
2034,1988,1825,1679,1737,1634,1877,1748,1713,1624,1557,1360,1250,1228,1317,1413,1475,전기기계기구·정밀기구·전자제품제조업,제조업,2020,https://api.odcloud.kr/api/15084656/v1/uddi:79613c8f-5eae-45d4-9f4f-d047edb084dd,,,,,,,,,,,,,,,,,,,,,,,
1649,1710,1684,1563,1967,2123,1760,1511,1385,1226,1349,1404,1320,932,764,961,1151,선박건조및수리업,제조업,2020,https://api.odcloud.kr/api/15084656/v1/uddi:79613c8f-5eae-45d4-9f4f-d047edb084dd,,,,,,,,,,,,,,,,,,,,,,,
1886,1798,1819,1664,1851,1771,1741,1746,1636,1499,1441,1309,1324,1103,1093,1036,1024,수제품및기타제품제조업,제조업,2020,https://api.odcloud.kr/api/15084656/v1/uddi:79613c8f-5eae-45d4-9f4f-d047edb084dd,,,,,,,,,,,,,,,,,,,,,,,
112,109,100,107,87,99,76,78,85,69,91,88,94,74,96,97,87,전기·가스·증기및수도사업,전기·가스·증기및수도사업,2020,https://api.odcloud.kr/api/15084656/v1/uddi:79613c8f-5eae-45d4-9f4f-d047edb084dd,,,,,,,,,,,,,,,,,,,,,,,
18856,15954,17577,18419,20088,20267,21885,22187,22679,22892,22935,24287,25701,24718,26486,25298,24617,건설업,건설업,2020,https://api.odcloud.kr/api/15084656/v1/uddi:79613c8f-5eae-45d4-9f4f-d047edb084dd,,,,,,,,,,,,,,,,,,,,,,,
1910,1970,2089,2000,2078,1905,1974,1996,1886,1842,1860,1741,1639,1667,2068,2123,2024,철도·항공·창고·운수관련서비스업,운수·창고 및 통신업,2020,https://api.odcloud.kr/api/15084656/v1/uddi:79613c8f-5eae-45d4-9f4f-d047edb084dd,,,,,,,,,,,,,,,,,,,,,,,
2350,2136,2095,1894,1910,1815,1797,1727,1745,1805,1779,1831,1932,2097,2505,3143,4274,육상및수상운수업,운수·창고 및 통신업,2020,https://api.odcloud.kr/api/15084656/v1/uddi:79613c8f-5eae-45d4-9f4f-d047edb084dd,,,,,,,,,,,,,,,,,,,,,,,
396,312,315,272,335,320,296,234,280,261,233,179,202,144,204,198,206,통신업,운수·창고 및 통신업,2020,https://api.odcloud.kr/api/15084656/v1/uddi:79613c8f-5eae-45d4-9f4f-d047edb084dd,,,,,,,,,,,,,,,,,,,,,,,
884,1031,1113,1258,1616,2921,2091,1934,1779,1921,1676,1593,1400,1093,1018,985,1004,임업,임 업,2020,https://api.odcloud.kr/api/15084656/v1/uddi:79613c8f-5eae-45d4-9f4f-d047edb084dd,,,,,,,,,,,,,,,,,,,,,,,
84,44,52,57,67,59,63,66,56,55,74,55,39,56,59,58,44,어업,어 업,2020,https://api.odcloud.kr/api/15084656/v1/uddi:79613c8f-5eae-45d4-9f4f-d047edb084dd,,,,,,,,,,,,,,,,,,,,,,,
357,387,442,394,489,575,618,535,563,598,595,619,701,529,603,599,593,농업,농 업,2020,https://api.odcloud.kr/api/15084656/v1/uddi:79613c8f-5eae-45d4-9f4f-d047edb084dd,,,,,,,,,,,,,,,,,,,,,,,
7143,7780,7537,7313,8028,10047,9172,8061,7650,7852,7052,6688,6442,5556,7285,7570,7383,시설관리및사업지원서비스업,기타의사업,2020,https://api.odcloud.kr/api/15084656/v1/uddi:79613c8f-5eae-45d4-9f4f-d047edb084dd,,,,,,,,,,,,,,,,,,,,,,,
1930,1812,1959,1966,2025,2226,2421,1717,1865,1469,1378,1230,1305,1236,1554,1633,1454,기타의각종사업,기타의사업,2020,https://api.odcloud.kr/api/15084656/v1/uddi:79613c8f-5eae-45d4-9f4f-d047edb084dd,,,,,,,,,,,,,,,,,,,,,,,
1,7,9,10,21,23,13,22,38,44,39,51,36,38,19,27,13,해외파견자,기타의사업,2020,https://api.odcloud.kr/api/15084656/v1/uddi:79613c8f-5eae-45d4-9f4f-d047edb084dd,,,,,,,,,,,,,,,,,,,,,,,
3277,3704,4045,4153,4665,5227,5438,4941,4939,5470,5473,5349,5272,4500,5635,6220,6006,전문·보건·교육·여가관련서비스업,기타의사업,2020,https://api.odcloud.kr/api/15084656/v1/uddi:79613c8f-5eae-45d4-9f4f-d047edb084dd,,,,,,,,,,,,,,,,,,,,,,,
8346,9067,9776,10451,11960,12977,13248,12341,12020,12813,13655,13778,14086,14023,16389,17816,16834,도소매·음식·숙박업,기타의사업,2020,https://api.odcloud.kr/api/15084656/v1/uddi:79613c8f-5eae-45d4-9f4f-d047edb084dd,,,,,,,,,,,,,,,,,,,,,,,
128,154,165,163,142,167,154,218,223,191,151,183,155,168,195,228,213,부동산업및임대업,기타의사업,2020,https://api.odcloud.kr/api/15084656/v1/uddi:79613c8f-5eae-45d4-9f4f-d047edb084dd,,,,,,,,,,,,,,,,,,,,,,,
0,0,0,0,0,0,0,0,0,156,192,179,185,2673,3231,3798,4073,국가및지방자치단체의사업,기타의사업,2020,https://api.odcloud.kr/api/15084656/v1/uddi:79613c8f-5eae-45d4-9f4f-d047edb084dd,,,,,,,,,,,,,,,,,,,,,,,
0,64,59,52,60,49,53,49,40,39,40,32,29,34,31,47,32,주한미군,기타의사업,2020,https://api.odcloud.kr/api/15084656/v1/uddi:79613c8f-5eae-45d4-9f4f-d047edb084dd,,,,,,,,,,,,,,,,,,,,,,,
,,,,,,,,,,,,,,,,,금융및보험업,금융및보험업,2021,https://api.odcloud.kr/api/15084656/v1/uddi:3e4d3a05-30a6-46bc-95d6-9e1ebf1d51df,468.0,480.0,487.0,443.0,476.0,422.0,431.0,382.0,356.0,317.0,288.0,258.0,254.0,236.0,301.0,337.0,258.0,297.0,,,,,
,,,,,,,,,,,,,,,,,석탄광업및채석업,광 업,2021,https://api.odcloud.kr/api/15084656/v1/uddi:3e4d3a05-30a6-46bc-95d6-9e1ebf1d51df,159.0,108.0,101.0,109.0,88.0,87.0,74.0,69.0,68.0,64.0,24.0,34.0,42.0,39.0,28.0,28.0,17.0,17.0,,,,,
,,,,,,,,,,,,,,,,,석회석·금속·비금속광업및기타광업,광 업,2021,https://api.odcloud.kr/api/15084656/v1/uddi:3e4d3a05-30a6-46bc-95d6-9e1ebf1d51df,260.0,229.0,207.0,184.0,192.0,161.0,165.0,149.0,145.0,134.0,127.0,111.0,124.0,119.0,167.0,158.0,124.0,116.0,,,,,
,,,,,,,,,,,,,,,,,식료품제조업,제조업,2021,https://api.odcloud.kr/api/15084656/v1/uddi:3e4d3a05-30a6-46bc-95d6-9e1ebf1d51df,1991.0,2099.0,2107.0,1897.0,2137.0,2087.0,2299.0,2008.0,2068.0,2090.0,2089.0,2033.0,2031.0,2030.0,2388.0,2638.0,2621.0,2977.0,,,,,
,,,,,,,,,,,,,,,,,섬유및섬유제품제조업,제조업,2021,https://api.odcloud.kr/api/15084656/v1/uddi:3e4d3a05-30a6-46bc-95d6-9e1ebf1d51df,1781.0,1587.0,1445.0,1251.0,1232.0,1204.0,1285.0,1186.0,1099.0,1038.0,1051.0,935.0,972.0,878.0,951.0,922.0,853.0,906.0,,,,,
,,,,,,,,,,,,,,,,,목재및종이제품제조업,제조업,2021,https://api.odcloud.kr/api/15084656/v1/uddi:3e4d3a05-30a6-46bc-95d6-9e1ebf1d51df,2085.0,2047.0,2044.0,1889.0,2019.0,1889.0,1938.0,1802.0,1674.0,1575.0,1636.0,1545.0,1472.0,1364.0,1453.0,1451.0,1339.0,1457.0,,,,,
,,,,,,,,,,,,,,,,,출판·인쇄·제본또는인쇄물가공업,제조업,2021,https://api.odcloud.kr/api/15084656/v1/uddi:3e4d3a05-30a6-46bc-95d6-9e1ebf1d51df,637.0,652.0,655.0,572.0,609.0,614.0,592.0,526.0,508.0,467.0,433.0,403.0,405.0,343.0,399.0,384.0,386.0,356.0,,,,,
,,,,,,,,,,,,,,,,,화학및고무제품제조업,제조업,2021,https://api.odcloud.kr/api/15084656/v1/uddi:3e4d3a05-30a6-46bc-95d6-9e1ebf1d51df,3444.0,3451.0,3231.0,3055.0,3257.0,3120.0,3195.0,3363.0,3144.0,2930.0,2888.0,2594.0,2696.0,2472.0,2654.0,2675.0,2556.0,2816.0,,,,,
,,,,,,,,,,,,,,,,,의약품·화장품·연탄·석유제품제조업,제조업,2021,https://api.odcloud.kr/api/15084656/v1/uddi:3e4d3a05-30a6-46bc-95d6-9e1ebf1d51df,229.0,214.0,227.0,183.0,203.0,215.0,201.0,183.0,190.0,153.0,144.0,152.0,182.0,171.0,225.0,256.0,252.0,239.0,,,,,
,,,,,,,,,,,,,,,,,기계기구·금속·비금속광물제품제조업,제조업,2021,https://api.odcloud.kr/api/15084656/v1/uddi:3e4d3a05-30a6-46bc-95d6-9e1ebf1d51df,17203.0,16920.0,16436.0,15603.0,16672.0,15031.0,15874.0,15170.0,14880.0,13495.0,12886.0,12115.0,11417.0,11086.0,11626.0,11842.0,11380.0,11449.0,,,,,
,,,,,,,,,,,,,,,,,금속제련업,제조업,2021,https://api.odcloud.kr/api/15084656/v1/uddi:3e4d3a05-30a6-46bc-95d6-9e1ebf1d51df,91.0,102.0,74.0,74.0,61.0,65.0,111.0,96.0,70.0,108.0,95.0,74.0,73.0,58.0,88.0,106.0,90.0,156.0,,,,,
,,,,,,,,,,,,,,,,,전기기계기구·정밀기구·전자제품제조업,제조업,2021,https://api.odcloud.kr/api/15084656/v1/uddi:3e4d3a05-30a6-46bc-95d6-9e1ebf1d51df,2034.0,1988.0,1825.0,1679.0,1737.0,1634.0,1877.0,1748.0,1713.0,1624.0,1557.0,1360.0,1250.0,1228.0,1317.0,1413.0,1475.0,1585.0,,,,,
,,,,,,,,,,,,,,,,,선박건조및수리업,제조업,2021,https://api.odcloud.kr/api/15084656/v1/uddi:3e4d3a05-30a6-46bc-95d6-9e1ebf1d51df,1649.0,1710.0,1684.0,1563.0,1967.0,2123.0,1760.0,1511.0,1385.0,1226.0,1349.0,1404.0,1320.0,932.0,764.0,961.0,1151.0,1201.0,,,,,
,,,,,,,,,,,,,,,,,수제품및기타제품제조업,제조업,2021,https://api.odcloud.kr/api/15084656/v1/uddi:3e4d3a05-30a6-46bc-95d6-9e1ebf1d51df,1886.0,1798.0,1819.0,1664.0,1851.0,1771.0,1741.0,1746.0,1636.0,1499.0,1441.0,1309.0,1324.0,1103.0,1093.0,1036.0,1024.0,1123.0,,,,,
,,,,,,,,,,,,,,,,,전기·가스·증기및수도사업,전기·가스·증기및수도사업,2021,https://api.odcloud.kr/api/15084656/v1/uddi:3e4d3a05-30a6-46bc-95d6-9e1ebf1d51df,112.0,109.0,100.0,107.0,87.0,99.0,76.0,78.0,85.0,69.0,91.0,88.0,94.0,74.0,96.0,97.0,87.0,102.0,,,,,
,,,,,,,,,,,,,,,,,건설업,건설업,2021,https://api.odcloud.kr/api/15084656/v1/uddi:3e4d3a05-30a6-46bc-95d6-9e1ebf1d51df,18856.0,15954.0,17577.0,18419.0,20088.0,20267.0,21885.0,22187.0,22679.0,22892.0,22935.0,24287.0,25701.0,24718.0,26486.0,25298.0,24617.0,26888.0,,,,,
,,,,,,,,,,,,,,,,,철도·항공·창고·운수관련서비스업,운수·창고·통신업,2021,https://api.odcloud.kr/api/15084656/v1/uddi:3e4d3a05-30a6-46bc-95d6-9e1ebf1d51df,1910.0,1970.0,2089.0,2000.0,2078.0,1905.0,1974.0,1996.0,1886.0,1842.0,1860.0,1741.0,1639.0,1667.0,2068.0,2123.0,2024.0,2369.0,,,,,
,,,,,,,,,,,,,,,,,육상및수상운수업,운수·창고·통신업,2021,https://api.odcloud.kr/api/15084656/v1/uddi:3e4d3a05-30a6-46bc-95d6-9e1ebf1d51df,2350.0,2136.0,2095.0,1894.0,1910.0,1815.0,1797.0,1727.0,1745.0,1805.0,1779.0,1831.0,1932.0,2097.0,2505.0,3143.0,4274.0,6545.0,,,,,
,,,,,,,,,,,,,,,,,통신업,운수·창고·통신업,2021,https://api.odcloud.kr/api/15084656/v1/uddi:3e4d3a05-30a6-46bc-95d6-9e1ebf1d51df,396.0,312.0,315.0,272.0,335.0,320.0,296.0,234.0,280.0,261.0,233.0,179.0,202.0,144.0,204.0,198.0,206.0,234.0,,,,,
,,,,,,,,,,,,,,,,,임업,임 업,2021,https://api.odcloud.kr/api/15084656/v1/uddi:3e4d3a05-30a6-46bc-95d6-9e1ebf1d51df,884.0,1031.0,1113.0,1258.0,1616.0,2921.0,2091.0,1934.0,1779.0,1921.0,1676.0,1593.0,1400.0,1093.0,1018.0,985.0,1004.0,915.0,,,,,
,,,,,,,,,,,,,,,,,어업,어 업,2021,https://api.odcloud.kr/api/15084656/v1/uddi:3e4d3a05-30a6-46bc-95d6-9e1ebf1d51df,84.0,44.0,52.0,57.0,67.0,59.0,63.0,66.0,56.0,55.0,74.0,55.0,39.0,56.0,59.0,58.0,44.0,67.0,,,,,
,,,,,,,,,,,,,,,,,농업,농 업,2021,https://api.odcloud.kr/api/15084656/v1/uddi:3e4d3a05-30a6-46bc-95d6-9e1ebf1d51df,357.0,387.0,442.0,394.0,489.0,575.0,618.0,535.0,563.0,598.0,595.0,619.0,701.0,529.0,603.0,599.0,593.0,630.0,,,,,
,,,,,,,,,,,,,,,,,시설관리및사업지원서비스업,기타의사업,2021,https://api.odcloud.kr/api/15084656/v1/uddi:3e4d3a05-30a6-46bc-95d6-9e1ebf1d51df,7143.0,7780.0,7537.0,7313.0,8028.0,10047.0,9172.0,8061.0,7650.0,7852.0,7052.0,6688.0,6442.0,5556.0,7285.0,7570.0,7383.0,8150.0,,,,,
,,,,,,,,,,,,,,,,,기타의각종사업,기타의사업,2021,https://api.odcloud.kr/api/15084656/v1/uddi:3e4d3a05-30a6-46bc-95d6-9e1ebf1d51df,1930.0,1812.0,1959.0,1966.0,2025.0,2226.0,2421.0,1717.0,1865.0,1469.0,1378.0,1230.0,1305.0,1236.0,1554.0,1633.0,1454.0,1440.0,,,,,
,,,,,,,,,,,,,,,,,해외파견자,기타의사업,2021,https://api.odcloud.kr/api/15084656/v1/uddi:3e4d3a05-30a6-46bc-95d6-9e1ebf1d51df,1.0,7.0,9.0,10.0,21.0,23.0,13.0,22.0,38.0,44.0,39.0,51.0,36.0,38.0,19.0,27.0,13.0,16.0,,,,,
,,,,,,,,,,,,,,,,,전문·보건·교육·여가관련서비스업,기타의사업,2021,https://api.odcloud.kr/api/15084656/v1/uddi:3e4d3a05-30a6-46bc-95d6-9e1ebf1d51df,3277.0,3704.0,4045.0,4153.0,4665.0,5227.0,5438.0,4941.0,4939.0,5470.0,5473.0,5349.0,5272.0,4500.0,5635.0,6220.0,6006.0,7255.0,,,,,
,,,,,,,,,,,,,,,,,도소매·음식·숙박업,기타의사업,2021,https://api.odcloud.kr/api/15084656/v1/uddi:3e4d3a05-30a6-46bc-95d6-9e1ebf1d51df,8346.0,9067.0,9776.0,10451.0,11960.0,12977.0,13248.0,12341.0,12020.0,12813.0,13655.0,13778.0,14086.0,14023.0,16389.0,17816.0,16834.0,18500.0,,,,,
,,,,,,,,,,,,,,,,,부동산업및임대업,기타의사업,2021,https://api.odcloud.kr/api/15084656/v1/uddi:3e4d3a05-30a6-46bc-95d6-9e1ebf1d51df,128.0,154.0,165.0,163.0,142.0,167.0,154.0,218.0,223.0,191.0,151.0,183.0,155.0,168.0,195.0,228.0,213.0,210.0,,,,,
,,,,,,,,,,,,,,,,,국가및지방자치단체의사업,기타의사업,2021,https://api.odcloud.kr/api/15084656/v1/uddi:3e4d3a05-30a6-46bc-95d6-9e1ebf1d51df,0.0,0.0,0.0,0.0,0.0,0.0,0.0,0.0,0.0,156.0,192.0,179.0,185.0,2673.0,3231.0,3798.0,4073.0,4230.0,,,,,
,,,,,,,,,,,,,,,,,주한미군,기타의사업,2021,https://api.odcloud.kr/api/15084656/v1/uddi:3e4d3a05-30a6-46bc-95d6-9e1ebf1d51df,0.0,64.0,59.0,52.0,60.0,49.0,53.0,49.0,40.0,39.0,40.0,32.0,29.0,34.0,31.0,47.0,32.0,32.0,,,,,
468,480,487,443,476,422,431,382,356,317,288,258,254,236,301,337,258,금융및보험업,금융및보험업,2022,https://api.odcloud.kr/api/15084656/v1/uddi:fbb7e7a5-9e47-4f90-8b3c-bb2bf2fbdd81,,,,,,,,,,,,,,,,,,,297,465,,,
159,108,101,109,88,87,74,69,68,64,24,34,42,39,28,28,17,석탄광업및채석업,광 업,2022,https://api.odcloud.kr/api/15084656/v1/uddi:fbb7e7a5-9e47-4f90-8b3c-bb2bf2fbdd81,,,,,,,,,,,,,,,,,,,17,22,,,
260,229,207,184,192,161,165,149,145,134,127,111,124,119,167,158,124,석회석·금속·비금속광업및기타광업,광 업,2022,https://api.odcloud.kr/api/15084656/v1/uddi:fbb7e7a5-9e47-4f90-8b3c-bb2bf2fbdd81,,,,,,,,,,,,,,,,,,,116,127,,,
1991,2099,2107,1897,2137,2087,2299,2008,2068,2090,2089,2033,2031,2030,2388,2638,2621,식료품제조업,제조업,2022,https://api.odcloud.kr/api/15084656/v1/uddi:fbb7e7a5-9e47-4f90-8b3c-bb2bf2fbdd81,,,,,,,,,,,,,,,,,,,2977,3032,,,
1781,1587,1445,1251,1232,1204,1285,1186,1099,1038,1051,935,972,878,951,922,853,섬유및섬유제품제조업,제조업,2022,https://api.odcloud.kr/api/15084656/v1/uddi:fbb7e7a5-9e47-4f90-8b3c-bb2bf2fbdd81,,,,,,,,,,,,,,,,,,,906,926,,,
2085,2047,2044,1889,2019,1889,1938,1802,1674,1575,1636,1545,1472,1364,1453,1451,1339,목재및종이제품제조업,제조업,2022,https://api.odcloud.kr/api/15084656/v1/uddi:fbb7e7a5-9e47-4f90-8b3c-bb2bf2fbdd81,,,,,,,,,,,,,,,,,,,1457,1349,,,
637,652,655,572,609,614,592,526,508,467,433,403,405,343,399,384,386,출판·인쇄·제본업,제조업,2022,https://api.odcloud.kr/api/15084656/v1/uddi:fbb7e7a5-9e47-4f90-8b3c-bb2bf2fbdd81,,,,,,,,,,,,,,,,,,,356,360,,,
3444,3451,3231,3055,3257,3120,3195,3363,3144,2930,2888,2594,2696,2472,2654,2675,2556,화학및고무제품제조업,제조업,2022,https://api.odcloud.kr/api/15084656/v1/uddi:fbb7e7a5-9e47-4f90-8b3c-bb2bf2fbdd81,,,,,,,,,,,,,,,,,,,2816,2635,,,
229,214,227,183,203,215,201,183,190,153,144,152,182,171,225,256,252,의약품·화장품·연탄·석유제품제조업,제조업,2022,https://api.odcloud.kr/api/15084656/v1/uddi:fbb7e7a5-9e47-4f90-8b3c-bb2bf2fbdd81,,,,,,,,,,,,,,,,,,,239,306,,,
17203,16920,16436,15603,16672,15031,15874,15170,14880,13495,12886,12115,11417,11086,11626,11842,11380,기계기구·금속·비금속광물제품제조업,제조업,2022,https://api.odcloud.kr/api/15084656/v1/uddi:fbb7e7a5-9e47-4f90-8b3c-bb2bf2fbdd81,,,,,,,,,,,,,,,,,,,11449,10984,,,
91,102,74,74,61,65,111,96,70,108,95,74,73,58,88,106,90,금속제련업,제조업,2022,https://api.odcloud.kr/api/15084656/v1/uddi:fbb7e7a5-9e47-4f90-8b3c-bb2bf2fbdd81,,,,,,,,,,,,,,,,,,,156,164,,,
2034,1988,1825,1679,1737,1634,1877,1748,1713,1624,1557,1360,1250,1228,1317,1413,1475,전기기계기구·정밀기구·전자제품제조업,제조업,2022,https://api.odcloud.kr/api/15084656/v1/uddi:fbb7e7a5-9e47-4f90-8b3c-bb2bf2fbdd81,,,,,,,,,,,,,,,,,,,1585,1636,,,
1649,1710,1684,1563,1967,2123,1760,1511,1385,1226,1349,1404,1320,932,764,961,1151,선박건조및수리업,제조업,2022,https://api.odcloud.kr/api/15084656/v1/uddi:fbb7e7a5-9e47-4f90-8b3c-bb2bf2fbdd81,,,,,,,,,,,,,,,,,,,1201,1368,,,
1886,1798,1819,1664,1851,1771,1741,1746,1636,1499,1441,1309,1324,1103,1093,1036,1024,수제품및기타제품제조업,제조업,2022,https://api.odcloud.kr/api/15084656/v1/uddi:fbb7e7a5-9e47-4f90-8b3c-bb2bf2fbdd81,,,,,,,,,,,,,,,,,,,1123,1004,,,
112,109,100,107,87,99,76,78,85,69,91,88,94,74,96,97,87,전기·가스·증기·수도사업,전기·가스·증기·수도사업,2022,https://api.odcloud.kr/api/15084656/v1/uddi:fbb7e7a5-9e47-4f90-8b3c-bb2bf2fbdd81,,,,,,,,,,,,,,,,,,,102,105,,,
18856,15954,17577,18419,20088,20267,21885,22187,22679,22892,22935,24287,25701,24718,26486,25298,24617,건설업,건설업,2022,https://api.odcloud.kr/api/15084656/v1/uddi:fbb7e7a5-9e47-4f90-8b3c-bb2bf2fbdd81,,,,,,,,,,,,,,,,,,,26888,27432,,,
1910,1970,2089,2000,2078,1905,1974,1996,1886,1842,1860,1741,1639,1667,2068,2123,2024,철도·항공·창고·운수관련서비스업,운수·창고·통신업,2022,https://api.odcloud.kr/api/15084656/v1/uddi:fbb7e7a5-9e47-4f90-8b3c-bb2bf2fbdd81,,,,,,,,,,,,,,,,,,,2369,2724,,,
2350,2136,2095,1894,1910,1815,1797,1727,1745,1805,1779,1831,1932,2097,2505,3143,4274,육상및수상운수업,운수·창고·통신업,2022,https://api.odcloud.kr/api/15084656/v1/uddi:fbb7e7a5-9e47-4f90-8b3c-bb2bf2fbdd81,,,,,,,,,,,,,,,,,,,6545,8652,,,
396,312,315,272,335,320,296,234,280,261,233,179,202,144,204,198,206,통신업,운수·창고·통신업,2022,https://api.odcloud.kr/api/15084656/v1/uddi:fbb7e7a5-9e47-4f90-8b3c-bb2bf2fbdd81,,,,,,,,,,,,,,,,,,,234,215,,,
884,1031,1113,1258,1616,2921,2091,1934,1779,1921,1676,1593,1400,1093,1018,985,1004,임업,임 업,2022,https://api.odcloud.kr/api/15084656/v1/uddi:fbb7e7a5-9e47-4f90-8b3c-bb2bf2fbdd81,,,,,,,,,,,,,,,,,,,915,928,,,
84,44,52,57,67,59,63,66,56,55,74,55,39,56,59,58,44,어업,어 업,2022,https://api.odcloud.kr/api/15084656/v1/uddi:fbb7e7a5-9e47-4f90-8b3c-bb2bf2fbdd81,,,,,,,,,,,,,,,,,,,67,56,,,
357,387,442,394,489,575,618,535,563,598,595,619,701,529,603,599,593,농업,농 업,2022,https://api.odcloud.kr/api/15084656/v1/uddi:fbb7e7a5-9e47-4f90-8b3c-bb2bf2fbdd81,,,,,,,,,,,,,,,,,,,630,635,,,
7143,7780,7537,7313,8028,10047,9172,8061,7650,7852,7052,6688,6442,5556,7285,7570,7383,시설관리및사업지원서비스업,기타의사업,2022,https://api.odcloud.kr/api/15084656/v1/uddi:fbb7e7a5-9e47-4f90-8b3c-bb2bf2fbdd81,,,,,,,,,,,,,,,,,,,8150,8725,,,
1930,1812,1959,1966,2025,2226,2421,1717,1865,1469,1378,1230,1305,1236,1554,1633,1454,기타의각종사업,기타의사업,2022,https://api.odcloud.kr/api/15084656/v1/uddi:fbb7e7a5-9e47-4f90-8b3c-bb2bf2fbdd81,,,,,,,,,,,,,,,,,,,1440,1465,,,
1,7,9,10,21,23,13,22,38,44,39,51,36,38,19,27,13,해외파견자,기타의사업,2022,https://api.odcloud.kr/api/15084656/v1/uddi:fbb7e7a5-9e47-4f90-8b3c-bb2bf2fbdd81,,,,,,,,,,,,,,,,,,,16,15,,,
3277,3704,4045,4153,4665,5227,5438,4941,4939,5470,5473,5349,5272,4500,5635,6220,6006,전문·보건·교육·여가관련서비스업,기타의사업,2022,https://api.odcloud.kr/api/15084656/v1/uddi:fbb7e7a5-9e47-4f90-8b3c-bb2bf2fbdd81,,,,,,,,,,,,,,,,,,,7255,8403,,,
8346,9067,9776,10451,11960,12977,13248,12341,12020,12813,13655,13778,14086,14023,16389,17816,16834,도소매·음식·숙박업,기타의사업,2022,https://api.odcloud.kr/api/15084656/v1/uddi:fbb7e7a5-9e47-4f90-8b3c-bb2bf2fbdd81,,,,,,,,,,,,,,,,,,,18500,18749,,,
128,154,165,163,142,167,154,218,223,191,151,183,155,168,195,228,213,부동산업및임대업,기타의사업,2022,https://api.odcloud.kr/api/15084656/v1/uddi:fbb7e7a5-9e47-4f90-8b3c-bb2bf2fbdd81,,,,,,,,,,,,,,,,,,,210,263,,,
0,0,0,0,0,0,0,0,0,156,192,179,185,2673,3231,3798,4073,국가및지방자치단체의사업,기타의사업,2022,https://api.odcloud.kr/api/15084656/v1/uddi:fbb7e7a5-9e47-4f90-8b3c-bb2bf2fbdd81,,,,,,,,,,,,,,,,,,,4230,4424,,,
0,64,59,52,60,49,53,49,40,39,40,32,29,34,31,47,32,주한미군,기타의사업,2022,https://api.odcloud.kr/api/15084656/v1/uddi:fbb7e7a5-9e47-4f90-8b3c-bb2bf2fbdd81,,,,,,,,,,,,,,,,,,,32,45,,,
468,480,487,443,476,422,431,382,356,317,288,258,254,236,301,337,258,금융및보험업,금융및보험업,2023,https://api.odcloud.kr/api/15084656/v1/uddi:c79506b4-7501-40f9-8f02-c12f2451ba22,,,,,,,,,,,,,,,,,,,297,465,522,,
159,108,101,109,88,87,74,69,68,64,24,34,42,39,28,28,17,석탄광업및채석업,광 업,2023,https://api.odcloud.kr/api/15084656/v1/uddi:c79506b4-7501-40f9-8f02-c12f2451ba22,,,,,,,,,,,,,,,,,,,17,22,22,,
260,229,207,184,192,161,165,149,145,134,127,111,124,119,167,158,124,석회석·금속·비금속광업및기타광업,광 업,2023,https://api.odcloud.kr/api/15084656/v1/uddi:c79506b4-7501-40f9-8f02-c12f2451ba22,,,,,,,,,,,,,,,,,,,116,127,105,,
1991,2099,2107,1897,2137,2087,2299,2008,2068,2090,2089,2033,2031,2030,2388,2638,2621,식료품제조업,제조업,2023,https://api.odcloud.kr/api/15084656/v1/uddi:c79506b4-7501-40f9-8f02-c12f2451ba22,,,,,,,,,,,,,,,,,,,2977,3032,3101,,
1781,1587,1445,1251,1232,1204,1285,1186,1099,1038,1051,935,972,878,951,922,853,섬유및섬유제품제조업,제조업,2023,https://api.odcloud.kr/api/15084656/v1/uddi:c79506b4-7501-40f9-8f02-c12f2451ba22,,,,,,,,,,,,,,,,,,,906,926,820,,
2085,2047,2044,1889,2019,1889,1938,1802,1674,1575,1636,1545,1472,1364,1453,1451,1339,목재및종이제품제조업,제조업,2023,https://api.odcloud.kr/api/15084656/v1/uddi:c79506b4-7501-40f9-8f02-c12f2451ba22,,,,,,,,,,,,,,,,,,,1457,1349,1363,,
637,652,655,572,609,614,592,526,508,467,433,403,405,343,399,384,386,출판·인쇄·제본업,제조업,2023,https://api.odcloud.kr/api/15084656/v1/uddi:c79506b4-7501-40f9-8f02-c12f2451ba22,,,,,,,,,,,,,,,,,,,356,360,341,,
3444,3451,3231,3055,3257,3120,3195,3363,3144,2930,2888,2594,2696,2472,2654,2675,2556,화학및고무제품제조업,제조업,2023,https://api.odcloud.kr/api/15084656/v1/uddi:c79506b4-7501-40f9-8f02-c12f2451ba22,,,,,,,,,,,,,,,,,,,2816,2635,2707,,
229,214,227,183,203,215,201,183,190,153,144,152,182,171,225,256,252,의약품·화장품·연탄·석유제품제조업,제조업,2023,https://api.odcloud.kr/api/15084656/v1/uddi:c79506b4-7501-40f9-8f02-c12f2451ba22,,,,,,,,,,,,,,,,,,,239,306,270,,
17203,16920,16436,15603,16672,15031,15874,15170,14880,13495,12886,12115,11417,11086,11626,11842,11380,기계기구·금속·비금속광물제품제조업,제조업,2023,https://api.odcloud.kr/api/15084656/v1/uddi:c79506b4-7501-40f9-8f02-c12f2451ba22,,,,,,,,,,,,,,,,,,,11449,10984,11465,,
91,102,74,74,61,65,111,96,70,108,95,74,73,58,88,106,90,금속제련업,제조업,2023,https://api.odcloud.kr/api/15084656/v1/uddi:c79506b4-7501-40f9-8f02-c12f2451ba22,,,,,,,,,,,,,,,,,,,156,164,160,,
2034,1988,1825,1679,1737,1634,1877,1748,1713,1624,1557,1360,1250,1228,1317,1413,1475,전기기계기구·정밀기구·전자제품제조업,제조업,2023,https://api.odcloud.kr/api/15084656/v1/uddi:c79506b4-7501-40f9-8f02-c12f2451ba22,,,,,,,,,,,,,,,,,,,1585,1636,1613,,
1649,1710,1684,1563,1967,2123,1760,1511,1385,1226,1349,1404,1320,932,764,961,1151,선박건조및수리업,제조업,2023,https://api.odcloud.kr/api/15084656/v1/uddi:c79506b4-7501-40f9-8f02-c12f2451ba22,,,,,,,,,,,,,,,,,,,1201,1368,1652,,
1886,1798,1819,1664,1851,1771,1741,1746,1636,1499,1441,1309,1324,1103,1093,1036,1024,수제품및기타제품제조업,제조업,2023,https://api.odcloud.kr/api/15084656/v1/uddi:c79506b4-7501-40f9-8f02-c12f2451ba22,,,,,,,,,,,,,,,,,,,1123,1004,911,,
112,109,100,107,87,99,76,78,85,69,91,88,94,74,96,97,87,전기·가스·증기·수도사업,전기·가스·증기·수도사업,2023,https://api.odcloud.kr/api/15084656/v1/uddi:c79506b4-7501-40f9-8f02-c12f2451ba22,,,,,,,,,,,,,,,,,,,102,105,104,,
18856,15954,17577,18419,20088,20267,21885,22187,22679,22892,22935,24287,25701,24718,26486,25298,24617,건설업,건설업,2023,https://api.odcloud.kr/api/15084656/v1/uddi:c79506b4-7501-40f9-8f02-c12f2451ba22,,,,,,,,,,,,,,,,,,,26888,27432,26829,,
1910,1970,2089,2000,2078,1905,1974,1996,1886,1842,1860,1741,1639,1667,2068,2123,2024,철도·항공·창고·운수관련서비스업,운수·창고·통신업,2023,https://api.odcloud.kr/api/15084656/v1/uddi:c79506b4-7501-40f9-8f02-c12f2451ba22,,,,,,,,,,,,,,,,,,,2369,2724,3146,,
2350,2136,2095,1894,1910,1815,1797,1727,1745,1805,1779,1831,1932,2097,2505,3143,4274,육상및수상운수업,운수·창고·통신업,2023,https://api.odcloud.kr/api/15084656/v1/uddi:c79506b4-7501-40f9-8f02-c12f2451ba22,,,,,,,,,,,,,,,,,,,6545,8652,10689,,
396,312,315,272,335,320,296,234,280,261,233,179,202,144,204,198,206,통신업,운수·창고·통신업,2023,https://api.odcloud.kr/api/15084656/v1/uddi:c79506b4-7501-40f9-8f02-c12f2451ba22,,,,,,,,,,,,,,,,,,,234,215,204,,
884,1031,1113,1258,1616,2921,2091,1934,1779,1921,1676,1593,1400,1093,1018,985,1004,임업,임 업,2023,https://api.odcloud.kr/api/15084656/v1/uddi:c79506b4-7501-40f9-8f02-c12f2451ba22,,,,,,,,,,,,,,,,,,,915,928,946,,
84,44,52,57,67,59,63,66,56,55,74,55,39,56,59,58,44,어업,어 업,2023,https://api.odcloud.kr/api/15084656/v1/uddi:c79506b4-7501-40f9-8f02-c12f2451ba22,,,,,,,,,,,,,,,,,,,67,56,34,,
357,387,442,394,489,575,618,535,563,598,595,619,701,529,603,599,593,농업,농 업,2023,https://api.odcloud.kr/api/15084656/v1/uddi:c79506b4-7501-40f9-8f02-c12f2451ba22,,,,,,,,,,,,,,,,,,,630,635,669,,
7143,7780,7537,7313,8028,10047,9172,8061,7650,7852,7052,6688,6442,5556,7285,7570,7383,시설관리및사업지원서비스업,기타의사업,2023,https://api.odcloud.kr/api/15084656/v1/uddi:c79506b4-7501-40f9-8f02-c12f2451ba22,,,,,,,,,,,,,,,,,,,8150,8725,9296,,
1930,1812,1959,1966,2025,2226,2421,1717,1865,1469,1378,1230,1305,1236,1554,1633,1454,기타의각종사업,기타의사업,2023,https://api.odcloud.kr/api/15084656/v1/uddi:c79506b4-7501-40f9-8f02-c12f2451ba22,,,,,,,,,,,,,,,,,,,1440,1465,1572,,
1,7,9,10,21,23,13,22,38,44,39,51,36,38,19,27,13,해외파견자,기타의사업,2023,https://api.odcloud.kr/api/15084656/v1/uddi:c79506b4-7501-40f9-8f02-c12f2451ba22,,,,,,,,,,,,,,,,,,,16,15,16,,
3277,3704,4045,4153,4665,5227,5438,4941,4939,5470,5473,5349,5272,4500,5635,6220,6006,전문·보건·교육·여가관련서비스업,기타의사업,2023,https://api.odcloud.kr/api/15084656/v1/uddi:c79506b4-7501-40f9-8f02-c12f2451ba22,,,,,,,,,,,,,,,,,,,7255,8403,10357,,
8346,9067,9776,10451,11960,12977,13248,12341,12020,12813,13655,13778,14086,14023,16389,17816,16834,도소매·음식·숙박업,기타의사업,2023,https://api.odcloud.kr/api/15084656/v1/uddi:c79506b4-7501-40f9-8f02-c12f2451ba22,,,,,,,,,,,,,,,,,,,18500,18749,19254,,
128,154,165,163,142,167,154,218,223,191,151,183,155,168,195,228,213,부동산업및임대업,기타의사업,2023,https://api.odcloud.kr/api/15084656/v1/uddi:c79506b4-7501-40f9-8f02-c12f2451ba22,,,,,,,,,,,,,,,,,,,210,263,262,,
0,0,0,0,0,0,0,0,0,156,192,179,185,2673,3231,3798,4073,국가및지방자치단체의사업,기타의사업,2023,https://api.odcloud.kr/api/15084656/v1/uddi:c79506b4-7501-40f9-8f02-c12f2451ba22,,,,,,,,,,,,,,,,,,,4230,4424,4998,,
0,64,59,52,60,49,53,49,40,39,40,32,29,34,31,47,32,주한미군,기타의사업,2023,https://api.odcloud.kr/api/15084656/v1/uddi:c79506b4-7501-40f9-8f02-c12f2451ba22,,,,,,,,,,,,,,,,,,,32,45,37,,
468,480,487,443,476,422,431,382,356,317,288,258,254,236,301,337,258,금융및보험업,금융및보험업,2024,https://api.odcloud.kr/api/15084656/v1/uddi:e0494ce1-7eba-4012-bed4-ed539c3a0914,,,,,,,,,,,,,,,,,,,297,465,522,539,
159,108,101,109,88,87,74,69,68,64,24,34,42,39,28,28,17,석탄광업및채석업,광 업,2024,https://api.odcloud.kr/api/15084656/v1/uddi:e0494ce1-7eba-4012-bed4-ed539c3a0914,,,,,,,,,,,,,,,,,,,17,22,22,16,
260,229,207,184,192,161,165,149,145,134,127,111,124,119,167,158,124,석회석·금속·비금속광업및기타광업,광 업,2024,https://api.odcloud.kr/api/15084656/v1/uddi:e0494ce1-7eba-4012-bed4-ed539c3a0914,,,,,,,,,,,,,,,,,,,116,127,105,96,
1991,2099,2107,1897,2137,2087,2299,2008,2068,2090,2089,2033,2031,2030,2388,2638,2621,식료품제조업,제조업,2024,https://api.odcloud.kr/api/15084656/v1/uddi:e0494ce1-7eba-4012-bed4-ed539c3a0914,,,,,,,,,,,,,,,,,,,2977,3032,3101,3134,
1781,1587,1445,1251,1232,1204,1285,1186,1099,1038,1051,935,972,878,951,922,853,섬유및섬유제품제조업,제조업,2024,https://api.odcloud.kr/api/15084656/v1/uddi:e0494ce1-7eba-4012-bed4-ed539c3a0914,,,,,,,,,,,,,,,,,,,906,926,820,789,
2085,2047,2044,1889,2019,1889,1938,1802,1674,1575,1636,1545,1472,1364,1453,1451,1339,목재및종이제품제조업,제조업,2024,https://api.odcloud.kr/api/15084656/v1/uddi:e0494ce1-7eba-4012-bed4-ed539c3a0914,,,,,,,,,,,,,,,,,,,1457,1349,1363,1312,
637,652,655,572,609,614,592,526,508,467,433,403,405,343,399,384,386,출판·인쇄·제본업,제조업,2024,https://api.odcloud.kr/api/15084656/v1/uddi:e0494ce1-7eba-4012-bed4-ed539c3a0914,,,,,,,,,,,,,,,,,,,356,360,341,372,
3444,3451,3231,3055,3257,3120,3195,3363,3144,2930,2888,2594,2696,2472,2654,2675,2556,화학및고무제품제조업,제조업,2024,https://api.odcloud.kr/api/15084656/v1/uddi:e0494ce1-7eba-4012-bed4-ed539c3a0914,,,,,,,,,,,,,,,,,,,2816,2635,2707,2598,
229,214,227,183,203,215,201,183,190,153,144,152,182,171,225,256,252,의약품·화장품·연탄·석유제품제조업,제조업,2024,https://api.odcloud.kr/api/15084656/v1/uddi:e0494ce1-7eba-4012-bed4-ed539c3a0914,,,,,,,,,,,,,,,,,,,239,306,270,363,
17203,16920,16436,15603,16672,15031,15874,15170,14880,13495,12886,12115,11417,11086,11626,11842,11380,기계기구·금속·비금속광물제품제조업,제조업,2024,https://api.odcloud.kr/api/15084656/v1/uddi:e0494ce1-7eba-4012-bed4-ed539c3a0914,,,,,,,,,,,,,,,,,,,11449,10984,11465,11277,
91,102,74,74,61,65,111,96,70,108,95,74,73,58,88,106,90,금속제련업,제조업,2024,https://api.odcloud.kr/api/15084656/v1/uddi:e0494ce1-7eba-4012-bed4-ed539c3a0914,,,,,,,,,,,,,,,,,,,156,164,160,168,
2034,1988,1825,1679,1737,1634,1877,1748,1713,1624,1557,1360,1250,1228,1317,1413,1475,전기기계기구·정밀기구·전자제품제조업,제조업,2024,https://api.odcloud.kr/api/15084656/v1/uddi:e0494ce1-7eba-4012-bed4-ed539c3a0914,,,,,,,,,,,,,,,,,,,1585,1636,1613,1627,
1649,1710,1684,1563,1967,2123,1760,1511,1385,1226,1349,1404,1320,932,764,961,1151,선박건조및수리업,제조업,2024,https://api.odcloud.kr/api/15084656/v1/uddi:e0494ce1-7eba-4012-bed4-ed539c3a0914,,,,,,,,,,,,,,,,,,,1201,1368,1652,1848,
1886,1798,1819,1664,1851,1771,1741,1746,1636,1499,1441,1309,1324,1103,1093,1036,1024,수제품및기타제품제조업,제조업,2024,https://api.odcloud.kr/api/15084656/v1/uddi:e0494ce1-7eba-4012-bed4-ed539c3a0914,,,,,,,,,,,,,,,,,,,1123,1004,911,921,
112,109,100,107,87,99,76,78,85,69,91,88,94,74,96,97,87,전기·가스·증기·수도사업,전기·가스·증기·수도사업,2024,https://api.odcloud.kr/api/15084656/v1/uddi:e0494ce1-7eba-4012-bed4-ed539c3a0914,,,,,,,,,,,,,,,,,,,102,105,104,81,
18856,15954,17577,18419,20088,20267,21885,22187,22679,22892,22935,24287,25701,24718,26486,25298,24617,건설업,건설업,2024,https://api.odcloud.kr/api/15084656/v1/uddi:e0494ce1-7eba-4012-bed4-ed539c3a0914,,,,,,,,,,,,,,,,,,,26888,27432,26829,25152,
1910,1970,2089,2000,2078,1905,1974,1996,1886,1842,1860,1741,1639,1667,2068,2123,2024,철도·항공·창고·운수관련서비스업,운수·창고·통신업,2024,https://api.odcloud.kr/api/15084656/v1/uddi:e0494ce1-7eba-4012-bed4-ed539c3a0914,,,,,,,,,,,,,,,,,,,2369,2724,3146,3619,
2350,2136,2095,1894,1910,1815,1797,1727,1745,1805,1779,1831,1932,2097,2505,3143,4274,육상및수상운수업,운수·창고·통신업,2024,https://api.odcloud.kr/api/15084656/v1/uddi:e0494ce1-7eba-4012-bed4-ed539c3a0914,,,,,,,,,,,,,,,,,,,6545,8652,10689,12164,
396,312,315,272,335,320,296,234,280,261,233,179,202,144,204,198,206,통신업,운수·창고·통신업,2024,https://api.odcloud.kr/api/15084656/v1/uddi:e0494ce1-7eba-4012-bed4-ed539c3a0914,,,,,,,,,,,,,,,,,,,234,215,204,215,
884,1031,1113,1258,1616,2921,2091,1934,1779,1921,1676,1593,1400,1093,1018,985,1004,임업,임 업,2024,https://api.odcloud.kr/api/15084656/v1/uddi:e0494ce1-7eba-4012-bed4-ed539c3a0914,,,,,,,,,,,,,,,,,,,915,928,946,834,
84,44,52,57,67,59,63,66,56,55,74,55,39,56,59,58,44,어업,어 업,2024,https://api.odcloud.kr/api/15084656/v1/uddi:e0494ce1-7eba-4012-bed4-ed539c3a0914,,,,,,,,,,,,,,,,,,,67,56,34,55,
357,387,442,394,489,575,618,535,563,598,595,619,701,529,603,599,593,농업,농 업,2024,https://api.odcloud.kr/api/15084656/v1/uddi:e0494ce1-7eba-4012-bed4-ed539c3a0914,,,,,,,,,,,,,,,,,,,630,635,669,705,
7143,7780,7537,7313,8028,10047,9172,8061,7650,7852,7052,6688,6442,5556,7285,7570,7383,시설관리및사업지원서비스업,기타의사업,2024,https://api.odcloud.kr/api/15084656/v1/uddi:e0494ce1-7eba-4012-bed4-ed539c3a0914,,,,,,,,,,,,,,,,,,,8150,8725,9296,9686,
1930,1812,1959,1966,2025,2226,2421,1717,1865,1469,1378,1230,1305,1236,1554,1633,1454,기타의각종사업,기타의사업,2024,https://api.odcloud.kr/api/15084656/v1/uddi:e0494ce1-7eba-4012-bed4-ed539c3a0914,,,,,,,,,,,,,,,,,,,1440,1465,1572,1596,
1,7,9,10,21,23,13,22,38,44,39,51,36,38,19,27,13,해외파견자,기타의사업,2024,https://api.odcloud.kr/api/15084656/v1/uddi:e0494ce1-7eba-4012-bed4-ed539c3a0914,,,,,,,,,,,,,,,,,,,16,15,16,34,
3277,3704,4045,4153,4665,5227,5438,4941,4939,5470,5473,5349,5272,4500,5635,6220,6006,전문·보건·교육·여가관련서비스업,기타의사업,2024,https://api.odcloud.kr/api/15084656/v1/uddi:e0494ce1-7eba-4012-bed4-ed539c3a0914,,,,,,,,,,,,,,,,,,,7255,8403,10357,11291,
8346,9067,9776,10451,11960,12977,13248,12341,12020,12813,13655,13778,14086,14023,16389,17816,16834,도소매·음식·숙박업,기타의사업,2024,https://api.odcloud.kr/api/15084656/v1/uddi:e0494ce1-7eba-4012-bed4-ed539c3a0914,,,,,,,,,,,,,,,,,,,18500,18749,19254,19763,
128,154,165,163,142,167,154,218,223,191,151,183,155,168,195,228,213,부동산업및임대업,기타의사업,2024,https://api.odcloud.kr/api/15084656/v1/uddi:e0494ce1-7eba-4012-bed4-ed539c3a0914,,,,,,,,,,,,,,,,,,,210,263,262,262,
0,0,0,0,0,0,0,0,0,156,192,179,185,2673,3231,3798,4073,국가및지방자치단체의사업,기타의사업,2024,https://api.odcloud.kr/api/15084656/v1/uddi:e0494ce1-7eba-4012-bed4-ed539c3a0914,,,,,,,,,,,,,,,,,,,4230,4424,4998,5223,
0,64,59,52,60,49,53,49,40,39,40,32,29,34,31,47,32,주한미군,기타의사업,2024,https://api.odcloud.kr/api/15084656/v1/uddi:e0494ce1-7eba-4012-bed4-ed539c3a0914,,,,,,,,,,,,,,,,,,,32,45,37,33,
468,480,487,443,476,422,431,382,356,317,288,258,254,236,301,337,258,금융및보험업,금융및보험업,2025,https://api.odcloud.kr/api/15084656/v1/uddi:6051f73c-761d-4362-9b3a-a6eca6ac42a3,,,,,,,,,,,,,,,,,,,297,465,522,539,591
159,108,101,109,88,87,74,69,68,64,24,34,42,39,28,28,17,석탄광업및채석업,광 업,2025,https://api.odcloud.kr/api/15084656/v1/uddi:6051f73c-761d-4362-9b3a-a6eca6ac42a3,,,,,,,,,,,,,,,,,,,17,22,22,16,14
260,229,207,184,192,161,165,149,145,134,127,111,124,119,167,158,124,석회석·금속·비금속광업및기타광업,광 업,2025,https://api.odcloud.kr/api/15084656/v1/uddi:6051f73c-761d-4362-9b3a-a6eca6ac42a3,,,,,,,,,,,,,,,,,,,116,127,105,96,99
1991,2099,2107,1897,2137,2087,2299,2008,2068,2090,2089,2033,2031,2030,2388,2638,2621,식료품제조업,제조업,2025,https://api.odcloud.kr/api/15084656/v1/uddi:6051f73c-761d-4362-9b3a-a6eca6ac42a3,,,,,,,,,,,,,,,,,,,2977,3032,3101,3134,3199
1781,1587,1445,1251,1232,1204,1285,1186,1099,1038,1051,935,972,878,951,922,853,섬유및섬유제품제조업,제조업,2025,https://api.odcloud.kr/api/15084656/v1/uddi:6051f73c-761d-4362-9b3a-a6eca6ac42a3,,,,,,,,,,,,,,,,,,,906,926,820,789,738
2085,2047,2044,1889,2019,1889,1938,1802,1674,1575,1636,1545,1472,1364,1453,1451,1339,목재및종이제품제조업,제조업,2025,https://api.odcloud.kr/api/15084656/v1/uddi:6051f73c-761d-4362-9b3a-a6eca6ac42a3,,,,,,,,,,,,,,,,,,,1457,1349,1363,1312,1230
637,652,655,572,609,614,592,526,508,467,433,403,405,343,399,384,386,출판·인쇄·제본업,제조업,2025,https://api.odcloud.kr/api/15084656/v1/uddi:6051f73c-761d-4362-9b3a-a6eca6ac42a3,,,,,,,,,,,,,,,,,,,356,360,341,372,353
3444,3451,3231,3055,3257,3120,3195,3363,3144,2930,2888,2594,2696,2472,2654,2675,2556,화학및고무제품제조업,제조업,2025,https://api.odcloud.kr/api/15084656/v1/uddi:6051f73c-761d-4362-9b3a-a6eca6ac42a3,,,,,,,,,,,,,,,,,,,2816,2635,2707,2598,2410
229,214,227,183,203,215,201,183,190,153,144,152,182,171,225,256,252,의약품·화장품·연탄·석유제품제조업,제조업,2025,https://api.odcloud.kr/api/15084656/v1/uddi:6051f73c-761d-4362-9b3a-a6eca6ac42a3,,,,,,,,,,,,,,,,,,,239,306,270,363,370
17203,16920,16436,15603,16672,15031,15874,15170,14880,13495,12886,12115,11417,11086,11626,11842,11380,기계기구·금속·비금속광물제품제조업,제조업,2025,https://api.odcloud.kr/api/15084656/v1/uddi:6051f73c-761d-4362-9b3a-a6eca6ac42a3,,,,,,,,,,,,,,,,,,,11449,10984,11465,11277,10679
91,102,74,74,61,65,111,96,70,108,95,74,73,58,88,106,90,금속제련업,제조업,2025,https://api.odcloud.kr/api/15084656/v1/uddi:6051f73c-761d-4362-9b3a-a6eca6ac42a3,,,,,,,,,,,,,,,,,,,156,164,160,168,153
2034,1988,1825,1679,1737,1634,1877,1748,1713,1624,1557,1360,1250,1228,1317,1413,1475,전기기계기구·정밀기구·전자제품제조업,제조업,2025,https://api.odcloud.kr/api/15084656/v1/uddi:6051f73c-761d-4362-9b3a-a6eca6ac42a3,,,,,,,,,,,,,,,,,,,1585,1636,1613,1627,1648
1649,1710,1684,1563,1967,2123,1760,1511,1385,1226,1349,1404,1320,932,764,961,1151,선박건조및수리업,제조업,2025,https://api.odcloud.kr/api/15084656/v1/uddi:6051f73c-761d-4362-9b3a-a6eca6ac42a3,,,,,,,,,,,,,,,,,,,1201,1368,1652,1848,1632
1886,1798,1819,1664,1851,1771,1741,1746,1636,1499,1441,1309,1324,1103,1093,1036,1024,수제품및기타제품제조업,제조업,2025,https://api.odcloud.kr/api/15084656/v1/uddi:6051f73c-761d-4362-9b3a-a6eca6ac42a3,,,,,,,,,,,,,,,,,,,1123,1004,911,921,1000
112,109,100,107,87,99,76,78,85,69,91,88,94,74,96,97,87,전기·가스·증기·수도사업,전기·가스·증기·수도사업,2025,https://api.odcloud.kr/api/15084656/v1/uddi:6051f73c-761d-4362-9b3a-a6eca6ac42a3,,,,,,,,,,,,,,,,,,,102,105,104,81,90
18856,15954,17577,18419,20088,20267,21885,22187,22679,22892,22935,24287,25701,24718,26486,25298,24617,건설업,건설업,2025,https://api.odcloud.kr/api/15084656/v1/uddi:6051f73c-761d-4362-9b3a-a6eca6ac42a3,,,,,,,,,,,,,,,,,,,26888,27432,26829,25152,21524
1910,1970,2089,2000,2078,1905,1974,1996,1886,1842,1860,1741,1639,1667,2068,2123,2024,철도·항공·창고·운수관련서비스업,운수·창고·통신업,2025,https://api.odcloud.kr/api/15084656/v1/uddi:6051f73c-761d-4362-9b3a-a6eca6ac42a3,,,,,,,,,,,,,,,,,,,2369,2724,3146,3619,3881
2350,2136,2095,1894,1910,1815,1797,1727,1745,1805,1779,1831,1932,2097,2505,3143,4274,육상및수상운수업,운수·창고·통신업,2025,https://api.odcloud.kr/api/15084656/v1/uddi:6051f73c-761d-4362-9b3a-a6eca6ac42a3,,,,,,,,,,,,,,,,,,,6545,8652,10689,12164,12443
396,312,315,272,335,320,296,234,280,261,233,179,202,144,204,198,206,통신업,운수·창고·통신업,2025,https://api.odcloud.kr/api/15084656/v1/uddi:6051f73c-761d-4362-9b3a-a6eca6ac42a3,,,,,,,,,,,,,,,,,,,234,215,204,215,181
884,1031,1113,1258,1616,2921,2091,1934,1779,1921,1676,1593,1400,1093,1018,985,1004,임업,임 업,2025,https://api.odcloud.kr/api/15084656/v1/uddi:6051f73c-761d-4362-9b3a-a6eca6ac42a3,,,,,,,,,,,,,,,,,,,915,928,946,834,851
84,44,52,57,67,59,63,66,56,55,74,55,39,56,59,58,44,어업,어 업,2025,https://api.odcloud.kr/api/15084656/v1/uddi:6051f73c-761d-4362-9b3a-a6eca6ac42a3,,,,,,,,,,,,,,,,,,,67,56,34,55,37
357,387,442,394,489,575,618,535,563,598,595,619,701,529,603,599,593,농업,농 업,2025,https://api.odcloud.kr/api/15084656/v1/uddi:6051f73c-761d-4362-9b3a-a6eca6ac42a3,,,,,,,,,,,,,,,,,,,630,635,669,705,711
7143,7780,7537,7313,8028,10047,9172,8061,7650,7852,7052,6688,6442,5556,7285,7570,7383,시설관리및사업지원서비스업,기타의사업,2025,https://api.odcloud.kr/api/15084656/v1/uddi:6051f73c-761d-4362-9b3a-a6eca6ac42a3,,,,,,,,,,,,,,,,,,,8150,8725,9296,9686,10171
1930,1812,1959,1966,2025,2226,2421,1717,1865,1469,1378,1230,1305,1236,1554,1633,1454,기타의각종사업,기타의사업,2025,https://api.odcloud.kr/api/15084656/v1/uddi:6051f73c-761d-4362-9b3a-a6eca6ac42a3,,,,,,,,,,,,,,,,,,,1440,1465,1572,1596,1643
1,7,9,10,21,23,13,22,38,44,39,51,36,38,19,27,13,해외파견자,기타의사업,2025,https://api.odcloud.kr/api/15084656/v1/uddi:6051f73c-761d-4362-9b3a-a6eca6ac42a3,,,,,,,,,,,,,,,,,,,16,15,16,34,21
3277,3704,4045,4153,4665,5227,5438,4941,4939,5470,5473,5349,5272,4500,5635,6220,6006,전문·보건·교육·여가관련서비스업,기타의사업,2025,https://api.odcloud.kr/api/15084656/v1/uddi:6051f73c-761d-4362-9b3a-a6eca6ac42a3,,,,,,,,,,,,,,,,,,,7255,8403,10357,11291,11967
8346,9067,9776,10451,11960,12977,13248,12341,12020,12813,13655,13778,14086,14023,16389,17816,16834,도소매·음식·숙박업,기타의사업,2025,https://api.odcloud.kr/api/15084656/v1/uddi:6051f73c-761d-4362-9b3a-a6eca6ac42a3,,,,,,,,,,,,,,,,,,,18500,18749,19254,19763,20008
128,154,165,163,142,167,154,218,223,191,151,183,155,168,195,228,213,부동산업및임대업,기타의사업,2025,https://api.odcloud.kr/api/15084656/v1/uddi:6051f73c-761d-4362-9b3a-a6eca6ac42a3,,,,,,,,,,,,,,,,,,,210,263,262,262,259
0,0,0,0,0,0,0,0,0,156,192,179,185,2673,3231,3798,4073,국가및지방자치단체의사업,기타의사업,2025,https://api.odcloud.kr/api/15084656/v1/uddi:6051f73c-761d-4362-9b3a-a6eca6ac42a3,,,,,,,,,,,,,,,,,,,4230,4424,4998,5223,5366
0,64,59,52,60,49,53,49,40,39,40,32,29,34,31,47,32,주한미군,기타의사업,2025,https://api.odcloud.kr/api/15084656/v1/uddi:6051f73c-761d-4362-9b3a-a6eca6ac42a3,,,,,,,,,,,,,,,,,,,32,45,37,33,36
