1등급,2등급,3등급,구분1,구분2,등급외A,등급외B,등급외C,등급외자소계,인정자소계,전체계,source_period,source_endpoint,4등급,5등급,시작일,인지지원등급,종료일,기준연도,측정단위
54368.0,71093.0,161446.0,2009,인원,60501.0,27424.0,15698.0,103623.0,286907.0,390530.0,2013Q4,https://api.odcloud.kr/api/3051420/v1/uddi:8bc5421b-b709-4e92-ab61-8a5e9571e4f0_201610261438,,,,,,2009,명
13.9,18.2,41.4,2009,비율,15.5,7.0,4.0,26.5,73.5,100.0,2013Q4,https://api.odcloud.kr/api/3051420/v1/uddi:8bc5421b-b709-4e92-ab61-8a5e9571e4f0_201610261438,,,,,,2009,%
46994.0,73833.0,195167.0,2010,인원,92356.0,40296.0,17131.0,149783.0,315994.0,465777.0,2013Q4,https://api.odcloud.kr/api/3051420/v1/uddi:8bc5421b-b709-4e92-ab61-8a5e9571e4f0_201610261438,,,,,,2010,명
10.1,15.8,41.9,2010,비율,19.8,8.7,3.7,32.2,67.8,100.0,2013Q4,https://api.odcloud.kr/api/3051420/v1/uddi:8bc5421b-b709-4e92-ab61-8a5e9571e4f0_201610261438,,,,,,2010,%
41326.0,72640.0,210446.0,2011,인원,95890.0,42258.0,15886.0,154034.0,324412.0,478446.0,2013Q4,https://api.odcloud.kr/api/3051420/v1/uddi:8bc5421b-b709-4e92-ab61-8a5e9571e4f0_201610261438,,,,,,2011,명
8.6,15.2,44.0,2011,비율,20.1,8.8,3.3,32.2,67.8,100.0,2013Q4,https://api.odcloud.kr/api/3051420/v1/uddi:8bc5421b-b709-4e92-ab61-8a5e9571e4f0_201610261438,,,,,,2011,%
38262.0,70619.0,232907.0,2012,인원,93422.0,44754.0,15481.0,153657.0,341788.0,495445.0,2013Q4,https://api.odcloud.kr/api/3051420/v1/uddi:8bc5421b-b709-4e92-ab61-8a5e9571e4f0_201610261438,,,,,,2012,명
7.7,14.3,47.0,2012,비율,18.9,9.0,3.1,31.0,69.0,100.0,2013Q4,https://api.odcloud.kr/api/3051420/v1/uddi:8bc5421b-b709-4e92-ab61-8a5e9571e4f0_201610261438,,,,,,2012,%
37283.0,71824.0,269386.0,2013,인원,89731.0,52390.0,14714.0,156835.0,378493.0,535328.0,2013Q4,https://api.odcloud.kr/api/3051420/v1/uddi:8bc5421b-b709-4e92-ab61-8a5e9571e4f0_201610261438,,,,,,2013,명
7.0,13.4,50.3,2013,비율,16.8,9.8,2.7,29.3,70.7,100.0,2013Q4,https://api.odcloud.kr/api/3051420/v1/uddi:8bc5421b-b709-4e92-ab61-8a5e9571e4f0_201610261438,,,,,,2013,%
54368.0,71093.0,161446.0,2009,인원,60501.0,27424.0,15698.0,103623.0,286907.0,390530.0,2014Q1,https://api.odcloud.kr/api/3051420/v1/uddi:442633de-1cd7-46f1-90b7-9e3e98875938_201610261437,,,,,,2009,명
13.9,18.2,41.4,2009,비율,15.5,7.0,4.0,26.5,73.5,100.0,2014Q1,https://api.odcloud.kr/api/3051420/v1/uddi:442633de-1cd7-46f1-90b7-9e3e98875938_201610261437,,,,,,2009,%
46994.0,73833.0,195167.0,2010,인원,92356.0,40296.0,17131.0,149783.0,315994.0,465777.0,2014Q1,https://api.odcloud.kr/api/3051420/v1/uddi:442633de-1cd7-46f1-90b7-9e3e98875938_201610261437,,,,,,2010,명
10.1,15.8,41.9,2010,비율,19.8,8.7,3.7,32.2,67.8,100.0,2014Q1,https://api.odcloud.kr/api/3051420/v1/uddi:442633de-1cd7-46f1-90b7-9e3e98875938_201610261437,,,,,,2010,%
41326.0,72640.0,210446.0,2011,인원,95890.0,42258.0,15886.0,154034.0,324412.0,478446.0,2014Q1,https://api.odcloud.kr/api/3051420/v1/uddi:442633de-1cd7-46f1-90b7-9e3e98875938_201610261437,,,,,,2011,명
8.6,15.2,44.0,2011,비율,20.1,8.8,3.3,32.2,67.8,100.0,2014Q1,https://api.odcloud.kr/api/3051420/v1/uddi:442633de-1cd7-46f1-90b7-9e3e98875938_201610261437,,,,,,2011,%
38262.0,70619.0,232907.0,2012,인원,93422.0,44754.0,15481.0,153657.0,341788.0,495445.0,2014Q1,https://api.odcloud.kr/api/3051420/v1/uddi:442633de-1cd7-46f1-90b7-9e3e98875938_201610261437,,,,,,2012,명
7.7,14.3,47.0,2012,비율,18.9,9.0,3.1,31.0,69.0,100.0,2014Q1,https://api.odcloud.kr/api/3051420/v1/uddi:442633de-1cd7-46f1-90b7-9e3e98875938_201610261437,,,,,,2012,%
37283.0,71824.0,269386.0,2013,인원,89731.0,52390.0,14714.0,156835.0,378493.0,535328.0,2014Q1,https://api.odcloud.kr/api/3051420/v1/uddi:442633de-1cd7-46f1-90b7-9e3e98875938_201610261437,,,,,,2013,명
7.0,13.4,50.3,2013,비율,16.8,9.8,2.7,29.3,70.7,100.0,2014Q1,https://api.odcloud.kr/api/3051420/v1/uddi:442633de-1cd7-46f1-90b7-9e3e98875938_201610261437,,,,,,2013,%
37057.0,71688.0,276349.0,2014년1분기,인원,89716.0,54984.0,14450.0,159150.0,385094.0,544244.0,2014Q1,https://api.odcloud.kr/api/3051420/v1/uddi:442633de-1cd7-46f1-90b7-9e3e98875938_201610261437,,,,,,2014,명
6.8,13.2,50.8,2014년1분기,비율,16.5,10.1,2.6,29.2,70.8,100.0,2014Q1,https://api.odcloud.kr/api/3051420/v1/uddi:442633de-1cd7-46f1-90b7-9e3e98875938_201610261437,,,,,,2014,%
54368.0,71093.0,161446.0,2009년,인원,60501.0,27424.0,15698.0,103623.0,286907.0,390530.0,2014Q2,https://api.odcloud.kr/api/3051420/v1/uddi:2e0aee8a-3c5b-4fd2-abb9-ca26005ef5c3_201610261439,,,,,,2009,명
13.9,18.2,41.4,2009년,비율,15.5,7.0,4.0,26.5,73.5,100.0,2014Q2,https://api.odcloud.kr/api/3051420/v1/uddi:2e0aee8a-3c5b-4fd2-abb9-ca26005ef5c3_201610261439,,,,,,2009,%
46994.0,73833.0,195167.0,2010년,인원,92356.0,40296.0,17131.0,149783.0,315994.0,465777.0,2014Q2,https://api.odcloud.kr/api/3051420/v1/uddi:2e0aee8a-3c5b-4fd2-abb9-ca26005ef5c3_201610261439,,,,,,2010,명
10.1,15.8,41.9,2010년,비율,19.8,8.7,3.7,32.2,67.8,100.0,2014Q2,https://api.odcloud.kr/api/3051420/v1/uddi:2e0aee8a-3c5b-4fd2-abb9-ca26005ef5c3_201610261439,,,,,,2010,%
41326.0,72640.0,210446.0,2011년,인원,95890.0,42258.0,15886.0,154034.0,324412.0,478446.0,2014Q2,https://api.odcloud.kr/api/3051420/v1/uddi:2e0aee8a-3c5b-4fd2-abb9-ca26005ef5c3_201610261439,,,,,,2011,명
8.6,15.2,44.0,2011년,비율,20.1,8.8,3.3,32.2,67.8,100.0,2014Q2,https://api.odcloud.kr/api/3051420/v1/uddi:2e0aee8a-3c5b-4fd2-abb9-ca26005ef5c3_201610261439,,,,,,2011,%
38262.0,70619.0,232907.0,2012년,인원,93422.0,44754.0,15481.0,153657.0,341788.0,495445.0,2014Q2,https://api.odcloud.kr/api/3051420/v1/uddi:2e0aee8a-3c5b-4fd2-abb9-ca26005ef5c3_201610261439,,,,,,2012,명
7.7,14.3,47.0,2012년,비율,18.9,9.0,3.1,31.0,69.0,100.0,2014Q2,https://api.odcloud.kr/api/3051420/v1/uddi:2e0aee8a-3c5b-4fd2-abb9-ca26005ef5c3_201610261439,,,,,,2012,%
37283.0,71824.0,269386.0,2013년,인원,89731.0,52390.0,14714.0,156835.0,378493.0,535328.0,2014Q2,https://api.odcloud.kr/api/3051420/v1/uddi:2e0aee8a-3c5b-4fd2-abb9-ca26005ef5c3_201610261439,,,,,,2013,명
7.0,13.4,50.3,2013년,비율,16.8,9.8,2.7,29.3,70.7,100.0,2014Q2,https://api.odcloud.kr/api/3051420/v1/uddi:2e0aee8a-3c5b-4fd2-abb9-ca26005ef5c3_201610261439,,,,,,2013,%
37208.0,71998.0,284721.0,2014년2분기,인원,89207.0,57400.0,14247.0,160854.0,393927.0,554781.0,2014Q2,https://api.odcloud.kr/api/3051420/v1/uddi:2e0aee8a-3c5b-4fd2-abb9-ca26005ef5c3_201610261439,,,,,,2014,명
6.7,13.0,51.3,2014년2분기,비율,16.1,10.3,2.6,29.0,71.0,100.0,2014Q2,https://api.odcloud.kr/api/3051420/v1/uddi:2e0aee8a-3c5b-4fd2-abb9-ca26005ef5c3_201610261439,,,,,,2014,%
54368.0,71093.0,161446.0,,인원,60501.0,27424.0,15698.0,,,,2020,https://api.odcloud.kr/api/3051420/v1/uddi:5795bcf6-479d-4ce9-94a6-bec812b41e04,,,2009-01-01,,2009-12-31,,명
13.9,18.2,41.4,,비율,15.5,7.0,4.0,,,,2020,https://api.odcloud.kr/api/3051420/v1/uddi:5795bcf6-479d-4ce9-94a6-bec812b41e04,,,2009-01-01,,2009-12-31,,%
46994.0,73833.0,195167.0,,인원,92356.0,40296.0,17131.0,,,,2020,https://api.odcloud.kr/api/3051420/v1/uddi:5795bcf6-479d-4ce9-94a6-bec812b41e04,,,2010-01-01,,2010-12-31,,명
10.1,15.8,41.9,,비율,19.8,8.7,3.7,,,,2020,https://api.odcloud.kr/api/3051420/v1/uddi:5795bcf6-479d-4ce9-94a6-bec812b41e04,,,2010-01-01,,2010-12-31,,%
41326.0,72640.0,210446.0,,인원,95890.0,42258.0,15886.0,,,,2020,https://api.odcloud.kr/api/3051420/v1/uddi:5795bcf6-479d-4ce9-94a6-bec812b41e04,,,2011-01-01,,2011-12-31,,명
8.6,15.2,44.0,,비율,20.1,8.8,3.3,,,,2020,https://api.odcloud.kr/api/3051420/v1/uddi:5795bcf6-479d-4ce9-94a6-bec812b41e04,,,2011-01-01,,2011-12-31,,%
38262.0,70619.0,232907.0,,인원,93422.0,44754.0,15481.0,,,,2020,https://api.odcloud.kr/api/3051420/v1/uddi:5795bcf6-479d-4ce9-94a6-bec812b41e04,,,2012-01-01,,2012-12-31,,명
7.7,14.3,47.0,,비율,18.9,9.0,3.1,,,,2020,https://api.odcloud.kr/api/3051420/v1/uddi:5795bcf6-479d-4ce9-94a6-bec812b41e04,,,2012-01-01,,2012-12-31,,%
37283.0,71824.0,269386.0,,인원,89731.0,52390.0,14714.0,,,,2020,https://api.odcloud.kr/api/3051420/v1/uddi:5795bcf6-479d-4ce9-94a6-bec812b41e04,,,2013-01-01,,2013-12-31,,명
7.0,13.4,50.3,,비율,16.8,9.8,2.7,,,,2020,https://api.odcloud.kr/api/3051420/v1/uddi:5795bcf6-479d-4ce9-94a6-bec812b41e04,,,2013-01-01,,2013-12-31,,%
37655.0,72100.0,170329.0,,인원,85263.0,61209.0,14342.0,,,,2020,https://api.odcloud.kr/api/3051420/v1/uddi:5795bcf6-479d-4ce9-94a6-bec812b41e04,134032.0,10456.0,2014-01-01,,2014-12-31,,명
3.2,6.2,14.5,,비율,7.3,5.2,1.2,,,,2020,https://api.odcloud.kr/api/3051420/v1/uddi:5795bcf6-479d-4ce9-94a6-bec812b41e04,11.4,0.9,2014-01-01,,2014-12-31,,%
37921.0,71260.0,176336.0,,인원,82553.0,65949.0,14503.0,,,,2020,https://api.odcloud.kr/api/3051420/v1/uddi:5795bcf6-479d-4ce9-94a6-bec812b41e04,162763.0,19472.0,2015-01-01,,2015-12-31,,명
3.0,5.6,14.0,,비율,6.5,5.2,1.1,,,,2020,https://api.odcloud.kr/api/3051420/v1/uddi:5795bcf6-479d-4ce9-94a6-bec812b41e04,12.9,1.5,2015-01-01,,2015-12-31,,%
40917.0,74334.0,185800.0,,인원,78048.0,68715.0,14393.0,,,,2020,https://api.odcloud.kr/api/3051420/v1/uddi:5795bcf6-479d-4ce9-94a6-bec812b41e04,188888.0,29911.0,2016-01-01,,2016-12-31,,명
3.0,5.5,13.6,,비율,5.7,5.0,1.1,,,,2020,https://api.odcloud.kr/api/3051420/v1/uddi:5795bcf6-479d-4ce9-94a6-bec812b41e04,13.9,2.2,2016-01-01,,2016-12-31,,%
43382.0,79853.0,196167.0,,인원,77244.0,72491.0,14787.0,,,,2020,https://api.odcloud.kr/api/3051420/v1/uddi:5795bcf6-479d-4ce9-94a6-bec812b41e04,223884.0,42001.0,2017-01-01,,2017-12-31,,명
2.9,5.3,13.1,,비율,5.2,4.8,1.0,,,,2020,https://api.odcloud.kr/api/3051420/v1/uddi:5795bcf6-479d-4ce9-94a6-bec812b41e04,14.9,2.8,2017-01-01,,2017-12-31,,%
45111.0,84751.0,211098.0,,인원,77779.0,69529.0,13394.0,,,,2020,https://api.odcloud.kr/api/3051420/v1/uddi:5795bcf6-479d-4ce9-94a6-bec812b41e04,264681.0,53898.0,2018-01-01,11271.0,2018-12-31,,명
2.7,5.1,12.7,,비율,4.7,4.2,0.8,,,,2020,https://api.odcloud.kr/api/3051420/v1/uddi:5795bcf6-479d-4ce9-94a6-bec812b41e04,15.9,3.2,2018-01-01,0.7,2018-12-31,,%
44504.0,86678.0,226182.0,,인원,78462.0,64927.0,13408.0,,,,2020,https://api.odcloud.kr/api/3051420/v1/uddi:5795bcf6-479d-4ce9-94a6-bec812b41e04,325901.0,73294.0,2019-01-01,15647.0,2019-12-31,,명
2.4,4.7,12.2,,비율,4.2,3.5,0.7,,,,2020,https://api.odcloud.kr/api/3051420/v1/uddi:5795bcf6-479d-4ce9-94a6-bec812b41e04,17.5,3.9,2019-01-01,0.8,2019-12-31,,%
43385.0,84902.0,225195.0,,인원,79012.0,64066.0,13709.0,,,,2020,https://api.odcloud.kr/api/3051420/v1/uddi:5795bcf6-479d-4ce9-94a6-bec812b41e04,333339.0,76250.0,2020-01-01,15990.0,2020-03-31,,명
2.3,4.5,12.0,,비율,4.2,3.4,0.7,,,,2020,https://api.odcloud.kr/api/3051420/v1/uddi:5795bcf6-479d-4ce9-94a6-bec812b41e04,17.8,4.1,2020-01-01,0.9,2020-03-31,,%
42471.0,84968.0,228780.0,,인원,76442.0,61080.0,13613.0,,,,2020,https://api.odcloud.kr/api/3051420/v1/uddi:5795bcf6-479d-4ce9-94a6-bec812b41e04,348597.0,81313.0,2020-04-01,16503.0,2020-06-30,,명
2.2,4.5,12.0,,비율,4.0,3.2,0.7,,,,2020,https://api.odcloud.kr/api/3051420/v1/uddi:5795bcf6-479d-4ce9-94a6-bec812b41e04,18.3,4.3,2020-04-01,0.9,2020-06-30,,%
54368.0,71093.0,161446.0,2009년,인원,60501.0,27424.0,15698.0,103623.0,286907.0,390530.0,2021,https://api.odcloud.kr/api/3051420/v1/uddi:b48e683a-b31d-4750-afd7-ff8f04581180,0.0,0.0,,0.0,,2009,명
13.9,18.2,41.4,2009년,비율,15.5,7.0,4.0,26.5,73.5,100.0,2021,https://api.odcloud.kr/api/3051420/v1/uddi:b48e683a-b31d-4750-afd7-ff8f04581180,0.0,0.0,,0.0,,2009,%
46994.0,73833.0,195167.0,2010년,인원,92356.0,40296.0,17131.0,149783.0,315994.0,465777.0,2021,https://api.odcloud.kr/api/3051420/v1/uddi:b48e683a-b31d-4750-afd7-ff8f04581180,0.0,0.0,,0.0,,2010,명
10.1,15.8,41.9,2010년,비율,19.8,8.7,3.7,32.2,67.8,100.0,2021,https://api.odcloud.kr/api/3051420/v1/uddi:b48e683a-b31d-4750-afd7-ff8f04581180,0.0,0.0,,0.0,,2010,%
41326.0,72640.0,210446.0,2011년,인원,95890.0,42258.0,15886.0,154034.0,324412.0,478446.0,2021,https://api.odcloud.kr/api/3051420/v1/uddi:b48e683a-b31d-4750-afd7-ff8f04581180,0.0,0.0,,0.0,,2011,명
8.6,15.2,44.0,2011년,비율,20.1,8.8,3.3,32.2,67.8,100.0,2021,https://api.odcloud.kr/api/3051420/v1/uddi:b48e683a-b31d-4750-afd7-ff8f04581180,0.0,0.0,,0.0,,2011,%
38262.0,70619.0,232907.0,2012년,인원,93422.0,44754.0,15481.0,153657.0,341788.0,495445.0,2021,https://api.odcloud.kr/api/3051420/v1/uddi:b48e683a-b31d-4750-afd7-ff8f04581180,0.0,0.0,,0.0,,2012,명
7.7,14.3,47.0,2012년,비율,18.9,9.0,3.1,31.0,69.0,100.0,2021,https://api.odcloud.kr/api/3051420/v1/uddi:b48e683a-b31d-4750-afd7-ff8f04581180,0.0,0.0,,0.0,,2012,%
37283.0,71824.0,269386.0,2013년,인원,89731.0,52390.0,14714.0,156835.0,378493.0,535328.0,2021,https://api.odcloud.kr/api/3051420/v1/uddi:b48e683a-b31d-4750-afd7-ff8f04581180,0.0,0.0,,0.0,,2013,명
7.0,13.4,50.3,2013년,비율,16.8,9.8,2.7,29.3,70.7,100.0,2021,https://api.odcloud.kr/api/3051420/v1/uddi:b48e683a-b31d-4750-afd7-ff8f04581180,0.0,0.0,,0.0,,2013,%
37655.0,72100.0,170329.0,2014년,인원,85263.0,61209.0,14342.0,160814.0,424572.0,585386.0,2021,https://api.odcloud.kr/api/3051420/v1/uddi:b48e683a-b31d-4750-afd7-ff8f04581180,134032.0,10456.0,,0.0,,2014,명
6.4,12.3,29.1,2014년,비율,14.6,10.5,2.4,27.5,72.5,100.0,2021,https://api.odcloud.kr/api/3051420/v1/uddi:b48e683a-b31d-4750-afd7-ff8f04581180,22.9,1.8,,0.0,,2014,%
37921.0,71260.0,176336.0,2015년,인원,82553.0,65949.0,14503.0,163005.0,467752.0,630757.0,2021,https://api.odcloud.kr/api/3051420/v1/uddi:b48e683a-b31d-4750-afd7-ff8f04581180,162763.0,19472.0,,0.0,,2015,명
6.0,11.3,28.0,2015년,비율,13.1,10.5,2.3,25.8,74.2,100.0,2021,https://api.odcloud.kr/api/3051420/v1/uddi:b48e683a-b31d-4750-afd7-ff8f04581180,25.8,3.1,,0.0,,2015,%
40917.0,74334.0,185800.0,2016년,인원,78048.0,68715.0,14393.0,161156.0,519850.0,681006.0,2021,https://api.odcloud.kr/api/3051420/v1/uddi:b48e683a-b31d-4750-afd7-ff8f04581180,188888.0,29911.0,,0.0,,2016,명
6.0,10.9,27.3,2016년,비율,11.5,10.1,2.1,23.7,76.3,100.0,2021,https://api.odcloud.kr/api/3051420/v1/uddi:b48e683a-b31d-4750-afd7-ff8f04581180,27.7,4.4,,0.0,,2016,%
43382.0,79853.0,196167.0,2017년,인원,77244.0,72491.0,14787.0,164522.0,585287.0,749809.0,2021,https://api.odcloud.kr/api/3051420/v1/uddi:b48e683a-b31d-4750-afd7-ff8f04581180,223884.0,42001.0,,0.0,,2017,명
5.8,10.6,26.2,2017년,비율,10.3,9.7,2.0,21.9,78.1,100.0,2021,https://api.odcloud.kr/api/3051420/v1/uddi:b48e683a-b31d-4750-afd7-ff8f04581180,29.9,5.6,,0.0,,2017,%
45111.0,84751.0,211098.0,2018년,인원,77779.0,69529.0,13394.0,160702.0,670810.0,831512.0,2021,https://api.odcloud.kr/api/3051420/v1/uddi:b48e683a-b31d-4750-afd7-ff8f04581180,264681.0,53898.0,,11271.0,,2018,명
5.4,10.2,25.4,2018년,비율,9.4,8.4,1.6,19.3,80.7,100.0,2021,https://api.odcloud.kr/api/3051420/v1/uddi:b48e683a-b31d-4750-afd7-ff8f04581180,31.8,6.5,,1.4,,2018,%
44504.0,86678.0,226182.0,2019년,인원,78462.0,64927.0,13408.0,156797.0,772206.0,929003.0,2021,https://api.odcloud.kr/api/3051420/v1/uddi:b48e683a-b31d-4750-afd7-ff8f04581180,325901.0,73294.0,,15647.0,,2019,명
4.8,9.3,24.3,2019년,비율,8.4,7.0,1.4,16.9,83.1,100.0,2021,https://api.odcloud.kr/api/3051420/v1/uddi:b48e683a-b31d-4750-afd7-ff8f04581180,35.1,7.9,,1.7,,2019,%
43040.0,86998.0,238697.0,2020년,인원,76481.0,58659.0,14299.0,149439.0,857984.0,1007423.0,2021,https://api.odcloud.kr/api/3051420/v1/uddi:b48e683a-b31d-4750-afd7-ff8f04581180,378126.0,91960.0,,19163.0,,2020,명
4.3,8.6,23.7,2020년,비율,7.6,5.8,1.4,14.8,85.2,100.0,2021,https://api.odcloud.kr/api/3051420/v1/uddi:b48e683a-b31d-4750-afd7-ff8f04581180,37.5,9.1,,1.9,,2020,%
47800.0,92461.0,261047.0,2021년,인원,74838.0,53700.0,15413.0,143951.0,953511.0,1097462.0,2021,https://api.odcloud.kr/api/3051420/v1/uddi:b48e683a-b31d-4750-afd7-ff8f04581180,423595.0,106107.0,,22501.0,,2021,명
4.4,8.4,23.8,2021년,비율,6.8,4.9,1.4,13.1,86.9,100.0,2021,https://api.odcloud.kr/api/3051420/v1/uddi:b48e683a-b31d-4750-afd7-ff8f04581180,38.6,9.7,,2.1,,2021,%
54368.0,71093.0,161446.0,2009년,인원,60501.0,27424.0,15698.0,103623.0,286907.0,390530.0,2022,https://api.odcloud.kr/api/3051420/v1/uddi:10da3de0-090f-47bc-ba60-f0ebe0ccc794,0.0,0.0,,0.0,,2009,명
13.9,18.2,41.4,2009년,비율,15.5,7.0,4.0,26.5,73.5,100.0,2022,https://api.odcloud.kr/api/3051420/v1/uddi:10da3de0-090f-47bc-ba60-f0ebe0ccc794,0.0,0.0,,0.0,,2009,%
46994.0,73833.0,195167.0,2010년,인원,92356.0,40296.0,17131.0,149783.0,315994.0,465777.0,2022,https://api.odcloud.kr/api/3051420/v1/uddi:10da3de0-090f-47bc-ba60-f0ebe0ccc794,0.0,0.0,,0.0,,2010,명
10.1,15.8,41.9,2010년,비율,19.8,8.7,3.7,32.2,67.8,100.0,2022,https://api.odcloud.kr/api/3051420/v1/uddi:10da3de0-090f-47bc-ba60-f0ebe0ccc794,0.0,0.0,,0.0,,2010,%
41326.0,72640.0,210446.0,2011년,인원,95890.0,42258.0,15886.0,154034.0,324412.0,478446.0,2022,https://api.odcloud.kr/api/3051420/v1/uddi:10da3de0-090f-47bc-ba60-f0ebe0ccc794,0.0,0.0,,0.0,,2011,명
8.6,15.2,44.0,2011년,비율,20.1,8.8,3.3,32.2,67.8,100.0,2022,https://api.odcloud.kr/api/3051420/v1/uddi:10da3de0-090f-47bc-ba60-f0ebe0ccc794,0.0,0.0,,0.0,,2011,%
38262.0,70619.0,232907.0,2012년,인원,93422.0,44754.0,15481.0,153657.0,341788.0,495445.0,2022,https://api.odcloud.kr/api/3051420/v1/uddi:10da3de0-090f-47bc-ba60-f0ebe0ccc794,0.0,0.0,,0.0,,2012,명
7.7,14.3,47.0,2012년,비율,18.9,9.0,3.1,31.0,69.0,100.0,2022,https://api.odcloud.kr/api/3051420/v1/uddi:10da3de0-090f-47bc-ba60-f0ebe0ccc794,0.0,0.0,,0.0,,2012,%
37283.0,71824.0,269386.0,2013년,인원,89731.0,52390.0,14714.0,156835.0,378493.0,535328.0,2022,https://api.odcloud.kr/api/3051420/v1/uddi:10da3de0-090f-47bc-ba60-f0ebe0ccc794,0.0,0.0,,0.0,,2013,명
7.0,13.4,50.3,2013년,비율,16.8,9.8,2.7,29.3,70.7,100.0,2022,https://api.odcloud.kr/api/3051420/v1/uddi:10da3de0-090f-47bc-ba60-f0ebe0ccc794,0.0,0.0,,0.0,,2013,%
37655.0,72100.0,170329.0,2014년,인원,85263.0,61209.0,14342.0,160814.0,424572.0,585386.0,2022,https://api.odcloud.kr/api/3051420/v1/uddi:10da3de0-090f-47bc-ba60-f0ebe0ccc794,134032.0,10456.0,,0.0,,2014,명
6.4,12.3,29.1,2014년,비율,14.6,10.5,2.4,27.5,72.5,100.0,2022,https://api.odcloud.kr/api/3051420/v1/uddi:10da3de0-090f-47bc-ba60-f0ebe0ccc794,22.9,1.8,,0.0,,2014,%
37921.0,71260.0,176336.0,2015년,인원,82553.0,65949.0,14503.0,163005.0,467752.0,630757.0,2022,https://api.odcloud.kr/api/3051420/v1/uddi:10da3de0-090f-47bc-ba60-f0ebe0ccc794,162763.0,19472.0,,0.0,,2015,명
6.0,11.3,28.0,2015년,비율,13.1,10.5,2.3,25.8,74.2,100.0,2022,https://api.odcloud.kr/api/3051420/v1/uddi:10da3de0-090f-47bc-ba60-f0ebe0ccc794,25.8,3.1,,0.0,,2015,%
40917.0,74334.0,185800.0,2016년,인원,78048.0,68715.0,14393.0,161156.0,519850.0,681006.0,2022,https://api.odcloud.kr/api/3051420/v1/uddi:10da3de0-090f-47bc-ba60-f0ebe0ccc794,188888.0,29911.0,,0.0,,2016,명
6.0,10.9,27.3,2016년,비율,11.5,10.1,2.1,23.7,76.3,100.0,2022,https://api.odcloud.kr/api/3051420/v1/uddi:10da3de0-090f-47bc-ba60-f0ebe0ccc794,27.7,4.4,,0.0,,2016,%
43382.0,79853.0,196167.0,2017년,인원,77244.0,72491.0,14787.0,164522.0,585287.0,749809.0,2022,https://api.odcloud.kr/api/3051420/v1/uddi:10da3de0-090f-47bc-ba60-f0ebe0ccc794,223884.0,42001.0,,0.0,,2017,명
5.8,10.6,26.2,2017년,비율,10.3,9.7,2.0,21.9,78.1,100.0,2022,https://api.odcloud.kr/api/3051420/v1/uddi:10da3de0-090f-47bc-ba60-f0ebe0ccc794,29.9,5.6,,0.0,,2017,%
45111.0,84751.0,211098.0,2018년,인원,77779.0,69529.0,13394.0,160702.0,670810.0,831512.0,2022,https://api.odcloud.kr/api/3051420/v1/uddi:10da3de0-090f-47bc-ba60-f0ebe0ccc794,264681.0,53898.0,,11271.0,,2018,명
5.4,10.2,25.4,2018년,비율,9.4,8.4,1.6,19.3,80.7,100.0,2022,https://api.odcloud.kr/api/3051420/v1/uddi:10da3de0-090f-47bc-ba60-f0ebe0ccc794,31.8,6.5,,1.4,,2018,%
44504.0,86678.0,226182.0,2019년,인원,78462.0,64927.0,13408.0,156797.0,772206.0,929003.0,2022,https://api.odcloud.kr/api/3051420/v1/uddi:10da3de0-090f-47bc-ba60-f0ebe0ccc794,325901.0,73294.0,,15647.0,,2019,명
4.8,9.3,24.3,2019년,비율,8.4,7.0,1.4,16.9,83.1,100.0,2022,https://api.odcloud.kr/api/3051420/v1/uddi:10da3de0-090f-47bc-ba60-f0ebe0ccc794,35.1,7.9,,1.7,,2019,%
43040.0,86998.0,238697.0,2020년,인원,76481.0,58659.0,14299.0,149439.0,857984.0,1007423.0,2022,https://api.odcloud.kr/api/3051420/v1/uddi:10da3de0-090f-47bc-ba60-f0ebe0ccc794,378126.0,91960.0,,19163.0,,2020,명
4.3,8.6,23.7,2020년,비율,7.6,5.8,1.4,14.8,85.2,100.0,2022,https://api.odcloud.kr/api/3051420/v1/uddi:10da3de0-090f-47bc-ba60-f0ebe0ccc794,37.5,9.1,,1.9,,2020,%
47800.0,92461.0,261047.0,2021년,인원,74838.0,53700.0,15413.0,143951.0,953511.0,1097462.0,2022,https://api.odcloud.kr/api/3051420/v1/uddi:10da3de0-090f-47bc-ba60-f0ebe0ccc794,423595.0,106107.0,,22501.0,,2021,명
4.4,8.4,23.8,2021년,비율,6.8,4.9,1.4,13.1,86.9,100.0,2022,https://api.odcloud.kr/api/3051420/v1/uddi:10da3de0-090f-47bc-ba60-f0ebe0ccc794,38.6,9.7,,2.1,,2021,%
49946.0,94233.0,278520.0,2022년,인원,74878.0,50385.0,16457.0,141720.0,1019130.0,1160850.0,2022,https://api.odcloud.kr/api/3051420/v1/uddi:10da3de0-090f-47bc-ba60-f0ebe0ccc794,459316.0,113842.0,,23273.0,,2022,명
4.3,8.1,24.0,2022년,비율,6.5,4.3,1.4,12.2,87.8,100.0,2022,https://api.odcloud.kr/api/3051420/v1/uddi:10da3de0-090f-47bc-ba60-f0ebe0ccc794,39.6,9.8,,2.0,,2022,%
54368.0,71093.0,161446.0,2009년,인원,60501.0,27424.0,15698.0,103623.0,286907.0,390530.0,2023,https://api.odcloud.kr/api/3051420/v1/uddi:a400c1d4-2358-4c37-8494-c169018bfd86,0.0,0.0,,0.0,,2009,명
13.9,18.2,41.4,2009년,비율,15.5,7.0,4.0,26.5,73.5,100.0,2023,https://api.odcloud.kr/api/3051420/v1/uddi:a400c1d4-2358-4c37-8494-c169018bfd86,0.0,0.0,,0.0,,2009,%
46994.0,73833.0,195167.0,2010년,인원,92356.0,40296.0,17131.0,149783.0,315994.0,465777.0,2023,https://api.odcloud.kr/api/3051420/v1/uddi:a400c1d4-2358-4c37-8494-c169018bfd86,0.0,0.0,,0.0,,2010,명
10.1,15.8,41.9,2010년,비율,19.8,8.7,3.7,32.2,67.8,100.0,2023,https://api.odcloud.kr/api/3051420/v1/uddi:a400c1d4-2358-4c37-8494-c169018bfd86,0.0,0.0,,0.0,,2010,%
41326.0,72640.0,210446.0,2011년,인원,95890.0,42258.0,15886.0,154034.0,324412.0,478446.0,2023,https://api.odcloud.kr/api/3051420/v1/uddi:a400c1d4-2358-4c37-8494-c169018bfd86,0.0,0.0,,0.0,,2011,명
8.6,15.2,44.0,2011년,비율,20.1,8.8,3.3,32.2,67.8,100.0,2023,https://api.odcloud.kr/api/3051420/v1/uddi:a400c1d4-2358-4c37-8494-c169018bfd86,0.0,0.0,,0.0,,2011,%
38262.0,70619.0,232907.0,2012년,인원,93422.0,44754.0,15481.0,153657.0,341788.0,495445.0,2023,https://api.odcloud.kr/api/3051420/v1/uddi:a400c1d4-2358-4c37-8494-c169018bfd86,0.0,0.0,,0.0,,2012,명
7.7,14.3,47.0,2012년,비율,18.9,9.0,3.1,31.0,69.0,100.0,2023,https://api.odcloud.kr/api/3051420/v1/uddi:a400c1d4-2358-4c37-8494-c169018bfd86,0.0,0.0,,0.0,,2012,%
37283.0,71824.0,269386.0,2013년,인원,89731.0,52390.0,14714.0,156835.0,378493.0,535328.0,2023,https://api.odcloud.kr/api/3051420/v1/uddi:a400c1d4-2358-4c37-8494-c169018bfd86,0.0,0.0,,0.0,,2013,명
7.0,13.4,50.3,2013년,비율,16.8,9.8,2.7,29.3,70.7,100.0,2023,https://api.odcloud.kr/api/3051420/v1/uddi:a400c1d4-2358-4c37-8494-c169018bfd86,0.0,0.0,,0.0,,2013,%
37655.0,72100.0,170329.0,2014년,인원,85263.0,61209.0,14342.0,160814.0,424572.0,585386.0,2023,https://api.odcloud.kr/api/3051420/v1/uddi:a400c1d4-2358-4c37-8494-c169018bfd86,134032.0,10456.0,,0.0,,2014,명
6.4,12.3,29.1,2014년,비율,14.6,10.5,2.4,27.5,72.5,100.0,2023,https://api.odcloud.kr/api/3051420/v1/uddi:a400c1d4-2358-4c37-8494-c169018bfd86,22.9,1.8,,0.0,,2014,%
37921.0,71260.0,176336.0,2015년,인원,82553.0,65949.0,14503.0,163005.0,467752.0,630757.0,2023,https://api.odcloud.kr/api/3051420/v1/uddi:a400c1d4-2358-4c37-8494-c169018bfd86,162763.0,19472.0,,0.0,,2015,명
6.0,11.3,28.0,2015년,비율,13.1,10.5,2.3,25.8,74.2,100.0,2023,https://api.odcloud.kr/api/3051420/v1/uddi:a400c1d4-2358-4c37-8494-c169018bfd86,25.8,3.1,,0.0,,2015,%
40917.0,74334.0,185800.0,2016년,인원,78048.0,68715.0,14393.0,161156.0,519850.0,681006.0,2023,https://api.odcloud.kr/api/3051420/v1/uddi:a400c1d4-2358-4c37-8494-c169018bfd86,188888.0,29911.0,,0.0,,2016,명
6.0,10.9,27.3,2016년,비율,11.5,10.1,2.1,23.7,76.3,100.0,2023,https://api.odcloud.kr/api/3051420/v1/uddi:a400c1d4-2358-4c37-8494-c169018bfd86,27.7,4.4,,0.0,,2016,%
43382.0,79853.0,196167.0,2017년,인원,77244.0,72491.0,14787.0,164522.0,585287.0,749809.0,2023,https://api.odcloud.kr/api/3051420/v1/uddi:a400c1d4-2358-4c37-8494-c169018bfd86,223884.0,42001.0,,0.0,,2017,명
5.8,10.6,26.2,2017년,비율,10.3,9.7,2.0,21.9,78.1,100.0,2023,https://api.odcloud.kr/api/3051420/v1/uddi:a400c1d4-2358-4c37-8494-c169018bfd86,29.9,5.6,,0.0,,2017,%
45111.0,84751.0,211098.0,2018년,인원,77779.0,69529.0,13394.0,160702.0,670810.0,831512.0,2023,https://api.odcloud.kr/api/3051420/v1/uddi:a400c1d4-2358-4c37-8494-c169018bfd86,264681.0,53898.0,,11271.0,,2018,명
5.4,10.2,25.4,2018년,비율,9.4,8.4,1.6,19.3,80.7,100.0,2023,https://api.odcloud.kr/api/3051420/v1/uddi:a400c1d4-2358-4c37-8494-c169018bfd86,31.8,6.5,,1.4,,2018,%
44504.0,86678.0,226182.0,2019년,인원,78462.0,64927.0,13408.0,156797.0,772206.0,929003.0,2023,https://api.odcloud.kr/api/3051420/v1/uddi:a400c1d4-2358-4c37-8494-c169018bfd86,325901.0,73294.0,,15647.0,,2019,명
4.8,9.3,24.3,2019년,비율,8.4,7.0,1.4,16.9,83.1,100.0,2023,https://api.odcloud.kr/api/3051420/v1/uddi:a400c1d4-2358-4c37-8494-c169018bfd86,35.1,7.9,,1.7,,2019,%
43040.0,86998.0,238697.0,2020년,인원,76481.0,58659.0,14299.0,149439.0,857984.0,1007423.0,2023,https://api.odcloud.kr/api/3051420/v1/uddi:a400c1d4-2358-4c37-8494-c169018bfd86,378126.0,91960.0,,19163.0,,2020,명
4.3,8.6,23.7,2020년,비율,7.6,5.8,1.4,14.8,85.2,100.0,2023,https://api.odcloud.kr/api/3051420/v1/uddi:a400c1d4-2358-4c37-8494-c169018bfd86,37.5,9.1,,1.9,,2020,%
47800.0,92461.0,261047.0,2021년,인원,74838.0,53700.0,15413.0,143951.0,953511.0,1097462.0,2023,https://api.odcloud.kr/api/3051420/v1/uddi:a400c1d4-2358-4c37-8494-c169018bfd86,423595.0,106107.0,,22501.0,,2021,명
4.4,8.4,23.8,2021년,비율,6.8,4.9,1.4,13.1,86.9,100.0,2023,https://api.odcloud.kr/api/3051420/v1/uddi:a400c1d4-2358-4c37-8494-c169018bfd86,38.6,9.7,,2.1,,2021,%
49946.0,94233.0,278520.0,2022년,인원,74878.0,50385.0,16457.0,141720.0,1019130.0,1160850.0,2023,https://api.odcloud.kr/api/3051420/v1/uddi:a400c1d4-2358-4c37-8494-c169018bfd86,459316.0,113842.0,,23273.0,,2022,명
4.3,8.1,24.0,2022년,비율,6.5,4.3,1.4,12.2,87.8,100.0,2023,https://api.odcloud.kr/api/3051420/v1/uddi:a400c1d4-2358-4c37-8494-c169018bfd86,39.6,9.8,,2.0,,2022,%
52913.0,98015.0,297796.0,2023년,인원,75552.0,47410.0,17620.0,140582.0,1097913.0,1238495.0,2023,https://api.odcloud.kr/api/3051420/v1/uddi:a400c1d4-2358-4c37-8494-c169018bfd86,499584.0,123971.0,,25634.0,,2023,명
4.3,7.9,24.0,2023년,비율,6.1,3.8,1.4,11.4,88.6,100.0,2023,https://api.odcloud.kr/api/3051420/v1/uddi:a400c1d4-2358-4c37-8494-c169018bfd86,40.3,10.0,,2.1,,2023,%
54368.0,71093.0,161446.0,2009년,인원,60501.0,27424.0,15698.0,103623.0,286907.0,390530.0,2024,https://api.odcloud.kr/api/3051420/v1/uddi:76462a9a-5c61-4193-9b23-bd5ba862ade4,0.0,0.0,,0.0,,2009,명
13.9,18.2,41.4,2009년,비율,15.5,7.0,4.0,26.5,73.5,100.0,2024,https://api.odcloud.kr/api/3051420/v1/uddi:76462a9a-5c61-4193-9b23-bd5ba862ade4,0.0,0.0,,0.0,,2009,%
46994.0,73833.0,195167.0,2010년,인원,92356.0,40296.0,17131.0,149783.0,315994.0,465777.0,2024,https://api.odcloud.kr/api/3051420/v1/uddi:76462a9a-5c61-4193-9b23-bd5ba862ade4,0.0,0.0,,0.0,,2010,명
10.1,15.8,41.9,2010년,비율,19.8,8.7,3.7,32.2,67.8,100.0,2024,https://api.odcloud.kr/api/3051420/v1/uddi:76462a9a-5c61-4193-9b23-bd5ba862ade4,0.0,0.0,,0.0,,2010,%
41326.0,72640.0,210446.0,2011년,인원,95890.0,42258.0,15886.0,154034.0,324412.0,478446.0,2024,https://api.odcloud.kr/api/3051420/v1/uddi:76462a9a-5c61-4193-9b23-bd5ba862ade4,0.0,0.0,,0.0,,2011,명
8.6,15.2,44.0,2011년,비율,20.1,8.8,3.3,32.2,67.8,100.0,2024,https://api.odcloud.kr/api/3051420/v1/uddi:76462a9a-5c61-4193-9b23-bd5ba862ade4,0.0,0.0,,0.0,,2011,%
38262.0,70619.0,232907.0,2012년,인원,93422.0,44754.0,15481.0,153657.0,341788.0,495445.0,2024,https://api.odcloud.kr/api/3051420/v1/uddi:76462a9a-5c61-4193-9b23-bd5ba862ade4,0.0,0.0,,0.0,,2012,명
7.7,14.3,47.0,2012년,비율,18.9,9.0,3.1,31.0,69.0,100.0,2024,https://api.odcloud.kr/api/3051420/v1/uddi:76462a9a-5c61-4193-9b23-bd5ba862ade4,0.0,0.0,,0.0,,2012,%
37283.0,71824.0,269386.0,2013년,인원,89731.0,52390.0,14714.0,156835.0,378493.0,535328.0,2024,https://api.odcloud.kr/api/3051420/v1/uddi:76462a9a-5c61-4193-9b23-bd5ba862ade4,0.0,0.0,,0.0,,2013,명
7.0,13.4,50.3,2013년,비율,16.8,9.8,2.7,29.3,70.7,100.0,2024,https://api.odcloud.kr/api/3051420/v1/uddi:76462a9a-5c61-4193-9b23-bd5ba862ade4,0.0,0.0,,0.0,,2013,%
37655.0,72100.0,170329.0,2014년,인원,85263.0,61209.0,14342.0,160814.0,424572.0,585386.0,2024,https://api.odcloud.kr/api/3051420/v1/uddi:76462a9a-5c61-4193-9b23-bd5ba862ade4,134032.0,10456.0,,0.0,,2014,명
6.4,12.3,29.1,2014년,비율,14.6,10.5,2.4,27.5,72.5,100.0,2024,https://api.odcloud.kr/api/3051420/v1/uddi:76462a9a-5c61-4193-9b23-bd5ba862ade4,22.9,1.8,,0.0,,2014,%
37921.0,71260.0,176336.0,2015년,인원,82553.0,65949.0,14503.0,163005.0,467752.0,630757.0,2024,https://api.odcloud.kr/api/3051420/v1/uddi:76462a9a-5c61-4193-9b23-bd5ba862ade4,162763.0,19472.0,,0.0,,2015,명
6.0,11.3,28.0,2015년,비율,13.1,10.5,2.3,25.8,74.2,100.0,2024,https://api.odcloud.kr/api/3051420/v1/uddi:76462a9a-5c61-4193-9b23-bd5ba862ade4,25.8,3.1,,0.0,,2015,%
40917.0,74334.0,185800.0,2016년,인원,78048.0,68715.0,14393.0,161156.0,519850.0,681006.0,2024,https://api.odcloud.kr/api/3051420/v1/uddi:76462a9a-5c61-4193-9b23-bd5ba862ade4,188888.0,29911.0,,0.0,,2016,명
6.0,10.9,27.3,2016년,비율,11.5,10.1,2.1,23.7,76.3,100.0,2024,https://api.odcloud.kr/api/3051420/v1/uddi:76462a9a-5c61-4193-9b23-bd5ba862ade4,27.7,4.4,,0.0,,2016,%
43382.0,79853.0,196167.0,2017년,인원,77244.0,72491.0,14787.0,164522.0,585287.0,749809.0,2024,https://api.odcloud.kr/api/3051420/v1/uddi:76462a9a-5c61-4193-9b23-bd5ba862ade4,223884.0,42001.0,,0.0,,2017,명
5.8,10.6,26.2,2017년,비율,10.3,9.7,2.0,21.9,78.1,100.0,2024,https://api.odcloud.kr/api/3051420/v1/uddi:76462a9a-5c61-4193-9b23-bd5ba862ade4,29.9,5.6,,0.0,,2017,%
45111.0,84751.0,211098.0,2018년,인원,77779.0,69529.0,13394.0,160702.0,670810.0,831512.0,2024,https://api.odcloud.kr/api/3051420/v1/uddi:76462a9a-5c61-4193-9b23-bd5ba862ade4,264681.0,53898.0,,11271.0,,2018,명
5.4,10.2,25.4,2018년,비율,9.4,8.4,1.6,19.3,80.7,100.0,2024,https://api.odcloud.kr/api/3051420/v1/uddi:76462a9a-5c61-4193-9b23-bd5ba862ade4,31.8,6.5,,1.4,,2018,%
44504.0,86678.0,226182.0,2019년,인원,78462.0,64927.0,13408.0,156797.0,772206.0,929003.0,2024,https://api.odcloud.kr/api/3051420/v1/uddi:76462a9a-5c61-4193-9b23-bd5ba862ade4,325901.0,73294.0,,15647.0,,2019,명
4.8,9.3,24.3,2019년,비율,8.4,7.0,1.4,16.9,83.1,100.0,2024,https://api.odcloud.kr/api/3051420/v1/uddi:76462a9a-5c61-4193-9b23-bd5ba862ade4,35.1,7.9,,1.7,,2019,%
43040.0,86998.0,238697.0,2020년,인원,76481.0,58659.0,14299.0,149439.0,857984.0,1007423.0,2024,https://api.odcloud.kr/api/3051420/v1/uddi:76462a9a-5c61-4193-9b23-bd5ba862ade4,378126.0,91960.0,,19163.0,,2020,명
4.3,8.6,23.7,2020년,비율,7.6,5.8,1.4,14.8,85.2,100.0,2024,https://api.odcloud.kr/api/3051420/v1/uddi:76462a9a-5c61-4193-9b23-bd5ba862ade4,37.5,9.1,,1.9,,2020,%
47800.0,92461.0,261047.0,2021년,인원,74838.0,53700.0,15413.0,143951.0,953511.0,1097462.0,2024,https://api.odcloud.kr/api/3051420/v1/uddi:76462a9a-5c61-4193-9b23-bd5ba862ade4,423595.0,106107.0,,22501.0,,2021,명
4.4,8.4,23.8,2021년,비율,6.8,4.9,1.4,13.1,86.9,100.0,2024,https://api.odcloud.kr/api/3051420/v1/uddi:76462a9a-5c61-4193-9b23-bd5ba862ade4,38.6,9.7,,2.1,,2021,%
49946.0,94233.0,278520.0,2022년,인원,74878.0,50385.0,16457.0,141720.0,1019130.0,1160850.0,2024,https://api.odcloud.kr/api/3051420/v1/uddi:76462a9a-5c61-4193-9b23-bd5ba862ade4,459316.0,113842.0,,23273.0,,2022,명
4.3,8.1,24.0,2022년,비율,6.5,4.3,1.4,12.2,87.8,100.0,2024,https://api.odcloud.kr/api/3051420/v1/uddi:76462a9a-5c61-4193-9b23-bd5ba862ade4,39.6,9.8,,2.0,,2022,%
52913.0,98015.0,297796.0,2023년,인원,75552.0,47410.0,17620.0,140582.0,1097913.0,1238495.0,2024,https://api.odcloud.kr/api/3051420/v1/uddi:76462a9a-5c61-4193-9b23-bd5ba862ade4,499584.0,123971.0,,25634.0,,2023,명
4.3,7.9,24.0,2023년,비율,6.1,3.8,1.4,11.4,88.6,100.0,2024,https://api.odcloud.kr/api/3051420/v1/uddi:76462a9a-5c61-4193-9b23-bd5ba862ade4,40.3,10.0,,2.1,,2023,%
55340.0,99429.0,310717.0,2024년,인원,73943.0,43414.0,18682.0,136039.0,1165030.0,1301069.0,2024,https://api.odcloud.kr/api/3051420/v1/uddi:76462a9a-5c61-4193-9b23-bd5ba862ade4,536261.0,135448.0,,27835.0,,2024,명
4.3,7.6,23.9,2024년,비율,5.7,3.3,1.4,10.5,89.5,100.0,2024,https://api.odcloud.kr/api/3051420/v1/uddi:76462a9a-5c61-4193-9b23-bd5ba862ade4,41.2,10.4,,2.1,,2024,%
54368.0,71093.0,161446.0,2009년,인원,60501.0,27424.0,15698.0,103623.0,286907.0,390530.0,2025,https://api.odcloud.kr/api/3051420/v1/uddi:14eb2dec-3ad4-4278-b0a6-fdf135dee3ec,0.0,0.0,,0.0,,2009,명
13.9,18.2,41.4,2009년,비율,15.5,7.0,4.0,26.5,73.5,100.0,2025,https://api.odcloud.kr/api/3051420/v1/uddi:14eb2dec-3ad4-4278-b0a6-fdf135dee3ec,0.0,0.0,,0.0,,2009,%
46994.0,73833.0,195167.0,2010년,인원,92356.0,40296.0,17131.0,149783.0,315994.0,465777.0,2025,https://api.odcloud.kr/api/3051420/v1/uddi:14eb2dec-3ad4-4278-b0a6-fdf135dee3ec,0.0,0.0,,0.0,,2010,명
10.1,15.8,41.9,2010년,비율,19.8,8.7,3.7,32.2,67.8,100.0,2025,https://api.odcloud.kr/api/3051420/v1/uddi:14eb2dec-3ad4-4278-b0a6-fdf135dee3ec,0.0,0.0,,0.0,,2010,%
41326.0,72640.0,210446.0,2011년,인원,95890.0,42258.0,15886.0,154034.0,324412.0,478446.0,2025,https://api.odcloud.kr/api/3051420/v1/uddi:14eb2dec-3ad4-4278-b0a6-fdf135dee3ec,0.0,0.0,,0.0,,2011,명
8.6,15.2,44.0,2011년,비율,20.1,8.8,3.3,32.2,67.8,100.0,2025,https://api.odcloud.kr/api/3051420/v1/uddi:14eb2dec-3ad4-4278-b0a6-fdf135dee3ec,0.0,0.0,,0.0,,2011,%
38262.0,70619.0,232907.0,2012년,인원,93422.0,44754.0,15481.0,153657.0,341788.0,495445.0,2025,https://api.odcloud.kr/api/3051420/v1/uddi:14eb2dec-3ad4-4278-b0a6-fdf135dee3ec,0.0,0.0,,0.0,,2012,명
7.7,14.3,47.0,2012년,비율,18.9,9.0,3.1,31.0,69.0,100.0,2025,https://api.odcloud.kr/api/3051420/v1/uddi:14eb2dec-3ad4-4278-b0a6-fdf135dee3ec,0.0,0.0,,0.0,,2012,%
37283.0,71824.0,269386.0,2013년,인원,89731.0,52390.0,14714.0,156835.0,378493.0,535328.0,2025,https://api.odcloud.kr/api/3051420/v1/uddi:14eb2dec-3ad4-4278-b0a6-fdf135dee3ec,0.0,0.0,,0.0,,2013,명
7.0,13.4,50.3,2013년,비율,16.8,9.8,2.7,29.3,70.7,100.0,2025,https://api.odcloud.kr/api/3051420/v1/uddi:14eb2dec-3ad4-4278-b0a6-fdf135dee3ec,0.0,0.0,,0.0,,2013,%
37655.0,72100.0,170329.0,2014년,인원,85263.0,61209.0,14342.0,160814.0,424572.0,585386.0,2025,https://api.odcloud.kr/api/3051420/v1/uddi:14eb2dec-3ad4-4278-b0a6-fdf135dee3ec,134032.0,10456.0,,0.0,,2014,명
6.4,12.3,29.1,2014년,비율,14.6,10.5,2.4,27.5,72.5,100.0,2025,https://api.odcloud.kr/api/3051420/v1/uddi:14eb2dec-3ad4-4278-b0a6-fdf135dee3ec,22.9,1.8,,0.0,,2014,%
37921.0,71260.0,176336.0,2015년,인원,82553.0,65949.0,14503.0,163005.0,467752.0,630757.0,2025,https://api.odcloud.kr/api/3051420/v1/uddi:14eb2dec-3ad4-4278-b0a6-fdf135dee3ec,162763.0,19472.0,,0.0,,2015,명
6.0,11.3,28.0,2015년,비율,13.1,10.5,2.3,25.8,74.2,100.0,2025,https://api.odcloud.kr/api/3051420/v1/uddi:14eb2dec-3ad4-4278-b0a6-fdf135dee3ec,25.8,3.1,,0.0,,2015,%
40917.0,74334.0,185800.0,2016년,인원,78048.0,68715.0,14393.0,161156.0,519850.0,681006.0,2025,https://api.odcloud.kr/api/3051420/v1/uddi:14eb2dec-3ad4-4278-b0a6-fdf135dee3ec,188888.0,29911.0,,0.0,,2016,명
6.0,10.9,27.3,2016년,비율,11.5,10.1,2.1,23.7,76.3,100.0,2025,https://api.odcloud.kr/api/3051420/v1/uddi:14eb2dec-3ad4-4278-b0a6-fdf135dee3ec,27.7,4.4,,0.0,,2016,%
43382.0,79853.0,196167.0,2017년,인원,77244.0,72491.0,14787.0,164522.0,585287.0,749809.0,2025,https://api.odcloud.kr/api/3051420/v1/uddi:14eb2dec-3ad4-4278-b0a6-fdf135dee3ec,223884.0,42001.0,,0.0,,2017,명
5.8,10.6,26.2,2017년,비율,10.3,9.7,2.0,21.9,78.1,100.0,2025,https://api.odcloud.kr/api/3051420/v1/uddi:14eb2dec-3ad4-4278-b0a6-fdf135dee3ec,29.9,5.6,,0.0,,2017,%
45111.0,84751.0,211098.0,2018년,인원,77779.0,69529.0,13394.0,160702.0,670810.0,831512.0,2025,https://api.odcloud.kr/api/3051420/v1/uddi:14eb2dec-3ad4-4278-b0a6-fdf135dee3ec,264681.0,53898.0,,11271.0,,2018,명
5.4,10.2,25.4,2018년,비율,9.4,8.4,1.6,19.3,80.7,100.0,2025,https://api.odcloud.kr/api/3051420/v1/uddi:14eb2dec-3ad4-4278-b0a6-fdf135dee3ec,31.8,6.5,,1.4,,2018,%
44504.0,86678.0,226182.0,2019년,인원,78462.0,64927.0,13408.0,156797.0,772206.0,929003.0,2025,https://api.odcloud.kr/api/3051420/v1/uddi:14eb2dec-3ad4-4278-b0a6-fdf135dee3ec,325901.0,73294.0,,15647.0,,2019,명
4.8,9.3,24.3,2019년,비율,8.4,7.0,1.4,16.9,83.1,100.0,2025,https://api.odcloud.kr/api/3051420/v1/uddi:14eb2dec-3ad4-4278-b0a6-fdf135dee3ec,35.1,7.9,,1.7,,2019,%
43040.0,86998.0,238697.0,2020년,인원,76481.0,58659.0,14299.0,149439.0,857984.0,1007423.0,2025,https://api.odcloud.kr/api/3051420/v1/uddi:14eb2dec-3ad4-4278-b0a6-fdf135dee3ec,378126.0,91960.0,,19163.0,,2020,명
4.3,8.6,23.7,2020년,비율,7.6,5.8,1.4,14.8,85.2,100.0,2025,https://api.odcloud.kr/api/3051420/v1/uddi:14eb2dec-3ad4-4278-b0a6-fdf135dee3ec,37.5,9.1,,1.9,,2020,%
47800.0,92461.0,261047.0,2021년,인원,74838.0,53700.0,15413.0,143951.0,953511.0,1097462.0,2025,https://api.odcloud.kr/api/3051420/v1/uddi:14eb2dec-3ad4-4278-b0a6-fdf135dee3ec,423595.0,106107.0,,22501.0,,2021,명
4.4,8.4,23.8,2021년,비율,6.8,4.9,1.4,13.1,86.9,100.0,2025,https://api.odcloud.kr/api/3051420/v1/uddi:14eb2dec-3ad4-4278-b0a6-fdf135dee3ec,38.6,9.7,,2.1,,2021,%
49946.0,94233.0,278520.0,2022년,인원,74878.0,50385.0,16457.0,141720.0,1019130.0,1160850.0,2025,https://api.odcloud.kr/api/3051420/v1/uddi:14eb2dec-3ad4-4278-b0a6-fdf135dee3ec,459316.0,113842.0,,23273.0,,2022,명
4.3,8.1,24.0,2022년,비율,6.5,4.3,1.4,12.2,87.8,100.0,2025,https://api.odcloud.kr/api/3051420/v1/uddi:14eb2dec-3ad4-4278-b0a6-fdf135dee3ec,39.6,9.8,,2.0,,2022,%
52913.0,98015.0,297796.0,2023년,인원,75552.0,47410.0,17620.0,140582.0,1097913.0,1238495.0,2025,https://api.odcloud.kr/api/3051420/v1/uddi:14eb2dec-3ad4-4278-b0a6-fdf135dee3ec,499584.0,123971.0,,25634.0,,2023,명
4.3,7.9,24.0,2023년,비율,6.1,3.8,1.4,11.4,88.6,100.0,2025,https://api.odcloud.kr/api/3051420/v1/uddi:14eb2dec-3ad4-4278-b0a6-fdf135dee3ec,40.3,10.0,,2.1,,2023,%
55340.0,99429.0,310717.0,2024년,인원,73943.0,43414.0,18682.0,136039.0,1165030.0,1301069.0,2025,https://api.odcloud.kr/api/3051420/v1/uddi:14eb2dec-3ad4-4278-b0a6-fdf135dee3ec,536261.0,135448.0,,27835.0,,2024,명
4.3,7.6,23.9,2024년,비율,5.7,3.3,1.4,10.5,89.5,100.0,2025,https://api.odcloud.kr/api/3051420/v1/uddi:14eb2dec-3ad4-4278-b0a6-fdf135dee3ec,41.2,10.4,,2.1,,2024,%
54999.0,100686.0,325661.0,2025년,인원,74321.0,41117.0,20315.0,135753.0,1235045.0,1370798.0,2025,https://api.odcloud.kr/api/3051420/v1/uddi:14eb2dec-3ad4-4278-b0a6-fdf135dee3ec,577572.0,146088.0,,30039.0,,2025,명
4.0,7.3,23.8,2025년,비율,5.4,3.0,1.5,9.9,90.1,100.0,2025,https://api.odcloud.kr/api/3051420/v1/uddi:14eb2dec-3ad4-4278-b0a6-fdf135dee3ec,42.1,10.7,,2.2,,2025,%
