model,label,precision_weak,recall_weak,f1_weak,threshold,tp,fp,fn,tn
LogisticRegression,CLEANING_TASK,0.9850340136054422,0.9931412894375857,0.9890710382513661,0.35,724,11,5,234
LogisticRegression,CARE_TASK,0.9883720930232558,0.9770114942528736,0.9826589595375722,0.44999999999999996,85,1,2,886
LogisticRegression,DRIVING,1.0,0.9047619047619048,0.95,0.5499999999999999,57,0,6,911
LogisticRegression,FACILITY_MAINTENANCE,0.967741935483871,1.0,0.9836065573770492,0.5499999999999999,60,2,0,912
LogisticRegression,NIGHT_SHIFT,0.896551724137931,1.0,0.9454545454545454,0.39999999999999997,26,3,0,945
LogisticRegression,OFFICE_TASK,0.9473684210526315,1.0,0.972972972972973,0.35,18,1,0,955
LogisticRegression,WALKING,1.0,0.7692307692307693,0.8695652173913043,0.35,10,0,3,961
PyTorch_CharCNN,CLEANING_TASK,0.9986301369863013,1.0,0.9993145990404386,0.2,729,1,0,244
PyTorch_CharCNN,CARE_TASK,0.9885057471264368,0.9885057471264368,0.9885057471264368,0.44999999999999996,86,1,1,886
PyTorch_CharCNN,DRIVING,1.0,1.0,1.0,0.2,63,0,0,911
PyTorch_CharCNN,FACILITY_MAINTENANCE,0.967741935483871,1.0,0.9836065573770492,0.39999999999999997,60,2,0,912
PyTorch_CharCNN,NIGHT_SHIFT,1.0,1.0,1.0,0.7,26,0,0,948
PyTorch_CharCNN,OFFICE_TASK,0.8181818181818182,1.0,0.9,0.2,18,4,0,952
PyTorch_CharCNN,WALKING,0.9230769230769231,0.9230769230769231,0.9230769230769231,0.2,12,1,1,960
