2004년 재해자수,2005년 재해자수,2006년 재해자수,2007년 재해자수,2008년 재해자수,2009년 재해자수,2010년 재해자수,2011년 재해자수,2012년 재해자수,2013년 재해자수,2014년 재해자수,2015년 재해자수,2016년 재해자수,2017년 재해자수,2018년 재해자수,2019년 재해자수,2020년 재해자수,구분,source_period,source_endpoint,2004,2005,2006,2007,2008,2009,2010,2011,2012,2013,2014,2015,2016,2017,2018,2019,2020,2021,2021년 재해자수,2022년 재해자수,2023년 재해자수,2024년 재해자수,2025년 재해자수
53.0,62.0,96.0,123.0,186.0,151.0,182.0,171.0,129.0,100.0,94.0,94.0,79.0,61.0,41.0,33.0,21.0,18세 미만,2020,https://api.odcloud.kr/api/15064486/v1/uddi:3d1647ed-bc3e-4c9c-8422-c36c72dbbd21,,,,,,,,,,,,,,,,,,,,,,,
4037.0,3693.0,3695.0,3474.0,3475.0,3684.0,3773.0,3426.0,3376.0,3391.0,3659.0,3618.0,3669.0,3593.0,4013.0,4191.0,3994.0,18세 ~ 24세,2020,https://api.odcloud.kr/api/15064486/v1/uddi:3d1647ed-bc3e-4c9c-8422-c36c72dbbd21,,,,,,,,,,,,,,,,,,,,,,,
8188.0,8288.0,8689.0,8304.0,8292.0,7526.0,6552.0,5561.0,5031.0,4642.0,4679.0,4656.0,4920.0,5108.0,6127.0,6942.0,7094.0,25세 ~ 29세,2020,https://api.odcloud.kr/api/15064486/v1/uddi:3d1647ed-bc3e-4c9c-8422-c36c72dbbd21,,,,,,,,,,,,,,,,,,,,,,,
10552.0,9637.0,9615.0,8982.0,9330.0,8905.0,8618.0,7775.0,7604.0,6847.0,6370.0,5631.0,5369.0,5018.0,5798.0,6415.0,6493.0,30세 ~ 34세,2020,https://api.odcloud.kr/api/15064486/v1/uddi:3d1647ed-bc3e-4c9c-8422-c36c72dbbd21,,,,,,,,,,,,,,,,,,,,,,,
12052.0,11576.0,11718.0,11355.0,11516.0,10613.0,9933.0,8690.0,7983.0,7368.0,7253.0,6871.0,6785.0,6315.0,7256.0,7433.0,7222.0,35세 ~ 39세,2020,https://api.odcloud.kr/api/15064486/v1/uddi:3d1647ed-bc3e-4c9c-8422-c36c72dbbd21,,,,,,,,,,,,,,,,,,,,,,,
13341.0,12099.0,12358.0,12271.0,13020.0,12650.0,12583.0,11256.0,10778.0,9949.0,9226.0,8411.0,7828.0,7029.0,7929.0,8585.0,8675.0,40세 ~ 44세,2020,https://api.odcloud.kr/api/15064486/v1/uddi:3d1647ed-bc3e-4c9c-8422-c36c72dbbd21,,,,,,,,,,,,,,,,,,,,,,,
13287.0,13278.0,14299.0,14119.0,14889.0,14349.0,14406.0,13172.0,12567.0,12238.0,11918.0,11296.0,10754.0,10169.0,11173.0,11292.0,10620.0,45세 ~ 49세,2020,https://api.odcloud.kr/api/15064486/v1/uddi:3d1647ed-bc3e-4c9c-8422-c36c72dbbd21,,,,,,,,,,,,,,,,,,,,,,,
10013.0,10236.0,11363.0,12386.0,14015.0,14942.0,15976.0,15694.0,15663.0,15473.0,14487.0,13803.0,13287.0,12670.0,14081.0,14813.0,14215.0,50세 ~ 54세,2020,https://api.odcloud.kr/api/15064486/v1/uddi:3d1647ed-bc3e-4c9c-8422-c36c72dbbd21,,,,,,,,,,,,,,,,,,,,,,,
8023.0,7718.0,8582.0,8826.0,9566.0,11131.0,12349.0,12649.0,13586.0,14478.0,14810.0,15717.0,15923.0,15571.0,17463.0,17876.0,16842.0,55세 ~ 59세,2020,https://api.odcloud.kr/api/15064486/v1/uddi:3d1647ed-bc3e-4c9c-8422-c36c72dbbd21,,,,,,,,,,,,,,,,,,,,,,,
5462.0,4994.0,5097.0,5482.0,6360.0,7385.0,7807.0,8144.0,8266.0,9056.0,9733.0,10809.0,11909.0,13053.0,15419.0,16936.0,17026.0,60세 ~ 64세,2020,https://api.odcloud.kr/api/15064486/v1/uddi:3d1647ed-bc3e-4c9c-8422-c36c72dbbd21,,,,,,,,,,,,,,,,,,,,,,,
2782.0,2714.0,3056.0,3350.0,3569.0,4143.0,4095.0,4210.0,4439.0,5053.0,5445.0,5709.0,6312.0,6842.0,7862.0,9001.0,9656.0,65세 ~ 69세,2020,https://api.odcloud.kr/api/15064486/v1/uddi:3d1647ed-bc3e-4c9c-8422-c36c72dbbd21,,,,,,,,,,,,,,,,,,,,,,,
773.0,773.0,929.0,1073.0,1226.0,1745.0,1782.0,1915.0,2162.0,2423.0,2263.0,2374.0,2610.0,3003.0,3513.0,3873.0,4232.0,70세 ~ 74세,2020,https://api.odcloud.kr/api/15064486/v1/uddi:3d1647ed-bc3e-4c9c-8422-c36c72dbbd21,,,,,,,,,,,,,,,,,,,,,,,
149.0,174.0,205.0,215.0,280.0,475.0,489.0,507.0,556.0,656.0,754.0,881.0,980.0,1161.0,1293.0,1453.0,1699.0,75세 ~ 79세,2020,https://api.odcloud.kr/api/15064486/v1/uddi:3d1647ed-bc3e-4c9c-8422-c36c72dbbd21,,,,,,,,,,,,,,,,,,,,,,,
49.0,55.0,60.0,86.0,82.0,117.0,100.0,122.0,111.0,150.0,217.0,243.0,224.0,255.0,337.0,398.0,590.0,80세 이상,2020,https://api.odcloud.kr/api/15064486/v1/uddi:3d1647ed-bc3e-4c9c-8422-c36c72dbbd21,,,,,,,,,,,,,,,,,,,,,,,
113.0,114.0,148.0,101.0,0.0,5.0,0.0,0.0,5.0,0.0,1.0,16.0,7.0,0.0,0.0,1.0,0.0,분류불능,2020,https://api.odcloud.kr/api/15064486/v1/uddi:3d1647ed-bc3e-4c9c-8422-c36c72dbbd21,,,,,,,,,,,,,,,,,,,,,,,
,,,,,,,,,,,,,,,,,18세 미만,2021,https://api.odcloud.kr/api/15064486/v1/uddi:f2304b91-8dbb-412e-bc26-911d27a5efb4,53.0,62.0,96.0,123.0,186.0,151.0,182.0,171.0,129.0,100.0,94.0,94.0,79.0,61.0,41.0,33.0,21.0,26.0,,,,,
,,,,,,,,,,,,,,,,,18세 ~ 24세,2021,https://api.odcloud.kr/api/15064486/v1/uddi:f2304b91-8dbb-412e-bc26-911d27a5efb4,4037.0,3693.0,3695.0,3474.0,3475.0,3684.0,3773.0,3426.0,3376.0,3391.0,3659.0,3618.0,3669.0,3593.0,4013.0,4191.0,3994.0,4077.0,,,,,
,,,,,,,,,,,,,,,,,25세 ~ 29세,2021,https://api.odcloud.kr/api/15064486/v1/uddi:f2304b91-8dbb-412e-bc26-911d27a5efb4,8188.0,8288.0,8689.0,8304.0,8292.0,7526.0,6552.0,5561.0,5031.0,4642.0,4679.0,4656.0,4920.0,5108.0,6127.0,6942.0,7094.0,7695.0,,,,,
,,,,,,,,,,,,,,,,,30세 ~ 34세,2021,https://api.odcloud.kr/api/15064486/v1/uddi:f2304b91-8dbb-412e-bc26-911d27a5efb4,10552.0,9637.0,9615.0,8982.0,9330.0,8905.0,8618.0,7775.0,7604.0,6847.0,6370.0,5631.0,5369.0,5018.0,5798.0,6415.0,6493.0,7823.0,,,,,
,,,,,,,,,,,,,,,,,35세 ~ 39세,2021,https://api.odcloud.kr/api/15064486/v1/uddi:f2304b91-8dbb-412e-bc26-911d27a5efb4,12052.0,11576.0,11718.0,11355.0,11516.0,10613.0,9933.0,8690.0,7983.0,7368.0,7253.0,6871.0,6785.0,6315.0,7256.0,7433.0,7222.0,7869.0,,,,,
,,,,,,,,,,,,,,,,,40세 ~ 44세,2021,https://api.odcloud.kr/api/15064486/v1/uddi:f2304b91-8dbb-412e-bc26-911d27a5efb4,13341.0,12099.0,12358.0,12271.0,13020.0,12650.0,12583.0,11256.0,10778.0,9949.0,9226.0,8411.0,7828.0,7029.0,7929.0,8585.0,8675.0,10113.0,,,,,
,,,,,,,,,,,,,,,,,45세 ~ 49세,2021,https://api.odcloud.kr/api/15064486/v1/uddi:f2304b91-8dbb-412e-bc26-911d27a5efb4,13287.0,13278.0,14299.0,14119.0,14889.0,14349.0,14406.0,13172.0,12567.0,12238.0,11918.0,11296.0,10754.0,10169.0,11173.0,11292.0,10620.0,11306.0,,,,,
,,,,,,,,,,,,,,,,,50세 ~ 54세,2021,https://api.odcloud.kr/api/15064486/v1/uddi:f2304b91-8dbb-412e-bc26-911d27a5efb4,10013.0,10236.0,11363.0,12386.0,14015.0,14942.0,15976.0,15694.0,15663.0,15473.0,14487.0,13803.0,13287.0,12670.0,14081.0,14813.0,14215.0,15619.0,,,,,
,,,,,,,,,,,,,,,,,55세 ~ 59세,2021,https://api.odcloud.kr/api/15064486/v1/uddi:f2304b91-8dbb-412e-bc26-911d27a5efb4,8023.0,7718.0,8582.0,8826.0,9566.0,11131.0,12349.0,12649.0,13586.0,14478.0,14810.0,15717.0,15923.0,15571.0,17463.0,17876.0,16842.0,17898.0,,,,,
,,,,,,,,,,,,,,,,,60세 ~ 64세,2021,https://api.odcloud.kr/api/15064486/v1/uddi:f2304b91-8dbb-412e-bc26-911d27a5efb4,5462.0,4994.0,5097.0,5482.0,6360.0,7385.0,7807.0,8144.0,8266.0,9056.0,9733.0,10809.0,11909.0,13053.0,15419.0,16936.0,17026.0,19642.0,,,,,
,,,,,,,,,,,,,,,,,65세 ~ 69세,2021,https://api.odcloud.kr/api/15064486/v1/uddi:f2304b91-8dbb-412e-bc26-911d27a5efb4,2782.0,2714.0,3056.0,3350.0,3569.0,4143.0,4095.0,4210.0,4439.0,5053.0,5445.0,5709.0,6312.0,6842.0,7862.0,9001.0,9656.0,12036.0,,,,,
,,,,,,,,,,,,,,,,,70세 ~ 74세,2021,https://api.odcloud.kr/api/15064486/v1/uddi:f2304b91-8dbb-412e-bc26-911d27a5efb4,773.0,773.0,929.0,1073.0,1226.0,1745.0,1782.0,1915.0,2162.0,2423.0,2263.0,2374.0,2610.0,3003.0,3513.0,3873.0,4232.0,5511.0,,,,,
,,,,,,,,,,,,,,,,,75세 ~ 79세,2021,https://api.odcloud.kr/api/15064486/v1/uddi:f2304b91-8dbb-412e-bc26-911d27a5efb4,149.0,174.0,205.0,215.0,280.0,475.0,489.0,507.0,556.0,656.0,754.0,881.0,980.0,1161.0,1293.0,1453.0,1699.0,2192.0,,,,,
,,,,,,,,,,,,,,,,,80세 이상,2021,https://api.odcloud.kr/api/15064486/v1/uddi:f2304b91-8dbb-412e-bc26-911d27a5efb4,49.0,55.0,60.0,86.0,82.0,117.0,100.0,122.0,111.0,150.0,217.0,243.0,224.0,255.0,337.0,398.0,590.0,906.0,,,,,
,,,,,,,,,,,,,,,,,분류불능,2021,https://api.odcloud.kr/api/15064486/v1/uddi:f2304b91-8dbb-412e-bc26-911d27a5efb4,113.0,114.0,148.0,101.0,0.0,5.0,0.0,0.0,5.0,0.0,1.0,16.0,7.0,0.0,0.0,1.0,0.0,0.0,,,,,
53.0,62.0,96.0,123.0,186.0,151.0,182.0,171.0,129.0,100.0,94.0,94.0,79.0,61.0,41.0,33.0,21.0,18세 미만,2022,https://api.odcloud.kr/api/15064486/v1/uddi:d1484fb9-a10a-46e7-9bbf-f4743d8bf90e,,,,,,,,,,,,,,,,,,,26.0,38.0,,,
4037.0,3693.0,3695.0,3474.0,3475.0,3684.0,3773.0,3426.0,3376.0,3391.0,3659.0,3618.0,3669.0,3593.0,4013.0,4191.0,3994.0,18세 ~ 24세,2022,https://api.odcloud.kr/api/15064486/v1/uddi:d1484fb9-a10a-46e7-9bbf-f4743d8bf90e,,,,,,,,,,,,,,,,,,,4077.0,4261.0,,,
8188.0,8288.0,8689.0,8304.0,8292.0,7526.0,6552.0,5561.0,5031.0,4642.0,4679.0,4656.0,4920.0,5108.0,6127.0,6942.0,7094.0,25세 ~ 29세,2022,https://api.odcloud.kr/api/15064486/v1/uddi:d1484fb9-a10a-46e7-9bbf-f4743d8bf90e,,,,,,,,,,,,,,,,,,,7695.0,7608.0,,,
10552.0,9637.0,9615.0,8982.0,9330.0,8905.0,8618.0,7775.0,7604.0,6847.0,6370.0,5631.0,5369.0,5018.0,5798.0,6415.0,6493.0,30세 ~ 34세,2022,https://api.odcloud.kr/api/15064486/v1/uddi:d1484fb9-a10a-46e7-9bbf-f4743d8bf90e,,,,,,,,,,,,,,,,,,,7823.0,8378.0,,,
12052.0,11576.0,11718.0,11355.0,11516.0,10613.0,9933.0,8690.0,7983.0,7368.0,7253.0,6871.0,6785.0,6315.0,7256.0,7433.0,7222.0,35세 ~ 39세,2022,https://api.odcloud.kr/api/15064486/v1/uddi:d1484fb9-a10a-46e7-9bbf-f4743d8bf90e,,,,,,,,,,,,,,,,,,,7869.0,7805.0,,,
13341.0,12099.0,12358.0,12271.0,13020.0,12650.0,12583.0,11256.0,10778.0,9949.0,9226.0,8411.0,7828.0,7029.0,7929.0,8585.0,8675.0,40세 ~ 44세,2022,https://api.odcloud.kr/api/15064486/v1/uddi:d1484fb9-a10a-46e7-9bbf-f4743d8bf90e,,,,,,,,,,,,,,,,,,,10113.0,10782.0,,,
13287.0,13278.0,14299.0,14119.0,14889.0,14349.0,14406.0,13172.0,12567.0,12238.0,11918.0,11296.0,10754.0,10169.0,11173.0,11292.0,10620.0,45세 ~ 49세,2022,https://api.odcloud.kr/api/15064486/v1/uddi:d1484fb9-a10a-46e7-9bbf-f4743d8bf90e,,,,,,,,,,,,,,,,,,,11306.0,11369.0,,,
10013.0,10236.0,11363.0,12386.0,14015.0,14942.0,15976.0,15694.0,15663.0,15473.0,14487.0,13803.0,13287.0,12670.0,14081.0,14813.0,14215.0,50세 ~ 54세,2022,https://api.odcloud.kr/api/15064486/v1/uddi:d1484fb9-a10a-46e7-9bbf-f4743d8bf90e,,,,,,,,,,,,,,,,,,,15619.0,16111.0,,,
8023.0,7718.0,8582.0,8826.0,9566.0,11131.0,12349.0,12649.0,13586.0,14478.0,14810.0,15717.0,15923.0,15571.0,17463.0,17876.0,16842.0,55세 ~ 59세,2022,https://api.odcloud.kr/api/15064486/v1/uddi:d1484fb9-a10a-46e7-9bbf-f4743d8bf90e,,,,,,,,,,,,,,,,,,,17898.0,18664.0,,,
9215.0,8710.0,9347.0,10206.0,11517.0,13865.0,14273.0,14898.0,15534.0,17338.0,18412.0,20016.0,22035.0,24314.0,28424.0,31661.0,33203.0,60세 이상,2022,https://api.odcloud.kr/api/15064486/v1/uddi:d1484fb9-a10a-46e7-9bbf-f4743d8bf90e,,,,,,,,,,,,,,,,,,,40287.0,45332.0,,,
113.0,114.0,148.0,101.0,0.0,5.0,0.0,0.0,5.0,0.0,1.0,16.0,7.0,0.0,0.0,1.0,0.0,분류불능,2022,https://api.odcloud.kr/api/15064486/v1/uddi:d1484fb9-a10a-46e7-9bbf-f4743d8bf90e,,,,,,,,,,,,,,,,,,,0.0,0.0,,,
53.0,62.0,96.0,123.0,186.0,151.0,182.0,171.0,129.0,100.0,94.0,94.0,79.0,61.0,41.0,33.0,21.0,18세 미만,2023,https://api.odcloud.kr/api/15064486/v1/uddi:9f23f275-d0e6-484e-b353-e2f6c18c34b3,,,,,,,,,,,,,,,,,,,26.0,38.0,45.0,,
4037.0,3693.0,3695.0,3474.0,3475.0,3684.0,3773.0,3426.0,3376.0,3391.0,3659.0,3618.0,3669.0,3593.0,4013.0,4191.0,3994.0,18세 ~ 24세,2023,https://api.odcloud.kr/api/15064486/v1/uddi:9f23f275-d0e6-484e-b353-e2f6c18c34b3,,,,,,,,,,,,,,,,,,,4077.0,4261.0,4137.0,,
8188.0,8288.0,8689.0,8304.0,8292.0,7526.0,6552.0,5561.0,5031.0,4642.0,4679.0,4656.0,4920.0,5108.0,6127.0,6942.0,7094.0,25세 ~ 29세,2023,https://api.odcloud.kr/api/15064486/v1/uddi:9f23f275-d0e6-484e-b353-e2f6c18c34b3,,,,,,,,,,,,,,,,,,,7695.0,7608.0,7986.0,,
10552.0,9637.0,9615.0,8982.0,9330.0,8905.0,8618.0,7775.0,7604.0,6847.0,6370.0,5631.0,5369.0,5018.0,5798.0,6415.0,6493.0,30세 ~ 34세,2023,https://api.odcloud.kr/api/15064486/v1/uddi:9f23f275-d0e6-484e-b353-e2f6c18c34b3,,,,,,,,,,,,,,,,,,,7823.0,8378.0,8978.0,,
12052.0,11576.0,11718.0,11355.0,11516.0,10613.0,9933.0,8690.0,7983.0,7368.0,7253.0,6871.0,6785.0,6315.0,7256.0,7433.0,7222.0,35세 ~ 39세,2023,https://api.odcloud.kr/api/15064486/v1/uddi:9f23f275-d0e6-484e-b353-e2f6c18c34b3,,,,,,,,,,,,,,,,,,,7869.0,7805.0,8269.0,,
13341.0,12099.0,12358.0,12271.0,13020.0,12650.0,12583.0,11256.0,10778.0,9949.0,9226.0,8411.0,7828.0,7029.0,7929.0,8585.0,8675.0,40세 ~ 44세,2023,https://api.odcloud.kr/api/15064486/v1/uddi:9f23f275-d0e6-484e-b353-e2f6c18c34b3,,,,,,,,,,,,,,,,,,,10113.0,10782.0,10919.0,,
13287.0,13278.0,14299.0,14119.0,14889.0,14349.0,14406.0,13172.0,12567.0,12238.0,11918.0,11296.0,10754.0,10169.0,11173.0,11292.0,10620.0,45세 ~ 49세,2023,https://api.odcloud.kr/api/15064486/v1/uddi:9f23f275-d0e6-484e-b353-e2f6c18c34b3,,,,,,,,,,,,,,,,,,,11306.0,11369.0,11633.0,,
10013.0,10236.0,11363.0,12386.0,14015.0,14942.0,15976.0,15694.0,15663.0,15473.0,14487.0,13803.0,13287.0,12670.0,14081.0,14813.0,14215.0,50세 ~ 54세,2023,https://api.odcloud.kr/api/15064486/v1/uddi:9f23f275-d0e6-484e-b353-e2f6c18c34b3,,,,,,,,,,,,,,,,,,,15619.0,16111.0,15922.0,,
8023.0,7718.0,8582.0,8826.0,9566.0,11131.0,12349.0,12649.0,13586.0,14478.0,14810.0,15717.0,15923.0,15571.0,17463.0,17876.0,16842.0,55세 ~ 59세,2023,https://api.odcloud.kr/api/15064486/v1/uddi:9f23f275-d0e6-484e-b353-e2f6c18c34b3,,,,,,,,,,,,,,,,,,,17898.0,18664.0,19338.0,,
9215.0,8710.0,9347.0,10206.0,11517.0,13865.0,14273.0,14898.0,15534.0,17338.0,18412.0,20016.0,22035.0,24314.0,28424.0,31661.0,33203.0,60세 이상,2023,https://api.odcloud.kr/api/15064486/v1/uddi:9f23f275-d0e6-484e-b353-e2f6c18c34b3,,,,,,,,,,,,,,,,,,,40287.0,45332.0,49569.0,,
113.0,114.0,148.0,101.0,0.0,5.0,0.0,0.0,5.0,0.0,1.0,16.0,7.0,0.0,0.0,1.0,0.0,분류불능,2023,https://api.odcloud.kr/api/15064486/v1/uddi:9f23f275-d0e6-484e-b353-e2f6c18c34b3,,,,,,,,,,,,,,,,,,,0.0,0.0,0.0,,
53.0,62.0,96.0,123.0,186.0,151.0,182.0,171.0,129.0,100.0,94.0,94.0,79.0,61.0,41.0,33.0,21.0,18세 미만,2024,https://api.odcloud.kr/api/15064486/v1/uddi:ea441150-2e3a-4cf5-8649-9c9fd636d716,,,,,,,,,,,,,,,,,,,26.0,38.0,45.0,59.0,
4037.0,3693.0,3695.0,3474.0,3475.0,3684.0,3773.0,3426.0,3376.0,3391.0,3659.0,3618.0,3669.0,3593.0,4013.0,4191.0,3994.0,18세 ~ 24세,2024,https://api.odcloud.kr/api/15064486/v1/uddi:ea441150-2e3a-4cf5-8649-9c9fd636d716,,,,,,,,,,,,,,,,,,,4077.0,4261.0,4137.0,3835.0,
8188.0,8288.0,8689.0,8304.0,8292.0,7526.0,6552.0,5561.0,5031.0,4642.0,4679.0,4656.0,4920.0,5108.0,6127.0,6942.0,7094.0,25세 ~ 29세,2024,https://api.odcloud.kr/api/15064486/v1/uddi:ea441150-2e3a-4cf5-8649-9c9fd636d716,,,,,,,,,,,,,,,,,,,7695.0,7608.0,7986.0,7909.0,
10552.0,9637.0,9615.0,8982.0,9330.0,8905.0,8618.0,7775.0,7604.0,6847.0,6370.0,5631.0,5369.0,5018.0,5798.0,6415.0,6493.0,30세 ~ 34세,2024,https://api.odcloud.kr/api/15064486/v1/uddi:ea441150-2e3a-4cf5-8649-9c9fd636d716,,,,,,,,,,,,,,,,,,,7823.0,8378.0,8978.0,9326.0,
12052.0,11576.0,11718.0,11355.0,11516.0,10613.0,9933.0,8690.0,7983.0,7368.0,7253.0,6871.0,6785.0,6315.0,7256.0,7433.0,7222.0,35세 ~ 39세,2024,https://api.odcloud.kr/api/15064486/v1/uddi:ea441150-2e3a-4cf5-8649-9c9fd636d716,,,,,,,,,,,,,,,,,,,7869.0,7805.0,8269.0,8360.0,
13341.0,12099.0,12358.0,12271.0,13020.0,12650.0,12583.0,11256.0,10778.0,9949.0,9226.0,8411.0,7828.0,7029.0,7929.0,8585.0,8675.0,40세 ~ 44세,2024,https://api.odcloud.kr/api/15064486/v1/uddi:ea441150-2e3a-4cf5-8649-9c9fd636d716,,,,,,,,,,,,,,,,,,,10113.0,10782.0,10919.0,10436.0,
13287.0,13278.0,14299.0,14119.0,14889.0,14349.0,14406.0,13172.0,12567.0,12238.0,11918.0,11296.0,10754.0,10169.0,11173.0,11292.0,10620.0,45세 ~ 49세,2024,https://api.odcloud.kr/api/15064486/v1/uddi:ea441150-2e3a-4cf5-8649-9c9fd636d716,,,,,,,,,,,,,,,,,,,11306.0,11369.0,11633.0,11971.0,
10013.0,10236.0,11363.0,12386.0,14015.0,14942.0,15976.0,15694.0,15663.0,15473.0,14487.0,13803.0,13287.0,12670.0,14081.0,14813.0,14215.0,50세 ~ 54세,2024,https://api.odcloud.kr/api/15064486/v1/uddi:ea441150-2e3a-4cf5-8649-9c9fd636d716,,,,,,,,,,,,,,,,,,,15619.0,16111.0,15922.0,16063.0,
8023.0,7718.0,8582.0,8826.0,9566.0,11131.0,12349.0,12649.0,13586.0,14478.0,14810.0,15717.0,15923.0,15571.0,17463.0,17876.0,16842.0,55세 ~ 59세,2024,https://api.odcloud.kr/api/15064486/v1/uddi:ea441150-2e3a-4cf5-8649-9c9fd636d716,,,,,,,,,,,,,,,,,,,17898.0,18664.0,19338.0,20239.0,
5462.0,4994.0,5097.0,5482.0,6360.0,7385.0,7807.0,8144.0,8266.0,9056.0,9733.0,10809.0,11909.0,13053.0,15419.0,16936.0,17026.0,60세 ~ 64세,2024,https://api.odcloud.kr/api/15064486/v1/uddi:ea441150-2e3a-4cf5-8649-9c9fd636d716,,,,,,,,,,,,,,,,,,,19642.0,20558.0,21375.0,21884.0,
2782.0,2714.0,3056.0,3350.0,3569.0,4143.0,4095.0,4210.0,4439.0,5053.0,5445.0,5709.0,6312.0,6842.0,7862.0,9001.0,9656.0,65세 ~ 69세,2024,https://api.odcloud.kr/api/15064486/v1/uddi:ea441150-2e3a-4cf5-8649-9c9fd636d716,,,,,,,,,,,,,,,,,,,12036.0,14324.0,16024.0,18563.0,
773.0,773.0,929.0,1073.0,1226.0,1745.0,1782.0,1915.0,2162.0,2423.0,2263.0,2374.0,2610.0,3003.0,3513.0,3873.0,4232.0,70세 ~ 74세,2024,https://api.odcloud.kr/api/15064486/v1/uddi:ea441150-2e3a-4cf5-8649-9c9fd636d716,,,,,,,,,,,,,,,,,,,5511.0,6451.0,7613.0,9051.0,
149.0,174.0,205.0,215.0,280.0,475.0,489.0,507.0,556.0,656.0,754.0,881.0,980.0,1161.0,1293.0,1453.0,1699.0,75세 ~ 79세,2024,https://api.odcloud.kr/api/15064486/v1/uddi:ea441150-2e3a-4cf5-8649-9c9fd636d716,,,,,,,,,,,,,,,,,,,2192.0,2676.0,3149.0,3622.0,
49.0,55.0,60.0,86.0,82.0,117.0,100.0,122.0,111.0,150.0,217.0,243.0,224.0,255.0,337.0,398.0,590.0,80세 이상,2024,https://api.odcloud.kr/api/15064486/v1/uddi:ea441150-2e3a-4cf5-8649-9c9fd636d716,,,,,,,,,,,,,,,,,,,906.0,1323.0,1408.0,1453.0,
113.0,114.0,148.0,101.0,0.0,5.0,0.0,0.0,5.0,0.0,1.0,16.0,7.0,0.0,0.0,1.0,0.0,분류불능,2024,https://api.odcloud.kr/api/15064486/v1/uddi:ea441150-2e3a-4cf5-8649-9c9fd636d716,,,,,,,,,,,,,,,,,,,0.0,0.0,0.0,0.0,
53.0,62.0,96.0,123.0,186.0,151.0,182.0,171.0,129.0,100.0,94.0,94.0,79.0,61.0,41.0,33.0,21.0,18세 미만,2025,https://api.odcloud.kr/api/15064486/v1/uddi:8a87222e-14f0-4664-bfa6-f8c3f691a0f7,,,,,,,,,,,,,,,,,,,26.0,38.0,45.0,59.0,29.0
4037.0,3693.0,3695.0,3474.0,3475.0,3684.0,3773.0,3426.0,3376.0,3391.0,3659.0,3618.0,3669.0,3593.0,4013.0,4191.0,3994.0,18세 ~ 24세,2025,https://api.odcloud.kr/api/15064486/v1/uddi:8a87222e-14f0-4664-bfa6-f8c3f691a0f7,,,,,,,,,,,,,,,,,,,4077.0,4261.0,4137.0,3835.0,3677.0
8188.0,8288.0,8689.0,8304.0,8292.0,7526.0,6552.0,5561.0,5031.0,4642.0,4679.0,4656.0,4920.0,5108.0,6127.0,6942.0,7094.0,25세 ~ 29세,2025,https://api.odcloud.kr/api/15064486/v1/uddi:8a87222e-14f0-4664-bfa6-f8c3f691a0f7,,,,,,,,,,,,,,,,,,,7695.0,7608.0,7986.0,7909.0,7793.0
10552.0,9637.0,9615.0,8982.0,9330.0,8905.0,8618.0,7775.0,7604.0,6847.0,6370.0,5631.0,5369.0,5018.0,5798.0,6415.0,6493.0,30세 ~ 34세,2025,https://api.odcloud.kr/api/15064486/v1/uddi:8a87222e-14f0-4664-bfa6-f8c3f691a0f7,,,,,,,,,,,,,,,,,,,7823.0,8378.0,8978.0,9326.0,9142.0
12052.0,11576.0,11718.0,11355.0,11516.0,10613.0,9933.0,8690.0,7983.0,7368.0,7253.0,6871.0,6785.0,6315.0,7256.0,7433.0,7222.0,35세 ~ 39세,2025,https://api.odcloud.kr/api/15064486/v1/uddi:8a87222e-14f0-4664-bfa6-f8c3f691a0f7,,,,,,,,,,,,,,,,,,,7869.0,7805.0,8269.0,8360.0,8389.0
13341.0,12099.0,12358.0,12271.0,13020.0,12650.0,12583.0,11256.0,10778.0,9949.0,9226.0,8411.0,7828.0,7029.0,7929.0,8585.0,8675.0,40세 ~ 44세,2025,https://api.odcloud.kr/api/15064486/v1/uddi:8a87222e-14f0-4664-bfa6-f8c3f691a0f7,,,,,,,,,,,,,,,,,,,10113.0,10782.0,10919.0,10436.0,9767.0
13287.0,13278.0,14299.0,14119.0,14889.0,14349.0,14406.0,13172.0,12567.0,12238.0,11918.0,11296.0,10754.0,10169.0,11173.0,11292.0,10620.0,45세 ~ 49세,2025,https://api.odcloud.kr/api/15064486/v1/uddi:8a87222e-14f0-4664-bfa6-f8c3f691a0f7,,,,,,,,,,,,,,,,,,,11306.0,11369.0,11633.0,11971.0,12040.0
10013.0,10236.0,11363.0,12386.0,14015.0,14942.0,15976.0,15694.0,15663.0,15473.0,14487.0,13803.0,13287.0,12670.0,14081.0,14813.0,14215.0,50세 ~ 54세,2025,https://api.odcloud.kr/api/15064486/v1/uddi:8a87222e-14f0-4664-bfa6-f8c3f691a0f7,,,,,,,,,,,,,,,,,,,15619.0,16111.0,15922.0,16063.0,15228.0
8023.0,7718.0,8582.0,8826.0,9566.0,11131.0,12349.0,12649.0,13586.0,14478.0,14810.0,15717.0,15923.0,15571.0,17463.0,17876.0,16842.0,55세 ~ 59세,2025,https://api.odcloud.kr/api/15064486/v1/uddi:8a87222e-14f0-4664-bfa6-f8c3f691a0f7,,,,,,,,,,,,,,,,,,,17898.0,18664.0,19338.0,20239.0,20666.0
5462.0,4994.0,5097.0,5482.0,6360.0,7385.0,7807.0,8144.0,8266.0,9056.0,9733.0,10809.0,11909.0,13053.0,15419.0,16936.0,17026.0,60세 ~ 64세,2025,https://api.odcloud.kr/api/15064486/v1/uddi:8a87222e-14f0-4664-bfa6-f8c3f691a0f7,,,,,,,,,,,,,,,,,,,19642.0,20558.0,21375.0,21884.0,22938.0
2782.0,2714.0,3056.0,3350.0,3569.0,4143.0,4095.0,4210.0,4439.0,5053.0,5445.0,5709.0,6312.0,6842.0,7862.0,9001.0,9656.0,65세 ~ 69세,2025,https://api.odcloud.kr/api/15064486/v1/uddi:8a87222e-14f0-4664-bfa6-f8c3f691a0f7,,,,,,,,,,,,,,,,,,,12036.0,14324.0,16024.0,18563.0,20920.0
773.0,773.0,929.0,1073.0,1226.0,1745.0,1782.0,1915.0,2162.0,2423.0,2263.0,2374.0,2610.0,3003.0,3513.0,3873.0,4232.0,70세 ~ 74세,2025,https://api.odcloud.kr/api/15064486/v1/uddi:8a87222e-14f0-4664-bfa6-f8c3f691a0f7,,,,,,,,,,,,,,,,,,,5511.0,6451.0,7613.0,9051.0,11159.0
149.0,174.0,205.0,215.0,280.0,475.0,489.0,507.0,556.0,656.0,754.0,881.0,980.0,1161.0,1293.0,1453.0,1699.0,75세 ~ 79세,2025,https://api.odcloud.kr/api/15064486/v1/uddi:8a87222e-14f0-4664-bfa6-f8c3f691a0f7,,,,,,,,,,,,,,,,,,,2192.0,2676.0,3149.0,3622.0,3995.0
49.0,55.0,60.0,86.0,82.0,117.0,100.0,122.0,111.0,150.0,217.0,243.0,224.0,255.0,337.0,398.0,590.0,80세 이상,2025,https://api.odcloud.kr/api/15064486/v1/uddi:8a87222e-14f0-4664-bfa6-f8c3f691a0f7,,,,,,,,,,,,,,,,,,,906.0,1323.0,1408.0,1453.0,1387.0
113.0,114.0,148.0,101.0,0.0,5.0,0.0,0.0,5.0,0.0,1.0,16.0,7.0,0.0,0.0,1.0,0.0,분류불능,2025,https://api.odcloud.kr/api/15064486/v1/uddi:8a87222e-14f0-4664-bfa6-f8c3f691a0f7,,,,,,,,,,,,,,,,,,,0.0,0.0,0.0,0.0,0.0
