2004년 사고재해자수,2005년 사고재해자수,2006년 사고재해자수,2007년 사고재해자수,2008년 사고재해자수,2009년 사고재해자수,2010년 사고재해자수,2011년 사고재해자수,2012년 사고재해자수,2013년 사고재해자수,2014년 사고재해자수,2015년 사고재해자수,2016년 사고재해자수,2017년 사고재해자수,2018년 사고재해자수,2019년 사고재해자수,2020년 사고재해자수,2021년 사고재해자수,2022년 사고재해자수,2023년 사고재해자수,2024년 사고재해자수,2025년 사고재해자수,구분,대업종,source_period,source_endpoint,source_dataset
468,480,487,443,476,422,431,382,356,317,288,258,254,236,301,337,258,297,465,522,539,591,금융및보험업,금융및보험업,2025,https://api.odcloud.kr/api/15084656/v1/uddi:6051f73c-761d-4362-9b3a-a6eca6ac42a3,PUB-007_산업중분류별_사고재해
159,108,101,109,88,87,74,69,68,64,24,34,42,39,28,28,17,17,22,22,16,14,석탄광업및채석업,광  업,2025,https://api.odcloud.kr/api/15084656/v1/uddi:6051f73c-761d-4362-9b3a-a6eca6ac42a3,PUB-007_산업중분류별_사고재해
260,229,207,184,192,161,165,149,145,134,127,111,124,119,167,158,124,116,127,105,96,99,석회석·금속·비금속광업및기타광업,광  업,2025,https://api.odcloud.kr/api/15084656/v1/uddi:6051f73c-761d-4362-9b3a-a6eca6ac42a3,PUB-007_산업중분류별_사고재해
1991,2099,2107,1897,2137,2087,2299,2008,2068,2090,2089,2033,2031,2030,2388,2638,2621,2977,3032,3101,3134,3199,식료품제조업,제조업,2025,https://api.odcloud.kr/api/15084656/v1/uddi:6051f73c-761d-4362-9b3a-a6eca6ac42a3,PUB-007_산업중분류별_사고재해
1781,1587,1445,1251,1232,1204,1285,1186,1099,1038,1051,935,972,878,951,922,853,906,926,820,789,738,섬유및섬유제품제조업,제조업,2025,https://api.odcloud.kr/api/15084656/v1/uddi:6051f73c-761d-4362-9b3a-a6eca6ac42a3,PUB-007_산업중분류별_사고재해
2085,2047,2044,1889,2019,1889,1938,1802,1674,1575,1636,1545,1472,1364,1453,1451,1339,1457,1349,1363,1312,1230,목재및종이제품제조업,제조업,2025,https://api.odcloud.kr/api/15084656/v1/uddi:6051f73c-761d-4362-9b3a-a6eca6ac42a3,PUB-007_산업중분류별_사고재해
637,652,655,572,609,614,592,526,508,467,433,403,405,343,399,384,386,356,360,341,372,353,출판·인쇄·제본업,제조업,2025,https://api.odcloud.kr/api/15084656/v1/uddi:6051f73c-761d-4362-9b3a-a6eca6ac42a3,PUB-007_산업중분류별_사고재해
3444,3451,3231,3055,3257,3120,3195,3363,3144,2930,2888,2594,2696,2472,2654,2675,2556,2816,2635,2707,2598,2410,화학및고무제품제조업,제조업,2025,https://api.odcloud.kr/api/15084656/v1/uddi:6051f73c-761d-4362-9b3a-a6eca6ac42a3,PUB-007_산업중분류별_사고재해
229,214,227,183,203,215,201,183,190,153,144,152,182,171,225,256,252,239,306,270,363,370,의약품·화장품·연탄·석유제품제조업,제조업,2025,https://api.odcloud.kr/api/15084656/v1/uddi:6051f73c-761d-4362-9b3a-a6eca6ac42a3,PUB-007_산업중분류별_사고재해
17203,16920,16436,15603,16672,15031,15874,15170,14880,13495,12886,12115,11417,11086,11626,11842,11380,11449,10984,11465,11277,10679,기계기구·금속·비금속광물제품제조업,제조업,2025,https://api.odcloud.kr/api/15084656/v1/uddi:6051f73c-761d-4362-9b3a-a6eca6ac42a3,PUB-007_산업중분류별_사고재해
91,102,74,74,61,65,111,96,70,108,95,74,73,58,88,106,90,156,164,160,168,153,금속제련업,제조업,2025,https://api.odcloud.kr/api/15084656/v1/uddi:6051f73c-761d-4362-9b3a-a6eca6ac42a3,PUB-007_산업중분류별_사고재해
2034,1988,1825,1679,1737,1634,1877,1748,1713,1624,1557,1360,1250,1228,1317,1413,1475,1585,1636,1613,1627,1648,전기기계기구·정밀기구·전자제품제조업,제조업,2025,https://api.odcloud.kr/api/15084656/v1/uddi:6051f73c-761d-4362-9b3a-a6eca6ac42a3,PUB-007_산업중분류별_사고재해
1649,1710,1684,1563,1967,2123,1760,1511,1385,1226,1349,1404,1320,932,764,961,1151,1201,1368,1652,1848,1632,선박건조및수리업,제조업,2025,https://api.odcloud.kr/api/15084656/v1/uddi:6051f73c-761d-4362-9b3a-a6eca6ac42a3,PUB-007_산업중분류별_사고재해
1886,1798,1819,1664,1851,1771,1741,1746,1636,1499,1441,1309,1324,1103,1093,1036,1024,1123,1004,911,921,1000,수제품및기타제품제조업,제조업,2025,https://api.odcloud.kr/api/15084656/v1/uddi:6051f73c-761d-4362-9b3a-a6eca6ac42a3,PUB-007_산업중분류별_사고재해
112,109,100,107,87,99,76,78,85,69,91,88,94,74,96,97,87,102,105,104,81,90,전기·가스·증기·수도사업,전기·가스·증기·수도사업,2025,https://api.odcloud.kr/api/15084656/v1/uddi:6051f73c-761d-4362-9b3a-a6eca6ac42a3,PUB-007_산업중분류별_사고재해
18856,15954,17577,18419,20088,20267,21885,22187,22679,22892,22935,24287,25701,24718,26486,25298,24617,26888,27432,26829,25152,21524,건설업,건설업,2025,https://api.odcloud.kr/api/15084656/v1/uddi:6051f73c-761d-4362-9b3a-a6eca6ac42a3,PUB-007_산업중분류별_사고재해
1910,1970,2089,2000,2078,1905,1974,1996,1886,1842,1860,1741,1639,1667,2068,2123,2024,2369,2724,3146,3619,3881,철도·항공·창고·운수관련서비스업,운수·창고·통신업,2025,https://api.odcloud.kr/api/15084656/v1/uddi:6051f73c-761d-4362-9b3a-a6eca6ac42a3,PUB-007_산업중분류별_사고재해
2350,2136,2095,1894,1910,1815,1797,1727,1745,1805,1779,1831,1932,2097,2505,3143,4274,6545,8652,10689,12164,12443,육상및수상운수업,운수·창고·통신업,2025,https://api.odcloud.kr/api/15084656/v1/uddi:6051f73c-761d-4362-9b3a-a6eca6ac42a3,PUB-007_산업중분류별_사고재해
396,312,315,272,335,320,296,234,280,261,233,179,202,144,204,198,206,234,215,204,215,181,통신업,운수·창고·통신업,2025,https://api.odcloud.kr/api/15084656/v1/uddi:6051f73c-761d-4362-9b3a-a6eca6ac42a3,PUB-007_산업중분류별_사고재해
884,1031,1113,1258,1616,2921,2091,1934,1779,1921,1676,1593,1400,1093,1018,985,1004,915,928,946,834,851,임업,임  업,2025,https://api.odcloud.kr/api/15084656/v1/uddi:6051f73c-761d-4362-9b3a-a6eca6ac42a3,PUB-007_산업중분류별_사고재해
84,44,52,57,67,59,63,66,56,55,74,55,39,56,59,58,44,67,56,34,55,37,어업,어  업,2025,https://api.odcloud.kr/api/15084656/v1/uddi:6051f73c-761d-4362-9b3a-a6eca6ac42a3,PUB-007_산업중분류별_사고재해
357,387,442,394,489,575,618,535,563,598,595,619,701,529,603,599,593,630,635,669,705,711,농업,농  업,2025,https://api.odcloud.kr/api/15084656/v1/uddi:6051f73c-761d-4362-9b3a-a6eca6ac42a3,PUB-007_산업중분류별_사고재해
7143,7780,7537,7313,8028,10047,9172,8061,7650,7852,7052,6688,6442,5556,7285,7570,7383,8150,8725,9296,9686,10171,시설관리및사업지원서비스업,기타의사업,2025,https://api.odcloud.kr/api/15084656/v1/uddi:6051f73c-761d-4362-9b3a-a6eca6ac42a3,PUB-007_산업중분류별_사고재해
1930,1812,1959,1966,2025,2226,2421,1717,1865,1469,1378,1230,1305,1236,1554,1633,1454,1440,1465,1572,1596,1643,기타의각종사업,기타의사업,2025,https://api.odcloud.kr/api/15084656/v1/uddi:6051f73c-761d-4362-9b3a-a6eca6ac42a3,PUB-007_산업중분류별_사고재해
1,7,9,10,21,23,13,22,38,44,39,51,36,38,19,27,13,16,15,16,34,21,해외파견자,기타의사업,2025,https://api.odcloud.kr/api/15084656/v1/uddi:6051f73c-761d-4362-9b3a-a6eca6ac42a3,PUB-007_산업중분류별_사고재해
3277,3704,4045,4153,4665,5227,5438,4941,4939,5470,5473,5349,5272,4500,5635,6220,6006,7255,8403,10357,11291,11967,전문·보건·교육·여가관련서비스업,기타의사업,2025,https://api.odcloud.kr/api/15084656/v1/uddi:6051f73c-761d-4362-9b3a-a6eca6ac42a3,PUB-007_산업중분류별_사고재해
8346,9067,9776,10451,11960,12977,13248,12341,12020,12813,13655,13778,14086,14023,16389,17816,16834,18500,18749,19254,19763,20008,도소매·음식·숙박업,기타의사업,2025,https://api.odcloud.kr/api/15084656/v1/uddi:6051f73c-761d-4362-9b3a-a6eca6ac42a3,PUB-007_산업중분류별_사고재해
128,154,165,163,142,167,154,218,223,191,151,183,155,168,195,228,213,210,263,262,262,259,부동산업및임대업,기타의사업,2025,https://api.odcloud.kr/api/15084656/v1/uddi:6051f73c-761d-4362-9b3a-a6eca6ac42a3,PUB-007_산업중분류별_사고재해
0,0,0,0,0,0,0,0,0,156,192,179,185,2673,3231,3798,4073,4230,4424,4998,5223,5366,국가및지방자치단체의사업,기타의사업,2025,https://api.odcloud.kr/api/15084656/v1/uddi:6051f73c-761d-4362-9b3a-a6eca6ac42a3,PUB-007_산업중분류별_사고재해
0,64,59,52,60,49,53,49,40,39,40,32,29,34,31,47,32,32,45,37,33,36,주한미군,기타의사업,2025,https://api.odcloud.kr/api/15084656/v1/uddi:6051f73c-761d-4362-9b3a-a6eca6ac42a3,PUB-007_산업중분류별_사고재해
