statistic_year,age_group,metric_name,source_rows,unique_values,missing_values,accident_count,source_count,quality_status
2004,18세 ~ 24세,재해자수,6,1,0,4037.0,6,PASS
2004,18세 미만,재해자수,6,1,0,53.0,6,PASS
2004,25세 ~ 29세,재해자수,6,1,0,8188.0,6,PASS
2004,30세 ~ 34세,재해자수,6,1,0,10552.0,6,PASS
2004,35세 ~ 39세,재해자수,6,1,0,12052.0,6,PASS
2004,40세 ~ 44세,재해자수,6,1,0,13341.0,6,PASS
2004,45세 ~ 49세,재해자수,6,1,0,13287.0,6,PASS
2004,50세 ~ 54세,재해자수,6,1,0,10013.0,6,PASS
2004,55세 ~ 59세,재해자수,6,1,0,8023.0,6,PASS
2004,60세 ~ 64세,재해자수,4,1,0,5462.0,4,PASS
2004,60세 이상,재해자수,2,1,0,9215.0,2,PASS
2004,65세 ~ 69세,재해자수,4,1,0,2782.0,4,PASS
2004,70세 ~ 74세,재해자수,4,1,0,773.0,4,PASS
2004,75세 ~ 79세,재해자수,4,1,0,149.0,4,PASS
2004,80세 이상,재해자수,4,1,0,49.0,4,PASS
2004,분류불능,재해자수,6,1,0,113.0,6,PASS
2005,18세 ~ 24세,재해자수,6,1,0,3693.0,6,PASS
2005,18세 미만,재해자수,6,1,0,62.0,6,PASS
2005,25세 ~ 29세,재해자수,6,1,0,8288.0,6,PASS
2005,30세 ~ 34세,재해자수,6,1,0,9637.0,6,PASS
2005,35세 ~ 39세,재해자수,6,1,0,11576.0,6,PASS
2005,40세 ~ 44세,재해자수,6,1,0,12099.0,6,PASS
2005,45세 ~ 49세,재해자수,6,1,0,13278.0,6,PASS
2005,50세 ~ 54세,재해자수,6,1,0,10236.0,6,PASS
2005,55세 ~ 59세,재해자수,6,1,0,7718.0,6,PASS
2005,60세 ~ 64세,재해자수,4,1,0,4994.0,4,PASS
2005,60세 이상,재해자수,2,1,0,8710.0,2,PASS
2005,65세 ~ 69세,재해자수,4,1,0,2714.0,4,PASS
2005,70세 ~ 74세,재해자수,4,1,0,773.0,4,PASS
2005,75세 ~ 79세,재해자수,4,1,0,174.0,4,PASS
2005,80세 이상,재해자수,4,1,0,55.0,4,PASS
2005,분류불능,재해자수,6,1,0,114.0,6,PASS
2006,18세 ~ 24세,재해자수,6,1,0,3695.0,6,PASS
2006,18세 미만,재해자수,6,1,0,96.0,6,PASS
2006,25세 ~ 29세,재해자수,6,1,0,8689.0,6,PASS
2006,30세 ~ 34세,재해자수,6,1,0,9615.0,6,PASS
2006,35세 ~ 39세,재해자수,6,1,0,11718.0,6,PASS
2006,40세 ~ 44세,재해자수,6,1,0,12358.0,6,PASS
2006,45세 ~ 49세,재해자수,6,1,0,14299.0,6,PASS
2006,50세 ~ 54세,재해자수,6,1,0,11363.0,6,PASS
2006,55세 ~ 59세,재해자수,6,1,0,8582.0,6,PASS
2006,60세 ~ 64세,재해자수,4,1,0,5097.0,4,PASS
2006,60세 이상,재해자수,2,1,0,9347.0,2,PASS
2006,65세 ~ 69세,재해자수,4,1,0,3056.0,4,PASS
2006,70세 ~ 74세,재해자수,4,1,0,929.0,4,PASS
2006,75세 ~ 79세,재해자수,4,1,0,205.0,4,PASS
2006,80세 이상,재해자수,4,1,0,60.0,4,PASS
2006,분류불능,재해자수,6,1,0,148.0,6,PASS
2007,18세 ~ 24세,재해자수,6,1,0,3474.0,6,PASS
2007,18세 미만,재해자수,6,1,0,123.0,6,PASS
2007,25세 ~ 29세,재해자수,6,1,0,8304.0,6,PASS
2007,30세 ~ 34세,재해자수,6,1,0,8982.0,6,PASS
2007,35세 ~ 39세,재해자수,6,1,0,11355.0,6,PASS
2007,40세 ~ 44세,재해자수,6,1,0,12271.0,6,PASS
2007,45세 ~ 49세,재해자수,6,1,0,14119.0,6,PASS
2007,50세 ~ 54세,재해자수,6,1,0,12386.0,6,PASS
2007,55세 ~ 59세,재해자수,6,1,0,8826.0,6,PASS
2007,60세 ~ 64세,재해자수,4,1,0,5482.0,4,PASS
2007,60세 이상,재해자수,2,1,0,10206.0,2,PASS
2007,65세 ~ 69세,재해자수,4,1,0,3350.0,4,PASS
2007,70세 ~ 74세,재해자수,4,1,0,1073.0,4,PASS
2007,75세 ~ 79세,재해자수,4,1,0,215.0,4,PASS
2007,80세 이상,재해자수,4,1,0,86.0,4,PASS
2007,분류불능,재해자수,6,1,0,101.0,6,PASS
2008,18세 ~ 24세,재해자수,6,1,0,3475.0,6,PASS
2008,18세 미만,재해자수,6,1,0,186.0,6,PASS
2008,25세 ~ 29세,재해자수,6,1,0,8292.0,6,PASS
2008,30세 ~ 34세,재해자수,6,1,0,9330.0,6,PASS
2008,35세 ~ 39세,재해자수,6,1,0,11516.0,6,PASS
2008,40세 ~ 44세,재해자수,6,1,0,13020.0,6,PASS
2008,45세 ~ 49세,재해자수,6,1,0,14889.0,6,PASS
2008,50세 ~ 54세,재해자수,6,1,0,14015.0,6,PASS
2008,55세 ~ 59세,재해자수,6,1,0,9566.0,6,PASS
2008,60세 ~ 64세,재해자수,4,1,0,6360.0,4,PASS
2008,60세 이상,재해자수,2,1,0,11517.0,2,PASS
2008,65세 ~ 69세,재해자수,4,1,0,3569.0,4,PASS
2008,70세 ~ 74세,재해자수,4,1,0,1226.0,4,PASS
2008,75세 ~ 79세,재해자수,4,1,0,280.0,4,PASS
2008,80세 이상,재해자수,4,1,0,82.0,4,PASS
2008,분류불능,재해자수,6,1,0,0.0,6,PASS
2009,18세 ~ 24세,재해자수,6,1,0,3684.0,6,PASS
2009,18세 미만,재해자수,6,1,0,151.0,6,PASS
2009,25세 ~ 29세,재해자수,6,1,0,7526.0,6,PASS
2009,30세 ~ 34세,재해자수,6,1,0,8905.0,6,PASS
2009,35세 ~ 39세,재해자수,6,1,0,10613.0,6,PASS
2009,40세 ~ 44세,재해자수,6,1,0,12650.0,6,PASS
2009,45세 ~ 49세,재해자수,6,1,0,14349.0,6,PASS
2009,50세 ~ 54세,재해자수,6,1,0,14942.0,6,PASS
2009,55세 ~ 59세,재해자수,6,1,0,11131.0,6,PASS
2009,60세 ~ 64세,재해자수,4,1,0,7385.0,4,PASS
2009,60세 이상,재해자수,2,1,0,13865.0,2,PASS
2009,65세 ~ 69세,재해자수,4,1,0,4143.0,4,PASS
2009,70세 ~ 74세,재해자수,4,1,0,1745.0,4,PASS
2009,75세 ~ 79세,재해자수,4,1,0,475.0,4,PASS
2009,80세 이상,재해자수,4,1,0,117.0,4,PASS
2009,분류불능,재해자수,6,1,0,5.0,6,PASS
2010,18세 ~ 24세,재해자수,6,1,0,3773.0,6,PASS
2010,18세 미만,재해자수,6,1,0,182.0,6,PASS
2010,25세 ~ 29세,재해자수,6,1,0,6552.0,6,PASS
2010,30세 ~ 34세,재해자수,6,1,0,8618.0,6,PASS
2010,35세 ~ 39세,재해자수,6,1,0,9933.0,6,PASS
2010,40세 ~ 44세,재해자수,6,1,0,12583.0,6,PASS
2010,45세 ~ 49세,재해자수,6,1,0,14406.0,6,PASS
2010,50세 ~ 54세,재해자수,6,1,0,15976.0,6,PASS
2010,55세 ~ 59세,재해자수,6,1,0,12349.0,6,PASS
2010,60세 ~ 64세,재해자수,4,1,0,7807.0,4,PASS
2010,60세 이상,재해자수,2,1,0,14273.0,2,PASS
2010,65세 ~ 69세,재해자수,4,1,0,4095.0,4,PASS
2010,70세 ~ 74세,재해자수,4,1,0,1782.0,4,PASS
2010,75세 ~ 79세,재해자수,4,1,0,489.0,4,PASS
2010,80세 이상,재해자수,4,1,0,100.0,4,PASS
2010,분류불능,재해자수,6,1,0,0.0,6,PASS
2011,18세 ~ 24세,재해자수,6,1,0,3426.0,6,PASS
2011,18세 미만,재해자수,6,1,0,171.0,6,PASS
2011,25세 ~ 29세,재해자수,6,1,0,5561.0,6,PASS
2011,30세 ~ 34세,재해자수,6,1,0,7775.0,6,PASS
2011,35세 ~ 39세,재해자수,6,1,0,8690.0,6,PASS
2011,40세 ~ 44세,재해자수,6,1,0,11256.0,6,PASS
2011,45세 ~ 49세,재해자수,6,1,0,13172.0,6,PASS
2011,50세 ~ 54세,재해자수,6,1,0,15694.0,6,PASS
2011,55세 ~ 59세,재해자수,6,1,0,12649.0,6,PASS
2011,60세 ~ 64세,재해자수,4,1,0,8144.0,4,PASS
2011,60세 이상,재해자수,2,1,0,14898.0,2,PASS
2011,65세 ~ 69세,재해자수,4,1,0,4210.0,4,PASS
2011,70세 ~ 74세,재해자수,4,1,0,1915.0,4,PASS
2011,75세 ~ 79세,재해자수,4,1,0,507.0,4,PASS
2011,80세 이상,재해자수,4,1,0,122.0,4,PASS
2011,분류불능,재해자수,6,1,0,0.0,6,PASS
2012,18세 ~ 24세,재해자수,6,1,0,3376.0,6,PASS
2012,18세 미만,재해자수,6,1,0,129.0,6,PASS
2012,25세 ~ 29세,재해자수,6,1,0,5031.0,6,PASS
2012,30세 ~ 34세,재해자수,6,1,0,7604.0,6,PASS
2012,35세 ~ 39세,재해자수,6,1,0,7983.0,6,PASS
2012,40세 ~ 44세,재해자수,6,1,0,10778.0,6,PASS
2012,45세 ~ 49세,재해자수,6,1,0,12567.0,6,PASS
2012,50세 ~ 54세,재해자수,6,1,0,15663.0,6,PASS
2012,55세 ~ 59세,재해자수,6,1,0,13586.0,6,PASS
2012,60세 ~ 64세,재해자수,4,1,0,8266.0,4,PASS
2012,60세 이상,재해자수,2,1,0,15534.0,2,PASS
2012,65세 ~ 69세,재해자수,4,1,0,4439.0,4,PASS
2012,70세 ~ 74세,재해자수,4,1,0,2162.0,4,PASS
2012,75세 ~ 79세,재해자수,4,1,0,556.0,4,PASS
2012,80세 이상,재해자수,4,1,0,111.0,4,PASS
2012,분류불능,재해자수,6,1,0,5.0,6,PASS
2013,18세 ~ 24세,재해자수,6,1,0,3391.0,6,PASS
2013,18세 미만,재해자수,6,1,0,100.0,6,PASS
2013,25세 ~ 29세,재해자수,6,1,0,4642.0,6,PASS
2013,30세 ~ 34세,재해자수,6,1,0,6847.0,6,PASS
2013,35세 ~ 39세,재해자수,6,1,0,7368.0,6,PASS
2013,40세 ~ 44세,재해자수,6,1,0,9949.0,6,PASS
2013,45세 ~ 49세,재해자수,6,1,0,12238.0,6,PASS
2013,50세 ~ 54세,재해자수,6,1,0,15473.0,6,PASS
2013,55세 ~ 59세,재해자수,6,1,0,14478.0,6,PASS
2013,60세 ~ 64세,재해자수,4,1,0,9056.0,4,PASS
2013,60세 이상,재해자수,2,1,0,17338.0,2,PASS
2013,65세 ~ 69세,재해자수,4,1,0,5053.0,4,PASS
2013,70세 ~ 74세,재해자수,4,1,0,2423.0,4,PASS
2013,75세 ~ 79세,재해자수,4,1,0,656.0,4,PASS
2013,80세 이상,재해자수,4,1,0,150.0,4,PASS
2013,분류불능,재해자수,6,1,0,0.0,6,PASS
2014,18세 ~ 24세,재해자수,6,1,0,3659.0,6,PASS
2014,18세 미만,재해자수,6,1,0,94.0,6,PASS
2014,25세 ~ 29세,재해자수,6,1,0,4679.0,6,PASS
2014,30세 ~ 34세,재해자수,6,1,0,6370.0,6,PASS
2014,35세 ~ 39세,재해자수,6,1,0,7253.0,6,PASS
2014,40세 ~ 44세,재해자수,6,1,0,9226.0,6,PASS
2014,45세 ~ 49세,재해자수,6,1,0,11918.0,6,PASS
2014,50세 ~ 54세,재해자수,6,1,0,14487.0,6,PASS
2014,55세 ~ 59세,재해자수,6,1,0,14810.0,6,PASS
2014,60세 ~ 64세,재해자수,4,1,0,9733.0,4,PASS
2014,60세 이상,재해자수,2,1,0,18412.0,2,PASS
2014,65세 ~ 69세,재해자수,4,1,0,5445.0,4,PASS
2014,70세 ~ 74세,재해자수,4,1,0,2263.0,4,PASS
2014,75세 ~ 79세,재해자수,4,1,0,754.0,4,PASS
2014,80세 이상,재해자수,4,1,0,217.0,4,PASS
2014,분류불능,재해자수,6,1,0,1.0,6,PASS
2015,18세 ~ 24세,재해자수,6,1,0,3618.0,6,PASS
2015,18세 미만,재해자수,6,1,0,94.0,6,PASS
2015,25세 ~ 29세,재해자수,6,1,0,4656.0,6,PASS
2015,30세 ~ 34세,재해자수,6,1,0,5631.0,6,PASS
2015,35세 ~ 39세,재해자수,6,1,0,6871.0,6,PASS
2015,40세 ~ 44세,재해자수,6,1,0,8411.0,6,PASS
2015,45세 ~ 49세,재해자수,6,1,0,11296.0,6,PASS
2015,50세 ~ 54세,재해자수,6,1,0,13803.0,6,PASS
2015,55세 ~ 59세,재해자수,6,1,0,15717.0,6,PASS
2015,60세 ~ 64세,재해자수,4,1,0,10809.0,4,PASS
2015,60세 이상,재해자수,2,1,0,20016.0,2,PASS
2015,65세 ~ 69세,재해자수,4,1,0,5709.0,4,PASS
2015,70세 ~ 74세,재해자수,4,1,0,2374.0,4,PASS
2015,75세 ~ 79세,재해자수,4,1,0,881.0,4,PASS
2015,80세 이상,재해자수,4,1,0,243.0,4,PASS
2015,분류불능,재해자수,6,1,0,16.0,6,PASS
2016,18세 ~ 24세,재해자수,6,1,0,3669.0,6,PASS
2016,18세 미만,재해자수,6,1,0,79.0,6,PASS
2016,25세 ~ 29세,재해자수,6,1,0,4920.0,6,PASS
2016,30세 ~ 34세,재해자수,6,1,0,5369.0,6,PASS
2016,35세 ~ 39세,재해자수,6,1,0,6785.0,6,PASS
2016,40세 ~ 44세,재해자수,6,1,0,7828.0,6,PASS
2016,45세 ~ 49세,재해자수,6,1,0,10754.0,6,PASS
2016,50세 ~ 54세,재해자수,6,1,0,13287.0,6,PASS
2016,55세 ~ 59세,재해자수,6,1,0,15923.0,6,PASS
2016,60세 ~ 64세,재해자수,4,1,0,11909.0,4,PASS
2016,60세 이상,재해자수,2,1,0,22035.0,2,PASS
2016,65세 ~ 69세,재해자수,4,1,0,6312.0,4,PASS
2016,70세 ~ 74세,재해자수,4,1,0,2610.0,4,PASS
2016,75세 ~ 79세,재해자수,4,1,0,980.0,4,PASS
2016,80세 이상,재해자수,4,1,0,224.0,4,PASS
2016,분류불능,재해자수,6,1,0,7.0,6,PASS
2017,18세 ~ 24세,재해자수,6,1,0,3593.0,6,PASS
2017,18세 미만,재해자수,6,1,0,61.0,6,PASS
2017,25세 ~ 29세,재해자수,6,1,0,5108.0,6,PASS
2017,30세 ~ 34세,재해자수,6,1,0,5018.0,6,PASS
2017,35세 ~ 39세,재해자수,6,1,0,6315.0,6,PASS
2017,40세 ~ 44세,재해자수,6,1,0,7029.0,6,PASS
2017,45세 ~ 49세,재해자수,6,1,0,10169.0,6,PASS
2017,50세 ~ 54세,재해자수,6,1,0,12670.0,6,PASS
2017,55세 ~ 59세,재해자수,6,1,0,15571.0,6,PASS
2017,60세 ~ 64세,재해자수,4,1,0,13053.0,4,PASS
2017,60세 이상,재해자수,2,1,0,24314.0,2,PASS
2017,65세 ~ 69세,재해자수,4,1,0,6842.0,4,PASS
2017,70세 ~ 74세,재해자수,4,1,0,3003.0,4,PASS
2017,75세 ~ 79세,재해자수,4,1,0,1161.0,4,PASS
2017,80세 이상,재해자수,4,1,0,255.0,4,PASS
2017,분류불능,재해자수,6,1,0,0.0,6,PASS
2018,18세 ~ 24세,재해자수,6,1,0,4013.0,6,PASS
2018,18세 미만,재해자수,6,1,0,41.0,6,PASS
2018,25세 ~ 29세,재해자수,6,1,0,6127.0,6,PASS
2018,30세 ~ 34세,재해자수,6,1,0,5798.0,6,PASS
2018,35세 ~ 39세,재해자수,6,1,0,7256.0,6,PASS
2018,40세 ~ 44세,재해자수,6,1,0,7929.0,6,PASS
2018,45세 ~ 49세,재해자수,6,1,0,11173.0,6,PASS
2018,50세 ~ 54세,재해자수,6,1,0,14081.0,6,PASS
2018,55세 ~ 59세,재해자수,6,1,0,17463.0,6,PASS
2018,60세 ~ 64세,재해자수,4,1,0,15419.0,4,PASS
2018,60세 이상,재해자수,2,1,0,28424.0,2,PASS
2018,65세 ~ 69세,재해자수,4,1,0,7862.0,4,PASS
2018,70세 ~ 74세,재해자수,4,1,0,3513.0,4,PASS
2018,75세 ~ 79세,재해자수,4,1,0,1293.0,4,PASS
2018,80세 이상,재해자수,4,1,0,337.0,4,PASS
2018,분류불능,재해자수,6,1,0,0.0,6,PASS
2019,18세 ~ 24세,재해자수,6,1,0,4191.0,6,PASS
2019,18세 미만,재해자수,6,1,0,33.0,6,PASS
2019,25세 ~ 29세,재해자수,6,1,0,6942.0,6,PASS
2019,30세 ~ 34세,재해자수,6,1,0,6415.0,6,PASS
2019,35세 ~ 39세,재해자수,6,1,0,7433.0,6,PASS
2019,40세 ~ 44세,재해자수,6,1,0,8585.0,6,PASS
2019,45세 ~ 49세,재해자수,6,1,0,11292.0,6,PASS
2019,50세 ~ 54세,재해자수,6,1,0,14813.0,6,PASS
2019,55세 ~ 59세,재해자수,6,1,0,17876.0,6,PASS
2019,60세 ~ 64세,재해자수,4,1,0,16936.0,4,PASS
2019,60세 이상,재해자수,2,1,0,31661.0,2,PASS
2019,65세 ~ 69세,재해자수,4,1,0,9001.0,4,PASS
2019,70세 ~ 74세,재해자수,4,1,0,3873.0,4,PASS
2019,75세 ~ 79세,재해자수,4,1,0,1453.0,4,PASS
2019,80세 이상,재해자수,4,1,0,398.0,4,PASS
2019,분류불능,재해자수,6,1,0,1.0,6,PASS
2020,18세 ~ 24세,재해자수,6,1,0,3994.0,6,PASS
2020,18세 미만,재해자수,6,1,0,21.0,6,PASS
2020,25세 ~ 29세,재해자수,6,1,0,7094.0,6,PASS
2020,30세 ~ 34세,재해자수,6,1,0,6493.0,6,PASS
2020,35세 ~ 39세,재해자수,6,1,0,7222.0,6,PASS
2020,40세 ~ 44세,재해자수,6,1,0,8675.0,6,PASS
2020,45세 ~ 49세,재해자수,6,1,0,10620.0,6,PASS
2020,50세 ~ 54세,재해자수,6,1,0,14215.0,6,PASS
2020,55세 ~ 59세,재해자수,6,1,0,16842.0,6,PASS
2020,60세 ~ 64세,재해자수,4,1,0,17026.0,4,PASS
2020,60세 이상,재해자수,2,1,0,33203.0,2,PASS
2020,65세 ~ 69세,재해자수,4,1,0,9656.0,4,PASS
2020,70세 ~ 74세,재해자수,4,1,0,4232.0,4,PASS
2020,75세 ~ 79세,재해자수,4,1,0,1699.0,4,PASS
2020,80세 이상,재해자수,4,1,0,590.0,4,PASS
2020,분류불능,재해자수,6,1,0,0.0,6,PASS
2021,18세 ~ 24세,재해자수,5,1,0,4077.0,5,PASS
2021,18세 미만,재해자수,5,1,0,26.0,5,PASS
2021,25세 ~ 29세,재해자수,5,1,0,7695.0,5,PASS
2021,30세 ~ 34세,재해자수,5,1,0,7823.0,5,PASS
2021,35세 ~ 39세,재해자수,5,1,0,7869.0,5,PASS
2021,40세 ~ 44세,재해자수,5,1,0,10113.0,5,PASS
2021,45세 ~ 49세,재해자수,5,1,0,11306.0,5,PASS
2021,50세 ~ 54세,재해자수,5,1,0,15619.0,5,PASS
2021,55세 ~ 59세,재해자수,5,1,0,17898.0,5,PASS
2021,60세 ~ 64세,재해자수,3,1,0,19642.0,3,PASS
2021,60세 이상,재해자수,2,1,0,40287.0,2,PASS
2021,65세 ~ 69세,재해자수,3,1,0,12036.0,3,PASS
2021,70세 ~ 74세,재해자수,3,1,0,5511.0,3,PASS
2021,75세 ~ 79세,재해자수,3,1,0,2192.0,3,PASS
2021,80세 이상,재해자수,3,1,0,906.0,3,PASS
2021,분류불능,재해자수,5,1,0,0.0,5,PASS
2022,18세 ~ 24세,재해자수,4,1,0,4261.0,4,PASS
2022,18세 미만,재해자수,4,1,0,38.0,4,PASS
2022,25세 ~ 29세,재해자수,4,1,0,7608.0,4,PASS
2022,30세 ~ 34세,재해자수,4,1,0,8378.0,4,PASS
2022,35세 ~ 39세,재해자수,4,1,0,7805.0,4,PASS
2022,40세 ~ 44세,재해자수,4,1,0,10782.0,4,PASS
2022,45세 ~ 49세,재해자수,4,1,0,11369.0,4,PASS
2022,50세 ~ 54세,재해자수,4,1,0,16111.0,4,PASS
2022,55세 ~ 59세,재해자수,4,1,0,18664.0,4,PASS
2022,60세 ~ 64세,재해자수,2,1,0,20558.0,2,PASS
2022,60세 이상,재해자수,2,1,0,45332.0,2,PASS
2022,65세 ~ 69세,재해자수,2,1,0,14324.0,2,PASS
2022,70세 ~ 74세,재해자수,2,1,0,6451.0,2,PASS
2022,75세 ~ 79세,재해자수,2,1,0,2676.0,2,PASS
2022,80세 이상,재해자수,2,1,0,1323.0,2,PASS
2022,분류불능,재해자수,4,1,0,0.0,4,PASS
2023,18세 ~ 24세,재해자수,3,1,0,4137.0,3,PASS
2023,18세 미만,재해자수,3,1,0,45.0,3,PASS
2023,25세 ~ 29세,재해자수,3,1,0,7986.0,3,PASS
2023,30세 ~ 34세,재해자수,3,1,0,8978.0,3,PASS
2023,35세 ~ 39세,재해자수,3,1,0,8269.0,3,PASS
2023,40세 ~ 44세,재해자수,3,1,0,10919.0,3,PASS
2023,45세 ~ 49세,재해자수,3,1,0,11633.0,3,PASS
2023,50세 ~ 54세,재해자수,3,1,0,15922.0,3,PASS
2023,55세 ~ 59세,재해자수,3,1,0,19338.0,3,PASS
2023,60세 ~ 64세,재해자수,2,1,0,21375.0,2,PASS
2023,60세 이상,재해자수,1,1,0,49569.0,1,PASS
2023,65세 ~ 69세,재해자수,2,1,0,16024.0,2,PASS
2023,70세 ~ 74세,재해자수,2,1,0,7613.0,2,PASS
2023,75세 ~ 79세,재해자수,2,1,0,3149.0,2,PASS
2023,80세 이상,재해자수,2,1,0,1408.0,2,PASS
2023,분류불능,재해자수,3,1,0,0.0,3,PASS
2024,18세 ~ 24세,재해자수,2,1,0,3835.0,2,PASS
2024,18세 미만,재해자수,2,1,0,59.0,2,PASS
2024,25세 ~ 29세,재해자수,2,1,0,7909.0,2,PASS
2024,30세 ~ 34세,재해자수,2,1,0,9326.0,2,PASS
2024,35세 ~ 39세,재해자수,2,1,0,8360.0,2,PASS
2024,40세 ~ 44세,재해자수,2,1,0,10436.0,2,PASS
2024,45세 ~ 49세,재해자수,2,1,0,11971.0,2,PASS
2024,50세 ~ 54세,재해자수,2,1,0,16063.0,2,PASS
2024,55세 ~ 59세,재해자수,2,1,0,20239.0,2,PASS
2024,60세 ~ 64세,재해자수,2,1,0,21884.0,2,PASS
2024,65세 ~ 69세,재해자수,2,1,0,18563.0,2,PASS
2024,70세 ~ 74세,재해자수,2,1,0,9051.0,2,PASS
2024,75세 ~ 79세,재해자수,2,1,0,3622.0,2,PASS
2024,80세 이상,재해자수,2,1,0,1453.0,2,PASS
2024,분류불능,재해자수,2,1,0,0.0,2,PASS
2025,18세 ~ 24세,재해자수,1,1,0,3677.0,1,PASS
2025,18세 미만,재해자수,1,1,0,29.0,1,PASS
2025,25세 ~ 29세,재해자수,1,1,0,7793.0,1,PASS
2025,30세 ~ 34세,재해자수,1,1,0,9142.0,1,PASS
2025,35세 ~ 39세,재해자수,1,1,0,8389.0,1,PASS
2025,40세 ~ 44세,재해자수,1,1,0,9767.0,1,PASS
2025,45세 ~ 49세,재해자수,1,1,0,12040.0,1,PASS
2025,50세 ~ 54세,재해자수,1,1,0,15228.0,1,PASS
2025,55세 ~ 59세,재해자수,1,1,0,20666.0,1,PASS
2025,60세 ~ 64세,재해자수,1,1,0,22938.0,1,PASS
2025,65세 ~ 69세,재해자수,1,1,0,20920.0,1,PASS
2025,70세 ~ 74세,재해자수,1,1,0,11159.0,1,PASS
2025,75세 ~ 79세,재해자수,1,1,0,3995.0,1,PASS
2025,80세 이상,재해자수,1,1,0,1387.0,1,PASS
2025,분류불능,재해자수,1,1,0,0.0,1,PASS
