statistic_year,industry_major_clean,industry_middle_clean,accident_category,metric_name,source_rows,value_count,missing_values,accident_count,source_count,quality_status
2004,광업,석탄광업및채석업,사고재해,사고재해자수,5,2,0,164.0,5,CONFLICT
2004,광업,석회석·금속·비금속광업및기타광업,사고재해,사고재해자수,5,2,0,255.0,5,CONFLICT
2005,광업,석탄광업및채석업,사고재해,사고재해자수,5,2,0,110.0,5,CONFLICT
2005,광업,석회석·금속·비금속광업및기타광업,사고재해,사고재해자수,5,2,0,227.0,5,CONFLICT
2006,광업,석탄광업및채석업,사고재해,사고재해자수,5,2,0,102.0,5,CONFLICT
2006,광업,석회석·금속·비금속광업및기타광업,사고재해,사고재해자수,5,2,0,206.0,5,CONFLICT
2007,광업,석탄광업및채석업,사고재해,사고재해자수,5,2,0,115.0,5,CONFLICT
2007,광업,석회석·금속·비금속광업및기타광업,사고재해,사고재해자수,5,2,0,178.0,5,CONFLICT
2009,광업,석탄광업및채석업,사고재해,사고재해자수,5,2,0,88.0,5,CONFLICT
2009,광업,석회석·금속·비금속광업및기타광업,사고재해,사고재해자수,5,2,0,160.0,5,CONFLICT
2012,광업,석탄광업및채석업,사고재해,사고재해자수,5,2,0,69.0,5,CONFLICT
2012,광업,석회석·금속·비금속광업및기타광업,사고재해,사고재해자수,5,2,0,144.0,5,CONFLICT
