dataset,column,dtype,total_rows,null_count,null_rate_pct,unique_count,sample_values
PUB-001_자립형일자리_행정구역코드,dstrCd,str,19,0,0.0,19,1100000000 | 2900000000 | 3000000000
PUB-001_자립형일자리_행정구역코드,dstrName,str,19,0,0.0,19,서울특별시 | 전남광주통합(광주) | 대전광역시
PUB-001_자립형일자리_행정구역코드,largeClass,str,19,0,0.0,19,11 | 29 | 30
PUB-001_자립형일자리_행정구역코드,middleClass,str,19,0,0.0,1,00
PUB-001_자립형일자리_행정구역코드,smallClass,str,19,0,0.0,1,000000
PUB-001_자립형일자리_행정구역코드,source_dataset,str,19,0,0.0,1,PUB-001_자립형일자리_행정구역코드
PUB-001_자립형일자리_행정구역코드,source_endpoint,str,19,0,0.0,1,https://apis.data.go.kr/B552474/JobBsnInfoService/getJobAdministCodeList
PUB-002A_노인사회활동_지역코드,contRegnStr1Code,str,340,0,0.0,20,1100000000 | 1200000000 | 2600000000
PUB-002A_노인사회활동_지역코드,contRegnStr1Name,str,340,0,0.0,25,서울특별시 | 전남광주통합특별시 | 부산광역시
PUB-002A_노인사회활동_지역코드,contRegnStr2Code,str,340,0,0.0,336,1100000000 | 1100900000 | 1111000000
PUB-002A_노인사회활동_지역코드,contRegnStr2Name,str,340,23,6.76,245,직속 | 종로구 | 중구
PUB-002A_노인사회활동_지역코드,source_dataset,str,340,0,0.0,1,PUB-002A_노인사회활동_지역코드
PUB-002A_노인사회활동_지역코드,source_endpoint,str,340,0,0.0,1,https://apis.data.go.kr/B552474/OdsnCodeInquiryService2/getOdsnAreaCodeInquiryList2
PUB-002B_노인사회활동_기관코드,orgCd,str,3935,0,0.0,3935,0000794 | 0002931 | 0001810
PUB-002B_노인사회활동_기관코드,orgName,str,3935,0,0.0,3752,중계종합사회복지관 | 부산 해운대구(일자리경제과) | 나눔평생교육원
PUB-002B_노인사회활동_기관코드,source_dataset,str,3935,0,0.0,1,PUB-002B_노인사회활동_기관코드
PUB-002B_노인사회활동_기관코드,source_endpoint,str,3935,0,0.0,1,https://apis.data.go.kr/B552474/OdsnCodeInquiryService2/getOdsnOrgCodeInquiryList2
PUB-003_자립형일자리_수행기관,dtlAddr,str,1485,1148,77.31,289,317-25 | 122 | 661-4 1층 복지2과
PUB-003_자립형일자리_수행기관,faxNum,str,1485,0,0.0,1,******
PUB-003_자립형일자리_수행기관,orgCd,str,1485,0,0.0,1485,0000002 | 0000003 | 0000004
PUB-003_자립형일자리_수행기관,orgName,str,1485,0,0.0,1481,성가정노인종합복지관 | 강북노인종합복지관 | 강서노인종합복지관
PUB-003_자립형일자리_수행기관,orgTypeNm,str,1485,0,0.0,1,수행기관
PUB-003_자립형일자리_수행기관,telNum,str,1485,0,0.0,1,******
PUB-003_자립형일자리_수행기관,zipAddr,str,1485,339,22.83,1115,서울특별시 강동구고덕동  | 서울특별시 강북구수유동  | 서울특별시 강서구등촌3동
PUB-003_자립형일자리_수행기관,zipCode,str,1485,3,0.2,1371,134878 | 142870 | 157930
PUB-003_자립형일자리_수행기관,source_dataset,str,1485,0,0.0,1,PUB-003_자립형일자리_수행기관
PUB-003_자립형일자리_수행기관,source_endpoint,str,1485,0,0.0,1,https://apis.data.go.kr/B552474/JobBsnInfoService/getJobOperInsttList
PUB-005_장기요양_인정현황,1등급,str,210,0,0.0,53,54368 | 13.90 | 46994
PUB-005_장기요양_인정현황,2등급,str,210,0,0.0,57,71093 | 18.20 | 73833
PUB-005_장기요양_인정현황,3등급,str,210,0,0.0,55,161446 | 41.40 | 195167
PUB-005_장기요양_인정현황,구분1,str,210,26,12.38,24,2009 | 2010 | 2011
PUB-005_장기요양_인정현황,구분2,str,210,0,0.0,2,인원 | 비율
PUB-005_장기요양_인정현황,등급외A,str,210,0,0.0,55,60501 | 15.50 | 92356
PUB-005_장기요양_인정현황,등급외B,str,210,0,0.0,55,27424 | 7.00 | 40296
PUB-005_장기요양_인정현황,등급외C,str,210,0,0.0,49,15698 | 4.00 | 17131
PUB-005_장기요양_인정현황,등급외자소계,str,210,26,12.38,46,103623 | 26.50 | 149783
PUB-005_장기요양_인정현황,인정자소계,str,210,26,12.38,46,286907 | 73.50 | 315994
PUB-005_장기요양_인정현황,전체계,object,210,26,12.38,26,390530 | 100 | 465777
PUB-005_장기요양_인정현황,source_period,str,210,0,0.0,9,2013Q4 | 2014Q1 | 2014Q2
PUB-005_장기요양_인정현황,source_endpoint,str,210,0,0.0,9,https://api.odcloud.kr/api/3051420/v1/uddi:8bc5421b-b709-4e92-ab61-8a5e9571e4f0_201610261438 | https://api.odcloud.kr/api/3051420/v1/uddi:442633de-1cd7-46f1-90b7-9e3e98875938_201610261437 | https://api.odcloud.kr/api/3051420/v1/uddi:2e0aee8a-3c5b-4fd2-abb9-ca26005ef5c3_201610261439
PUB-005_장기요양_인정현황,source_dataset,str,210,0,0.0,1,PUB-005_장기요양_인정현황
PUB-005_장기요양_인정현황,4등급,str,210,44,20.95,35,134032.0 | 11.4 | 162763.0
PUB-005_장기요양_인정현황,5등급,str,210,44,20.95,35,10456.0 | 0.9 | 19472.0
PUB-005_장기요양_인정현황,시작일,str,210,184,87.62,13,2009-01-01 | 2010-01-01 | 2011-01-01
PUB-005_장기요양_인정현황,인지지원등급,str,210,52,24.76,20,11271.0 | 0.7 | 15647.0
PUB-005_장기요양_인정현황,종료일,str,210,184,87.62,13,2009-12-31 | 2010-12-31 | 2011-12-31
PUB-006_연령별_재해자수,2004년 재해자수,float64,82,15,18.29,16,53.0 | 4037.0 | 8188.0
PUB-006_연령별_재해자수,2005년 재해자수,float64,82,15,18.29,16,62.0 | 3693.0 | 8288.0
PUB-006_연령별_재해자수,2006년 재해자수,float64,82,15,18.29,16,96.0 | 3695.0 | 8689.0
PUB-006_연령별_재해자수,2007년 재해자수,float64,82,15,18.29,16,123.0 | 3474.0 | 8304.0
PUB-006_연령별_재해자수,2008년 재해자수,float64,82,15,18.29,16,186.0 | 3475.0 | 8292.0
PUB-006_연령별_재해자수,2009년 재해자수,float64,82,15,18.29,16,151.0 | 3684.0 | 7526.0
PUB-006_연령별_재해자수,2010년 재해자수,float64,82,15,18.29,16,182.0 | 3773.0 | 6552.0
PUB-006_연령별_재해자수,2011년 재해자수,float64,82,15,18.29,16,171.0 | 3426.0 | 5561.0
PUB-006_연령별_재해자수,2012년 재해자수,float64,82,15,18.29,16,129.0 | 3376.0 | 5031.0
PUB-006_연령별_재해자수,2013년 재해자수,float64,82,15,18.29,16,100.0 | 3391.0 | 4642.0
PUB-006_연령별_재해자수,2014년 재해자수,float64,82,15,18.29,16,94.0 | 3659.0 | 4679.0
PUB-006_연령별_재해자수,2015년 재해자수,float64,82,15,18.29,16,94.0 | 3618.0 | 4656.0
PUB-006_연령별_재해자수,2016년 재해자수,float64,82,15,18.29,16,79.0 | 3669.0 | 4920.0
PUB-006_연령별_재해자수,2017년 재해자수,float64,82,15,18.29,16,61.0 | 3593.0 | 5108.0
PUB-006_연령별_재해자수,2018년 재해자수,float64,82,15,18.29,16,41.0 | 4013.0 | 6127.0
PUB-006_연령별_재해자수,2019년 재해자수,float64,82,15,18.29,16,33.0 | 4191.0 | 6942.0
PUB-006_연령별_재해자수,2020년 재해자수,float64,82,15,18.29,16,21.0 | 3994.0 | 7094.0
PUB-006_연령별_재해자수,구분,str,82,0,0.0,16,18세 미만 | 18세 ~ 24세 | 25세 ~ 29세
PUB-006_연령별_재해자수,source_period,str,82,0,0.0,6,2020 | 2021 | 2022
PUB-006_연령별_재해자수,source_endpoint,str,82,0,0.0,6,https://api.odcloud.kr/api/15064486/v1/uddi:3d1647ed-bc3e-4c9c-8422-c36c72dbbd21 | https://api.odcloud.kr/api/15064486/v1/uddi:f2304b91-8dbb-412e-bc26-911d27a5efb4 | https://api.odcloud.kr/api/15064486/v1/uddi:d1484fb9-a10a-46e7-9bbf-f4743d8bf90e
PUB-006_연령별_재해자수,source_dataset,str,82,0,0.0,1,PUB-006_연령별_재해자수
PUB-006_연령별_재해자수,2004,float64,82,67,81.71,15,53.0 | 4037.0 | 8188.0
PUB-006_연령별_재해자수,2005,float64,82,67,81.71,15,62.0 | 3693.0 | 8288.0
PUB-006_연령별_재해자수,2006,float64,82,67,81.71,15,96.0 | 3695.0 | 8689.0
PUB-006_연령별_재해자수,2007,float64,82,67,81.71,15,123.0 | 3474.0 | 8304.0
PUB-006_연령별_재해자수,2008,float64,82,67,81.71,15,186.0 | 3475.0 | 8292.0
PUB-006_연령별_재해자수,2009,float64,82,67,81.71,15,151.0 | 3684.0 | 7526.0
PUB-006_연령별_재해자수,2010,float64,82,67,81.71,15,182.0 | 3773.0 | 6552.0
PUB-006_연령별_재해자수,2011,float64,82,67,81.71,15,171.0 | 3426.0 | 5561.0
PUB-006_연령별_재해자수,2012,float64,82,67,81.71,15,129.0 | 3376.0 | 5031.0
PUB-006_연령별_재해자수,2013,float64,82,67,81.71,15,100.0 | 3391.0 | 4642.0
PUB-006_연령별_재해자수,2014,float64,82,67,81.71,15,94.0 | 3659.0 | 4679.0
PUB-006_연령별_재해자수,2015,float64,82,67,81.71,15,94.0 | 3618.0 | 4656.0
PUB-006_연령별_재해자수,2016,float64,82,67,81.71,15,79.0 | 3669.0 | 4920.0
PUB-006_연령별_재해자수,2017,float64,82,67,81.71,15,61.0 | 3593.0 | 5108.0
PUB-006_연령별_재해자수,2018,float64,82,67,81.71,15,41.0 | 4013.0 | 6127.0
PUB-006_연령별_재해자수,2019,float64,82,67,81.71,15,33.0 | 4191.0 | 6942.0
PUB-006_연령별_재해자수,2020,float64,82,67,81.71,15,21.0 | 3994.0 | 7094.0
PUB-006_연령별_재해자수,2021,float64,82,67,81.71,15,26.0 | 4077.0 | 7695.0
PUB-006_연령별_재해자수,2021년 재해자수,float64,82,30,36.59,16,26.0 | 4077.0 | 7695.0
PUB-006_연령별_재해자수,2022년 재해자수,float64,82,30,36.59,16,38.0 | 4261.0 | 7608.0
PUB-006_연령별_재해자수,2023년 재해자수,float64,82,41,50.0,16,45.0 | 4137.0 | 7986.0
PUB-006_연령별_재해자수,2024년 재해자수,float64,82,52,63.41,15,59.0 | 3835.0 | 7909.0
PUB-006_연령별_재해자수,2025년 재해자수,float64,82,67,81.71,15,29.0 | 3677.0 | 7793.0
PUB-007_산업중분류별_사고재해,2004년 사고재해자수,float64,180,30,16.67,31,468.0 | 164.0 | 255.0
PUB-007_산업중분류별_사고재해,2005년 사고재해자수,float64,180,30,16.67,32,480.0 | 110.0 | 227.0
PUB-007_산업중분류별_사고재해,2006년 사고재해자수,float64,180,30,16.67,32,487.0 | 102.0 | 206.0
PUB-007_산업중분류별_사고재해,2007년 사고재해자수,float64,180,30,16.67,32,443.0 | 115.0 | 178.0
PUB-007_산업중분류별_사고재해,2008년 사고재해자수,float64,180,30,16.67,30,476.0 | 88.0 | 192.0
PUB-007_산업중분류별_사고재해,2009년 사고재해자수,float64,180,30,16.67,32,422.0 | 88.0 | 160.0
PUB-007_산업중분류별_사고재해,2010년 사고재해자수,float64,180,30,16.67,30,431.0 | 74.0 | 165.0
PUB-007_산업중분류별_사고재해,2011년 사고재해자수,float64,180,30,16.67,30,382.0 | 69.0 | 149.0
PUB-007_산업중분류별_사고재해,2012년 사고재해자수,float64,180,30,16.67,32,356.0 | 69.0 | 144.0
PUB-007_산업중분류별_사고재해,2013년 사고재해자수,float64,180,30,16.67,30,317.0 | 64.0 | 134.0
PUB-007_산업중분류별_사고재해,2014년 사고재해자수,float64,180,30,16.67,30,288.0 | 24.0 | 127.0
PUB-007_산업중분류별_사고재해,2015년 사고재해자수,float64,180,30,16.67,29,258.0 | 34.0 | 111.0
PUB-007_산업중분류별_사고재해,2016년 사고재해자수,float64,180,30,16.67,30,254.0 | 42.0 | 124.0
PUB-007_산업중분류별_사고재해,2017년 사고재해자수,float64,180,30,16.67,30,236.0 | 39.0 | 119.0
PUB-007_산업중분류별_사고재해,2018년 사고재해자수,float64,180,30,16.67,30,301.0 | 28.0 | 167.0
PUB-007_산업중분류별_사고재해,2019년 사고재해자수,float64,180,30,16.67,30,337.0 | 28.0 | 158.0
PUB-007_산업중분류별_사고재해,2020년 사고재해자수,float64,180,30,16.67,30,258.0 | 17.0 | 124.0
PUB-007_산업중분류별_사고재해,구분,str,180,0,0.0,32,금융및보험업 | 석탄광업및채석업 | 석회석·금속·비금속광업및기타광업
PUB-007_산업중분류별_사고재해,대업종,str,180,0,0.0,12,금융및보험업 | 광  업 | 제조업
PUB-007_산업중분류별_사고재해,source_period,str,180,0,0.0,6,2020 | 2021 | 2022
PUB-007_산업중분류별_사고재해,source_endpoint,str,180,0,0.0,6,https://api.odcloud.kr/api/15084656/v1/uddi:79613c8f-5eae-45d4-9f4f-d047edb084dd | https://api.odcloud.kr/api/15084656/v1/uddi:3e4d3a05-30a6-46bc-95d6-9e1ebf1d51df | https://api.odcloud.kr/api/15084656/v1/uddi:fbb7e7a5-9e47-4f90-8b3c-bb2bf2fbdd81
PUB-007_산업중분류별_사고재해,source_dataset,str,180,0,0.0,1,PUB-007_산업중분류별_사고재해
PUB-007_산업중분류별_사고재해,2004,float64,180,150,83.33,29,468.0 | 159.0 | 260.0
PUB-007_산업중분류별_사고재해,2005,float64,180,150,83.33,30,480.0 | 108.0 | 229.0
PUB-007_산업중분류별_사고재해,2006,float64,180,150,83.33,30,487.0 | 101.0 | 207.0
PUB-007_산업중분류별_사고재해,2007,float64,180,150,83.33,30,443.0 | 109.0 | 184.0
PUB-007_산업중분류별_사고재해,2008,float64,180,150,83.33,30,476.0 | 88.0 | 192.0
PUB-007_산업중분류별_사고재해,2009,float64,180,150,83.33,30,422.0 | 87.0 | 161.0
PUB-007_산업중분류별_사고재해,2010,float64,180,150,83.33,30,431.0 | 74.0 | 165.0
PUB-007_산업중분류별_사고재해,2011,float64,180,150,83.33,30,382.0 | 69.0 | 149.0
PUB-007_산업중분류별_사고재해,2012,float64,180,150,83.33,30,356.0 | 68.0 | 145.0
PUB-007_산업중분류별_사고재해,2013,float64,180,150,83.33,30,317.0 | 64.0 | 134.0
PUB-007_산업중분류별_사고재해,2014,float64,180,150,83.33,30,288.0 | 24.0 | 127.0
PUB-007_산업중분류별_사고재해,2015,float64,180,150,83.33,29,258.0 | 34.0 | 111.0
PUB-007_산업중분류별_사고재해,2016,float64,180,150,83.33,30,254.0 | 42.0 | 124.0
PUB-007_산업중분류별_사고재해,2017,float64,180,150,83.33,30,236.0 | 39.0 | 119.0
PUB-007_산업중분류별_사고재해,2018,float64,180,150,83.33,30,301.0 | 28.0 | 167.0
PUB-007_산업중분류별_사고재해,2019,float64,180,150,83.33,30,337.0 | 28.0 | 158.0
PUB-007_산업중분류별_사고재해,2020,float64,180,150,83.33,30,258.0 | 17.0 | 124.0
PUB-007_산업중분류별_사고재해,2021,float64,180,150,83.33,30,297.0 | 17.0 | 116.0
PUB-007_산업중분류별_사고재해,2021년 사고재해자수,float64,180,60,33.33,30,297.0 | 17.0 | 116.0
PUB-007_산업중분류별_사고재해,2022년 사고재해자수,float64,180,60,33.33,30,465.0 | 22.0 | 127.0
PUB-007_산업중분류별_사고재해,2023년 사고재해자수,float64,180,90,50.0,30,522.0 | 22.0 | 105.0
PUB-007_산업중분류별_사고재해,2024년 사고재해자수,float64,180,120,66.67,30,539.0 | 16.0 | 96.0
PUB-007_산업중분류별_사고재해,2025년 사고재해자수,float64,180,150,83.33,30,591.0 | 14.0 | 99.0
PUB-008_노동지청별_재해자수,2004년 재해자수,float64,294,49,16.67,46,1695.0 | 3535.0 | 2112.0
PUB-008_노동지청별_재해자수,2005년 재해자수,float64,294,49,16.67,48,1617.0 | 3199.0 | 1909.0
PUB-008_노동지청별_재해자수,2006년 재해자수,float64,294,49,16.67,49,1679.0 | 2972.0 | 1904.0
PUB-008_노동지청별_재해자수,2007년 재해자수,float64,294,49,16.67,48,2686.0 | 1652.0 | 1872.0
PUB-008_노동지청별_재해자수,2008년 재해자수,float64,294,49,16.67,49,2773.0 | 1605.0 | 2213.0
PUB-008_노동지청별_재해자수,2009년 재해자수,float64,294,49,16.67,49,2643.0 | 1618.0 | 2047.0
PUB-008_노동지청별_재해자수,2010년 재해자수,float64,294,49,16.67,49,2566.0 | 1546.0 | 2193.0
PUB-008_노동지청별_재해자수,2011년 재해자수,float64,294,49,16.67,49,2483.0 | 1432.0 | 1834.0
PUB-008_노동지청별_재해자수,2012년 재해자수,float64,294,49,16.67,48,2529.0 | 1363.0 | 1827.0
PUB-008_노동지청별_재해자수,2013년 재해자수,float64,294,49,16.67,49,2594.0 | 1372.0 | 1850.0
PUB-008_노동지청별_재해자수,2014년 재해자수,float64,294,49,16.67,48,2379.0 | 1448.0 | 1970.0
PUB-008_노동지청별_재해자수,2015년 재해자수,float64,294,49,16.67,49,2350.0 | 1337.0 | 1962.0
PUB-008_노동지청별_재해자수,2016년 재해자수,float64,294,49,16.67,49,2406.0 | 1320.0 | 2032.0
PUB-008_노동지청별_재해자수,2017년 재해자수,float64,294,49,16.67,49,2268.0 | 1263.0 | 2023.0
PUB-008_노동지청별_재해자수,2018년 재해자수,float64,294,49,16.67,49,2607.0 | 1459.0 | 2394.0
PUB-008_노동지청별_재해자수,2019년 재해자수,float64,294,49,16.67,48,2786.0 | 1570.0 | 2587.0
PUB-008_노동지청별_재해자수,2020년 재해자수,float64,294,49,16.67,49,2553.0 | 1561.0 | 2495.0
PUB-008_노동지청별_재해자수,구분,str,294,0,0.0,49,서 울 청 | 서울강남 | 서울동부
PUB-008_노동지청별_재해자수,source_period,str,294,0,0.0,6,2020 | 2021 | 2022
PUB-008_노동지청별_재해자수,source_endpoint,str,294,0,0.0,6,https://api.odcloud.kr/api/15064475/v1/uddi:45b708b3-a352-4c5c-bed7-db74df07129d | https://api.odcloud.kr/api/15064475/v1/uddi:b83119d1-f070-442c-b0b8-885cb9adc2ae | https://api.odcloud.kr/api/15064475/v1/uddi:f2c37b4f-65c2-476b-8559-e88430401155
PUB-008_노동지청별_재해자수,source_dataset,str,294,0,0.0,1,PUB-008_노동지청별_재해자수
PUB-008_노동지청별_재해자수,2004,float64,294,245,83.33,46,1695.0 | 3535.0 | 2112.0
PUB-008_노동지청별_재해자수,2005,float64,294,245,83.33,48,1617.0 | 3199.0 | 1909.0
PUB-008_노동지청별_재해자수,2006,float64,294,245,83.33,49,1679.0 | 2972.0 | 1904.0
PUB-008_노동지청별_재해자수,2007,float64,294,245,83.33,48,2686.0 | 1652.0 | 1872.0
PUB-008_노동지청별_재해자수,2008,float64,294,245,83.33,49,2773.0 | 1605.0 | 2213.0
PUB-008_노동지청별_재해자수,2009,float64,294,245,83.33,49,2643.0 | 1618.0 | 2047.0
PUB-008_노동지청별_재해자수,2010,float64,294,245,83.33,49,2566.0 | 1546.0 | 2193.0
PUB-008_노동지청별_재해자수,2011,float64,294,245,83.33,49,2483.0 | 1432.0 | 1834.0
PUB-008_노동지청별_재해자수,2012,float64,294,245,83.33,48,2529.0 | 1363.0 | 1827.0
PUB-008_노동지청별_재해자수,2013,float64,294,245,83.33,49,2594.0 | 1372.0 | 1850.0
PUB-008_노동지청별_재해자수,2014,float64,294,245,83.33,48,2379.0 | 1448.0 | 1970.0
PUB-008_노동지청별_재해자수,2015,float64,294,245,83.33,49,2350.0 | 1337.0 | 1962.0
PUB-008_노동지청별_재해자수,2016,float64,294,245,83.33,49,2406.0 | 1320.0 | 2032.0
PUB-008_노동지청별_재해자수,2017,float64,294,245,83.33,49,2268.0 | 1263.0 | 2023.0
PUB-008_노동지청별_재해자수,2018,float64,294,245,83.33,49,2607.0 | 1459.0 | 2394.0
PUB-008_노동지청별_재해자수,2019,float64,294,245,83.33,48,2786.0 | 1570.0 | 2587.0
PUB-008_노동지청별_재해자수,2020,float64,294,245,83.33,49,2553.0 | 1561.0 | 2495.0
PUB-008_노동지청별_재해자수,2021,float64,294,245,83.33,48,2758.0 | 2024.0 | 2901.0
PUB-008_노동지청별_재해자수,2021년 재해자수,float64,294,98,33.33,48,2758.0 | 2024.0 | 2901.0
PUB-008_노동지청별_재해자수,2022년 재해자수,float64,294,98,33.33,49,3024.0 | 1895.0 | 3834.0
PUB-008_노동지청별_재해자수,2023년 재해자수,float64,294,147,50.0,49,3071.0 | 2065.0 | 3948.0
PUB-008_노동지청별_재해자수,2024년 재해자수,float64,294,196,66.67,49,3209.0 | 2063.0 | 5303.0
PUB-008_노동지청별_재해자수,2025년 재해자수,float64,294,245,83.33,49,3675.0 | 2052.0 | 4827.0
PUB-009_산업규모별_재해자수,"1,000인 이상",float64,180,150,83.33,21,9.0 | 69.0 | 0.0
PUB-009_산업규모별_재해자수,100인-299인,float64,180,60,33.33,95,17.0 | 496.0 | 26.0
PUB-009_산업규모별_재해자수,10인-19인,float64,180,60,33.33,106,78.0 | 54.0 | 75.0
PUB-009_산업규모별_재해자수,20인-29인,float64,180,60,33.33,101,38.0 | 85.0 | 61.0
PUB-009_산업규모별_재해자수,300인-499인,float64,180,60,33.33,65,12.0 | 455.0 | 7.0
PUB-009_산업규모별_재해자수,30인-49인,float64,180,60,33.33,100,54.0 | 137.0 | 51.0
PUB-009_산업규모별_재해자수,500인-999인,float64,180,60,33.33,63,5.0 | 906.0 | 0.0
PUB-009_산업규모별_재해자수,50인-99인,float64,180,60,33.33,100,35.0 | 115.0 | 30.0
PUB-009_산업규모별_재해자수,5인 미만,float64,180,60,33.33,107,44.0 | 42.0 | 69.0
PUB-009_산업규모별_재해자수,5인-9인,float64,180,60,33.33,97,49.0 | 36.0 | 39.0
PUB-009_산업규모별_재해자수,구분,str,180,0,0.0,32,금융및보험업 | 석탄광업및채석업 | 석회석·금속·비금속광업및기타광업
PUB-009_산업규모별_재해자수,대업종,str,180,0,0.0,12,금융및보험업 | 광  업 | 제조업
PUB-009_산업규모별_재해자수,source_period,str,180,0,0.0,6,2020 | 2021 | 2022
PUB-009_산업규모별_재해자수,source_endpoint,str,180,0,0.0,6,https://api.odcloud.kr/api/15064490/v1/uddi:c99ee393-2d14-4b2f-99d3-a9ab4a0d63df | https://api.odcloud.kr/api/15064490/v1/uddi:395f1d49-c4e8-43c1-8234-a921e75661cf | https://api.odcloud.kr/api/15064490/v1/uddi:516495df-babb-400a-918f-9e9b046aee96
PUB-009_산업규모별_재해자수,source_dataset,str,180,0,0.0,1,PUB-009_산업규모별_재해자수
PUB-009_산업규모별_재해자수,1000인 이상,float64,180,90,50.0,55,12.0 | 96.0 | 0.0
PUB-009_산업규모별_재해자수,1000인 이상사업장수,float64,180,150,83.33,24,120.0 | 71.0 | 0.0
PUB-009_산업규모별_재해자수,100인-299인 사업장수,float64,180,150,83.33,29,35.0 | 458.0 | 41.0
PUB-009_산업규모별_재해자수,10인-19인 사업장수,float64,180,150,83.33,29,99.0 | 36.0 | 86.0
PUB-009_산업규모별_재해자수,20인-29인 사업장수,float64,180,150,83.33,30,49.0 | 58.0 | 66.0
PUB-009_산업규모별_재해자수,300인-499인 사업장수,float64,180,150,83.33,26,13.0 | 836.0 | 0.0
PUB-009_산업규모별_재해자수,30인-49인 사업장수,float64,180,150,83.33,30,84.0 | 140.0 | 52.0
PUB-009_산업규모별_재해자수,500인-999인 사업장수,float64,180,150,83.33,24,18.0 | 681.0 | 0.0
PUB-009_산업규모별_재해자수,50인-99인 사업장수,float64,180,150,83.33,29,77.0 | 123.0 | 32.0
PUB-009_산업규모별_재해자수,5인 미만 사업장수,float64,180,150,83.33,29,53.0 | 93.0 | 472.0
PUB-009_산업규모별_재해자수,5인-9인 사업장수,float64,180,150,83.33,29,42.0 | 29.0 | 54.0
PUB-009_산업규모별_재해자수,1000인 이상 근로자수,float64,180,150,83.33,23,100.0 | 49.0 | 0.0
PUB-009_산업규모별_재해자수,100인 - 299인 근로자수,float64,180,150,83.33,29,54.0 | 1115.0 | 26.0
PUB-009_산업규모별_재해자수,10인 - 19인 근로자수,float64,180,150,83.33,30,90.0 | 33.0 | 61.0
PUB-009_산업규모별_재해자수,20인 - 29인 근로자수,float64,180,150,83.33,28,59.0 | 39.0 | 56.0
PUB-009_산업규모별_재해자수,300인 - 499인 근로자수,float64,180,150,83.33,24,19.0 | 94.0 | 4.0
PUB-009_산업규모별_재해자수,30인 - 49인 근로자수,float64,180,150,83.33,30,96.0 | 90.0 | 47.0
PUB-009_산업규모별_재해자수,500인 - 999인 근로자수,float64,180,150,83.33,25,19.0 | 493.0 | 0.0
PUB-009_산업규모별_재해자수,50인 - 99인 근로자수,float64,180,150,83.33,30,88.0 | 133.0 | 25.0
PUB-009_산업규모별_재해자수,5인 - 9인 근로자수,float64,180,150,83.33,30,60.0 | 19.0 | 41.0
PUB-009_산업규모별_재해자수,5인 미만 근로자수,float64,180,150,83.33,28,78.0 | 37.0 | 82.0
PUB-010_시도별_장기요양판정,성별,str,8001,0,0.0,2,남자 | 여자
PUB-010_시도별_장기요양판정,시도,str,8001,0,0.0,36,서울특별시 | 부산광역시 | 대구광역시
PUB-010_시도별_장기요양판정,자격,str,8001,0,0.0,6,일반 | 경감 | 의료급여
PUB-010_시도별_장기요양판정,판정등급,str,8001,0,0.0,7,1등급 | 2등급 | 3등급
PUB-010_시도별_장기요양판정,판정인원수,object,8001,0,0.0,3017,1848 | 2552 | 6392
PUB-010_시도별_장기요양판정,source_period,str,8001,0,0.0,9,2015 | 2016 | 2018
PUB-010_시도별_장기요양판정,source_endpoint,str,8001,0,0.0,9,https://api.odcloud.kr/api/15072696/v1/uddi:553b4d25-80c0-471b-9cc7-af7abee0b329 | https://api.odcloud.kr/api/15072696/v1/uddi:b5b43d81-31d0-4b31-8c0f-9e83d6202da9 | https://api.odcloud.kr/api/15072696/v1/uddi:ef2810b1-0856-4b7e-aa78-88e3c58c1a38
PUB-010_시도별_장기요양판정,source_dataset,str,8001,0,0.0,1,PUB-010_시도별_장기요양판정
