dataset,period,status,rows
PUB-005_장기요양_인정현황,2013Q4,SUCCESS,10
PUB-005_장기요양_인정현황,2014Q1,SUCCESS,12
PUB-005_장기요양_인정현황,2014Q2,SUCCESS,12
PUB-005_장기요양_인정현황,2020,SUCCESS,26
PUB-005_장기요양_인정현황,2021,SUCCESS,26
PUB-005_장기요양_인정현황,2022,SUCCESS,28
PUB-005_장기요양_인정현황,2023,SUCCESS,30
PUB-005_장기요양_인정현황,2024,SUCCESS,32
PUB-005_장기요양_인정현황,2025,SUCCESS,34
PUB-006_연령별_재해자수,2020,SUCCESS,15
PUB-006_연령별_재해자수,2021,SUCCESS,15
PUB-006_연령별_재해자수,2022,SUCCESS,11
PUB-006_연령별_재해자수,2023,SUCCESS,11
PUB-006_연령별_재해자수,2024,SUCCESS,15
PUB-006_연령별_재해자수,2025,SUCCESS,15
PUB-007_산업중분류별_사고재해,2020,SUCCESS,30
PUB-007_산업중분류별_사고재해,2021,SUCCESS,30
PUB-007_산업중분류별_사고재해,2022,SUCCESS,30
PUB-007_산업중분류별_사고재해,2023,SUCCESS,30
PUB-007_산업중분류별_사고재해,2024,SUCCESS,30
PUB-007_산업중분류별_사고재해,2025,SUCCESS,30
PUB-008_노동지청별_재해자수,2020,SUCCESS,49
PUB-008_노동지청별_재해자수,2021,SUCCESS,49
PUB-008_노동지청별_재해자수,2022,SUCCESS,49
PUB-008_노동지청별_재해자수,2023,SUCCESS,49
PUB-008_노동지청별_재해자수,2024,SUCCESS,49
PUB-008_노동지청별_재해자수,2025,SUCCESS,49
PUB-009_산업규모별_재해자수,2020,SUCCESS,30
PUB-009_산업규모별_재해자수,2021,SUCCESS,30
PUB-009_산업규모별_재해자수,2022,SUCCESS,30
PUB-009_산업규모별_재해자수,2023,SUCCESS,30
PUB-009_산업규모별_재해자수,2024,SUCCESS,30
PUB-009_산업규모별_재해자수,2025,SUCCESS,30
PUB-010_시도별_장기요양판정,2015,SUCCESS,812
PUB-010_시도별_장기요양판정,2016,SUCCESS,811
PUB-010_시도별_장기요양판정,2018,SUCCESS,813
PUB-010_시도별_장기요양판정,2019,SUCCESS,813
PUB-010_시도별_장기요양판정,2020,SUCCESS,947
PUB-010_시도별_장기요양판정,2021,SUCCESS,949
PUB-010_시도별_장기요양판정,2022,SUCCESS,952
PUB-010_시도별_장기요양판정,2024,SUCCESS,952
PUB-010_시도별_장기요양판정,2025,SUCCESS,952
