2004년 재해자수,2005년 재해자수,2006년 재해자수,2007년 재해자수,2008년 재해자수,2009년 재해자수,2010년 재해자수,2011년 재해자수,2012년 재해자수,2013년 재해자수,2014년 재해자수,2015년 재해자수,2016년 재해자수,2017년 재해자수,2018년 재해자수,2019년 재해자수,2020년 재해자수,구분,source_period,source_endpoint,source_dataset
53,62,96,123,186,151,182,171,129,100,94,94,79,61,41,33,21,18세 미만,2020,https://api.odcloud.kr/api/15064486/v1/uddi:3d1647ed-bc3e-4c9c-8422-c36c72dbbd21,PUB-006_연령별_재해자수
4037,3693,3695,3474,3475,3684,3773,3426,3376,3391,3659,3618,3669,3593,4013,4191,3994,18세 ~ 24세,2020,https://api.odcloud.kr/api/15064486/v1/uddi:3d1647ed-bc3e-4c9c-8422-c36c72dbbd21,PUB-006_연령별_재해자수
8188,8288,8689,8304,8292,7526,6552,5561,5031,4642,4679,4656,4920,5108,6127,6942,7094,25세 ~ 29세,2020,https://api.odcloud.kr/api/15064486/v1/uddi:3d1647ed-bc3e-4c9c-8422-c36c72dbbd21,PUB-006_연령별_재해자수
10552,9637,9615,8982,9330,8905,8618,7775,7604,6847,6370,5631,5369,5018,5798,6415,6493,30세 ~ 34세,2020,https://api.odcloud.kr/api/15064486/v1/uddi:3d1647ed-bc3e-4c9c-8422-c36c72dbbd21,PUB-006_연령별_재해자수
12052,11576,11718,11355,11516,10613,9933,8690,7983,7368,7253,6871,6785,6315,7256,7433,7222,35세 ~ 39세,2020,https://api.odcloud.kr/api/15064486/v1/uddi:3d1647ed-bc3e-4c9c-8422-c36c72dbbd21,PUB-006_연령별_재해자수
13341,12099,12358,12271,13020,12650,12583,11256,10778,9949,9226,8411,7828,7029,7929,8585,8675,40세 ~ 44세,2020,https://api.odcloud.kr/api/15064486/v1/uddi:3d1647ed-bc3e-4c9c-8422-c36c72dbbd21,PUB-006_연령별_재해자수
13287,13278,14299,14119,14889,14349,14406,13172,12567,12238,11918,11296,10754,10169,11173,11292,10620,45세 ~ 49세,2020,https://api.odcloud.kr/api/15064486/v1/uddi:3d1647ed-bc3e-4c9c-8422-c36c72dbbd21,PUB-006_연령별_재해자수
10013,10236,11363,12386,14015,14942,15976,15694,15663,15473,14487,13803,13287,12670,14081,14813,14215,50세 ~ 54세,2020,https://api.odcloud.kr/api/15064486/v1/uddi:3d1647ed-bc3e-4c9c-8422-c36c72dbbd21,PUB-006_연령별_재해자수
8023,7718,8582,8826,9566,11131,12349,12649,13586,14478,14810,15717,15923,15571,17463,17876,16842,55세 ~ 59세,2020,https://api.odcloud.kr/api/15064486/v1/uddi:3d1647ed-bc3e-4c9c-8422-c36c72dbbd21,PUB-006_연령별_재해자수
5462,4994,5097,5482,6360,7385,7807,8144,8266,9056,9733,10809,11909,13053,15419,16936,17026,60세 ~ 64세,2020,https://api.odcloud.kr/api/15064486/v1/uddi:3d1647ed-bc3e-4c9c-8422-c36c72dbbd21,PUB-006_연령별_재해자수
2782,2714,3056,3350,3569,4143,4095,4210,4439,5053,5445,5709,6312,6842,7862,9001,9656,65세 ~ 69세,2020,https://api.odcloud.kr/api/15064486/v1/uddi:3d1647ed-bc3e-4c9c-8422-c36c72dbbd21,PUB-006_연령별_재해자수
773,773,929,1073,1226,1745,1782,1915,2162,2423,2263,2374,2610,3003,3513,3873,4232,70세 ~ 74세,2020,https://api.odcloud.kr/api/15064486/v1/uddi:3d1647ed-bc3e-4c9c-8422-c36c72dbbd21,PUB-006_연령별_재해자수
149,174,205,215,280,475,489,507,556,656,754,881,980,1161,1293,1453,1699,75세 ~ 79세,2020,https://api.odcloud.kr/api/15064486/v1/uddi:3d1647ed-bc3e-4c9c-8422-c36c72dbbd21,PUB-006_연령별_재해자수
49,55,60,86,82,117,100,122,111,150,217,243,224,255,337,398,590,80세 이상,2020,https://api.odcloud.kr/api/15064486/v1/uddi:3d1647ed-bc3e-4c9c-8422-c36c72dbbd21,PUB-006_연령별_재해자수
113,114,148,101,0,5,0,0,5,0,1,16,7,0,0,1,0,분류불능,2020,https://api.odcloud.kr/api/15064486/v1/uddi:3d1647ed-bc3e-4c9c-8422-c36c72dbbd21,PUB-006_연령별_재해자수
