"1,000인 이상",100인-299인,10인-19인,20인-29인,300인-499인,30인-49인,500인-999인,50인-99인,5인 미만,5인-9인,구분,대업종,source_period,source_endpoint,source_dataset
9,17,78,38,12,54,5,35,44,49,금융및보험업,금융및보험업,2020,https://api.odcloud.kr/api/15064490/v1/uddi:c99ee393-2d14-4b2f-99d3-a9ab4a0d63df,PUB-009_산업규모별_재해자수
69,496,54,85,455,137,906,115,42,36,석탄광업및채석업,광  업,2020,https://api.odcloud.kr/api/15064490/v1/uddi:c99ee393-2d14-4b2f-99d3-a9ab4a0d63df,PUB-009_산업규모별_재해자수
0,26,75,61,7,51,0,30,69,39,석회석·금속·비금속광업및기타광업,광  업,2020,https://api.odcloud.kr/api/15064490/v1/uddi:c99ee393-2d14-4b2f-99d3-a9ab4a0d63df,PUB-009_산업규모별_재해자수
26,405,498,286,67,385,45,407,453,348,식료품제조업,제조업,2020,https://api.odcloud.kr/api/15064490/v1/uddi:c99ee393-2d14-4b2f-99d3-a9ab4a0d63df,PUB-009_산업규모별_재해자수
5,52,160,107,11,108,13,100,279,159,섬유및섬유제품제조업,제조업,2020,https://api.odcloud.kr/api/15064490/v1/uddi:c99ee393-2d14-4b2f-99d3-a9ab4a0d63df,PUB-009_산업규모별_재해자수
0,94,272,172,18,85,4,74,435,303,목재및종이제품제조업,제조업,2020,https://api.odcloud.kr/api/15064490/v1/uddi:c99ee393-2d14-4b2f-99d3-a9ab4a0d63df,PUB-009_산업규모별_재해자수
0,31,74,37,2,56,0,33,107,95,출판·인쇄·제본또는인쇄물가공업,제조업,2020,https://api.odcloud.kr/api/15064490/v1/uddi:c99ee393-2d14-4b2f-99d3-a9ab4a0d63df,PUB-009_산업규모별_재해자수
429,265,497,294,58,320,49,284,507,377,화학및고무제품제조업,제조업,2020,https://api.odcloud.kr/api/15064490/v1/uddi:c99ee393-2d14-4b2f-99d3-a9ab4a0d63df,PUB-009_산업규모별_재해자수
7,58,37,34,16,33,20,62,18,23,의약품·화장품·연탄·석유제품제조업,제조업,2020,https://api.odcloud.kr/api/15064490/v1/uddi:c99ee393-2d14-4b2f-99d3-a9ab4a0d63df,PUB-009_산업규모별_재해자수
1159,984,2327,1277,324,1198,232,996,3328,2296,기계기구·금속·비금속광물제품제조업,제조업,2020,https://api.odcloud.kr/api/15064490/v1/uddi:c99ee393-2d14-4b2f-99d3-a9ab4a0d63df,PUB-009_산업규모별_재해자수
78,24,4,4,1,13,12,28,1,2,금속제련업,제조업,2020,https://api.odcloud.kr/api/15064490/v1/uddi:c99ee393-2d14-4b2f-99d3-a9ab4a0d63df,PUB-009_산업규모별_재해자수
120,218,237,142,112,156,44,196,292,208,전기기계기구·정밀기구·전자제품제조업,제조업,2020,https://api.odcloud.kr/api/15064490/v1/uddi:c99ee393-2d14-4b2f-99d3-a9ab4a0d63df,PUB-009_산업규모별_재해자수
1111,370,138,90,21,69,49,195,304,145,선박건조및수리업,제조업,2020,https://api.odcloud.kr/api/15064490/v1/uddi:c99ee393-2d14-4b2f-99d3-a9ab4a0d63df,PUB-009_산업규모별_재해자수
0,38,217,138,1,122,0,63,350,212,수제품및기타제품제조업,제조업,2020,https://api.odcloud.kr/api/15064490/v1/uddi:c99ee393-2d14-4b2f-99d3-a9ab4a0d63df,PUB-009_산업규모별_재해자수
9,15,14,7,3,16,3,23,8,7,전기·가스·증기및수도사업,전기·가스·증기및수도사업,2020,https://api.odcloud.kr/api/15064490/v1/uddi:c99ee393-2d14-4b2f-99d3-a9ab4a0d63df,PUB-009_산업규모별_재해자수
390,2173,3397,1785,747,1732,639,1568,10815,3553,건설업,건설업,2020,https://api.odcloud.kr/api/15064490/v1/uddi:c99ee393-2d14-4b2f-99d3-a9ab4a0d63df,PUB-009_산업규모별_재해자수
338,256,213,143,104,172,94,309,609,164,철도·항공·창고·운수관련서비스업,운수·창고 및 통신업,2020,https://api.odcloud.kr/api/15064490/v1/uddi:c99ee393-2d14-4b2f-99d3-a9ab4a0d63df,PUB-009_산업규모별_재해자수
9,467,408,204,282,244,86,351,2154,402,육상및수상운수업,운수·창고 및 통신업,2020,https://api.odcloud.kr/api/15064490/v1/uddi:c99ee393-2d14-4b2f-99d3-a9ab4a0d63df,PUB-009_산업규모별_재해자수
0,8,29,34,4,40,1,33,57,36,통신업,운수·창고 및 통신업,2020,https://api.odcloud.kr/api/15064490/v1/uddi:c99ee393-2d14-4b2f-99d3-a9ab4a0d63df,PUB-009_산업규모별_재해자수
0,3,108,39,0,9,0,5,618,248,임업,임  업,2020,https://api.odcloud.kr/api/15064490/v1/uddi:c99ee393-2d14-4b2f-99d3-a9ab4a0d63df,PUB-009_산업규모별_재해자수
0,0,5,0,0,0,0,0,27,16,어업,어  업,2020,https://api.odcloud.kr/api/15064490/v1/uddi:c99ee393-2d14-4b2f-99d3-a9ab4a0d63df,PUB-009_산업규모별_재해자수
0,4,110,54,0,44,0,10,303,114,농업,농  업,2020,https://api.odcloud.kr/api/15064490/v1/uddi:c99ee393-2d14-4b2f-99d3-a9ab4a0d63df,PUB-009_산업규모별_재해자수
39,365,1527,720,117,809,49,764,2311,1566,시설관리및사업지원서비스업,기타의사업,2020,https://api.odcloud.kr/api/15064490/v1/uddi:c99ee393-2d14-4b2f-99d3-a9ab4a0d63df,PUB-009_산업규모별_재해자수
19,58,221,96,17,105,10,75,824,286,기타의각종사업,기타의사업,2020,https://api.odcloud.kr/api/15064490/v1/uddi:c99ee393-2d14-4b2f-99d3-a9ab4a0d63df,PUB-009_산업규모별_재해자수
2,2,3,0,0,3,0,1,7,3,해외파견자,기타의사업,2020,https://api.odcloud.kr/api/15064490/v1/uddi:c99ee393-2d14-4b2f-99d3-a9ab4a0d63df,PUB-009_산업규모별_재해자수
174,869,1075,681,270,956,129,1072,932,856,전문·보건·교육·여가관련서비스업,기타의사업,2020,https://api.odcloud.kr/api/15064490/v1/uddi:c99ee393-2d14-4b2f-99d3-a9ab4a0d63df,PUB-009_산업규모별_재해자수
50,1053,2683,993,158,867,81,825,8340,3542,도소매·음식·숙박업,기타의사업,2020,https://api.odcloud.kr/api/15064490/v1/uddi:c99ee393-2d14-4b2f-99d3-a9ab4a0d63df,PUB-009_산업규모별_재해자수
6,4,19,7,0,8,1,4,136,45,부동산업및임대업,기타의사업,2020,https://api.odcloud.kr/api/15064490/v1/uddi:c99ee393-2d14-4b2f-99d3-a9ab4a0d63df,PUB-009_산업규모별_재해자수
210,571,585,696,245,485,652,414,492,350,국가및지방자치단체의사업,기타의사업,2020,https://api.odcloud.kr/api/15064490/v1/uddi:c99ee393-2d14-4b2f-99d3-a9ab4a0d63df,PUB-009_산업규모별_재해자수
24,7,1,0,2,1,2,1,0,0,주한미군,기타의사업,2020,https://api.odcloud.kr/api/15064490/v1/uddi:c99ee393-2d14-4b2f-99d3-a9ab4a0d63df,PUB-009_산업규모별_재해자수
