1등급,2등급,3등급,구분1,구분2,등급외A,등급외B,등급외C,등급외자소계,인정자소계,전체계,source_period,source_endpoint,source_dataset
54368,71093,161446,2009,인원,60501,27424,15698,103623,286907,390530,2014Q1,https://api.odcloud.kr/api/3051420/v1/uddi:442633de-1cd7-46f1-90b7-9e3e98875938_201610261437,PUB-005_장기요양_인정현황
13.90,18.20,41.40,2009,비율,15.50,7.00,4.00,26.50,73.50,100,2014Q1,https://api.odcloud.kr/api/3051420/v1/uddi:442633de-1cd7-46f1-90b7-9e3e98875938_201610261437,PUB-005_장기요양_인정현황
46994,73833,195167,2010,인원,92356,40296,17131,149783,315994,465777,2014Q1,https://api.odcloud.kr/api/3051420/v1/uddi:442633de-1cd7-46f1-90b7-9e3e98875938_201610261437,PUB-005_장기요양_인정현황
10.10,15.80,41.90,2010,비율,19.80,8.70,3.70,32.20,67.80,100,2014Q1,https://api.odcloud.kr/api/3051420/v1/uddi:442633de-1cd7-46f1-90b7-9e3e98875938_201610261437,PUB-005_장기요양_인정현황
41326,72640,210446,2011,인원,95890,42258,15886,154034,324412,478446,2014Q1,https://api.odcloud.kr/api/3051420/v1/uddi:442633de-1cd7-46f1-90b7-9e3e98875938_201610261437,PUB-005_장기요양_인정현황
8.60,15.20,44.00,2011,비율,20.10,8.80,3.30,32.20,67.80,100,2014Q1,https://api.odcloud.kr/api/3051420/v1/uddi:442633de-1cd7-46f1-90b7-9e3e98875938_201610261437,PUB-005_장기요양_인정현황
38262,70619,232907,2012,인원,93422,44754,15481,153657,341788,495445,2014Q1,https://api.odcloud.kr/api/3051420/v1/uddi:442633de-1cd7-46f1-90b7-9e3e98875938_201610261437,PUB-005_장기요양_인정현황
7.70,14.30,47.00,2012,비율,18.90,9.00,3.10,31.00,69.00,100,2014Q1,https://api.odcloud.kr/api/3051420/v1/uddi:442633de-1cd7-46f1-90b7-9e3e98875938_201610261437,PUB-005_장기요양_인정현황
37283,71824,269386,2013,인원,89731,52390,14714,156835,378493,535328,2014Q1,https://api.odcloud.kr/api/3051420/v1/uddi:442633de-1cd7-46f1-90b7-9e3e98875938_201610261437,PUB-005_장기요양_인정현황
7.00,13.40,50.30,2013,비율,16.80,9.80,2.70,29.30,70.70,100,2014Q1,https://api.odcloud.kr/api/3051420/v1/uddi:442633de-1cd7-46f1-90b7-9e3e98875938_201610261437,PUB-005_장기요양_인정현황
37057,71688,276349,2014년1분기,인원,89716,54984,14450,159150,385094,544244,2014Q1,https://api.odcloud.kr/api/3051420/v1/uddi:442633de-1cd7-46f1-90b7-9e3e98875938_201610261437,PUB-005_장기요양_인정현황
6.80,13.20,50.80,2014년1분기,비율,16.50,10.10,2.60,29.20,70.80,100,2014Q1,https://api.odcloud.kr/api/3051420/v1/uddi:442633de-1cd7-46f1-90b7-9e3e98875938_201610261437,PUB-005_장기요양_인정현황
