1등급,2등급,3등급,4등급,5등급,구분1,구분2,등급외A,등급외B,등급외C,등급외자소계,인정자소계,인지지원등급,전체계,source_period,source_endpoint,source_dataset
54368.0,71093.0,161446.0,0.0,0.0,2009년,인원,60501.0,27424.0,15698.0,103623.0,286907.0,0.0,390530,2024,https://api.odcloud.kr/api/3051420/v1/uddi:76462a9a-5c61-4193-9b23-bd5ba862ade4,PUB-005_장기요양_인정현황
13.9,18.2,41.4,0.0,0.0,2009년,비율,15.5,7.0,4.0,26.5,73.5,0.0,100,2024,https://api.odcloud.kr/api/3051420/v1/uddi:76462a9a-5c61-4193-9b23-bd5ba862ade4,PUB-005_장기요양_인정현황
46994.0,73833.0,195167.0,0.0,0.0,2010년,인원,92356.0,40296.0,17131.0,149783.0,315994.0,0.0,465777,2024,https://api.odcloud.kr/api/3051420/v1/uddi:76462a9a-5c61-4193-9b23-bd5ba862ade4,PUB-005_장기요양_인정현황
10.1,15.8,41.9,0.0,0.0,2010년,비율,19.8,8.7,3.7,32.2,67.8,0.0,100,2024,https://api.odcloud.kr/api/3051420/v1/uddi:76462a9a-5c61-4193-9b23-bd5ba862ade4,PUB-005_장기요양_인정현황
41326.0,72640.0,210446.0,0.0,0.0,2011년,인원,95890.0,42258.0,15886.0,154034.0,324412.0,0.0,478446,2024,https://api.odcloud.kr/api/3051420/v1/uddi:76462a9a-5c61-4193-9b23-bd5ba862ade4,PUB-005_장기요양_인정현황
8.6,15.2,44.0,0.0,0.0,2011년,비율,20.1,8.8,3.3,32.2,67.8,0.0,100,2024,https://api.odcloud.kr/api/3051420/v1/uddi:76462a9a-5c61-4193-9b23-bd5ba862ade4,PUB-005_장기요양_인정현황
38262.0,70619.0,232907.0,0.0,0.0,2012년,인원,93422.0,44754.0,15481.0,153657.0,341788.0,0.0,495445,2024,https://api.odcloud.kr/api/3051420/v1/uddi:76462a9a-5c61-4193-9b23-bd5ba862ade4,PUB-005_장기요양_인정현황
7.7,14.3,47.0,0.0,0.0,2012년,비율,18.9,9.0,3.1,31.0,69.0,0.0,100,2024,https://api.odcloud.kr/api/3051420/v1/uddi:76462a9a-5c61-4193-9b23-bd5ba862ade4,PUB-005_장기요양_인정현황
37283.0,71824.0,269386.0,0.0,0.0,2013년,인원,89731.0,52390.0,14714.0,156835.0,378493.0,0.0,535328,2024,https://api.odcloud.kr/api/3051420/v1/uddi:76462a9a-5c61-4193-9b23-bd5ba862ade4,PUB-005_장기요양_인정현황
7.0,13.4,50.3,0.0,0.0,2013년,비율,16.8,9.8,2.7,29.3,70.7,0.0,100,2024,https://api.odcloud.kr/api/3051420/v1/uddi:76462a9a-5c61-4193-9b23-bd5ba862ade4,PUB-005_장기요양_인정현황
37655.0,72100.0,170329.0,134032.0,10456.0,2014년,인원,85263.0,61209.0,14342.0,160814.0,424572.0,0.0,585386,2024,https://api.odcloud.kr/api/3051420/v1/uddi:76462a9a-5c61-4193-9b23-bd5ba862ade4,PUB-005_장기요양_인정현황
6.4,12.3,29.1,22.9,1.8,2014년,비율,14.6,10.5,2.4,27.5,72.5,0.0,100,2024,https://api.odcloud.kr/api/3051420/v1/uddi:76462a9a-5c61-4193-9b23-bd5ba862ade4,PUB-005_장기요양_인정현황
37921.0,71260.0,176336.0,162763.0,19472.0,2015년,인원,82553.0,65949.0,14503.0,163005.0,467752.0,0.0,630757,2024,https://api.odcloud.kr/api/3051420/v1/uddi:76462a9a-5c61-4193-9b23-bd5ba862ade4,PUB-005_장기요양_인정현황
6.0,11.3,28.0,25.8,3.1,2015년,비율,13.1,10.5,2.3,25.8,74.2,0.0,100,2024,https://api.odcloud.kr/api/3051420/v1/uddi:76462a9a-5c61-4193-9b23-bd5ba862ade4,PUB-005_장기요양_인정현황
40917.0,74334.0,185800.0,188888.0,29911.0,2016년,인원,78048.0,68715.0,14393.0,161156.0,519850.0,0.0,681006,2024,https://api.odcloud.kr/api/3051420/v1/uddi:76462a9a-5c61-4193-9b23-bd5ba862ade4,PUB-005_장기요양_인정현황
6.0,10.9,27.3,27.7,4.4,2016년,비율,11.5,10.1,2.1,23.7,76.3,0.0,100,2024,https://api.odcloud.kr/api/3051420/v1/uddi:76462a9a-5c61-4193-9b23-bd5ba862ade4,PUB-005_장기요양_인정현황
43382.0,79853.0,196167.0,223884.0,42001.0,2017년,인원,77244.0,72491.0,14787.0,164522.0,585287.0,0.0,749809,2024,https://api.odcloud.kr/api/3051420/v1/uddi:76462a9a-5c61-4193-9b23-bd5ba862ade4,PUB-005_장기요양_인정현황
5.8,10.6,26.2,29.9,5.6,2017년,비율,10.3,9.7,2.0,21.9,78.1,0.0,100,2024,https://api.odcloud.kr/api/3051420/v1/uddi:76462a9a-5c61-4193-9b23-bd5ba862ade4,PUB-005_장기요양_인정현황
45111.0,84751.0,211098.0,264681.0,53898.0,2018년,인원,77779.0,69529.0,13394.0,160702.0,670810.0,11271.0,831512,2024,https://api.odcloud.kr/api/3051420/v1/uddi:76462a9a-5c61-4193-9b23-bd5ba862ade4,PUB-005_장기요양_인정현황
5.4,10.2,25.4,31.8,6.5,2018년,비율,9.4,8.4,1.6,19.3,80.7,1.4,100,2024,https://api.odcloud.kr/api/3051420/v1/uddi:76462a9a-5c61-4193-9b23-bd5ba862ade4,PUB-005_장기요양_인정현황
44504.0,86678.0,226182.0,325901.0,73294.0,2019년,인원,78462.0,64927.0,13408.0,156797.0,772206.0,15647.0,929003,2024,https://api.odcloud.kr/api/3051420/v1/uddi:76462a9a-5c61-4193-9b23-bd5ba862ade4,PUB-005_장기요양_인정현황
4.8,9.3,24.3,35.1,7.9,2019년,비율,8.4,7.0,1.4,16.9,83.1,1.7,100,2024,https://api.odcloud.kr/api/3051420/v1/uddi:76462a9a-5c61-4193-9b23-bd5ba862ade4,PUB-005_장기요양_인정현황
43040.0,86998.0,238697.0,378126.0,91960.0,2020년,인원,76481.0,58659.0,14299.0,149439.0,857984.0,19163.0,1007423,2024,https://api.odcloud.kr/api/3051420/v1/uddi:76462a9a-5c61-4193-9b23-bd5ba862ade4,PUB-005_장기요양_인정현황
4.3,8.6,23.7,37.5,9.1,2020년,비율,7.6,5.8,1.4,14.8,85.2,1.9,100,2024,https://api.odcloud.kr/api/3051420/v1/uddi:76462a9a-5c61-4193-9b23-bd5ba862ade4,PUB-005_장기요양_인정현황
47800.0,92461.0,261047.0,423595.0,106107.0,2021년,인원,74838.0,53700.0,15413.0,143951.0,953511.0,22501.0,1097462,2024,https://api.odcloud.kr/api/3051420/v1/uddi:76462a9a-5c61-4193-9b23-bd5ba862ade4,PUB-005_장기요양_인정현황
4.4,8.4,23.8,38.6,9.7,2021년,비율,6.8,4.9,1.4,13.1,86.9,2.1,100,2024,https://api.odcloud.kr/api/3051420/v1/uddi:76462a9a-5c61-4193-9b23-bd5ba862ade4,PUB-005_장기요양_인정현황
49946.0,94233.0,278520.0,459316.0,113842.0,2022년,인원,74878.0,50385.0,16457.0,141720.0,1019130.0,23273.0,1160850,2024,https://api.odcloud.kr/api/3051420/v1/uddi:76462a9a-5c61-4193-9b23-bd5ba862ade4,PUB-005_장기요양_인정현황
4.3,8.1,24.0,39.6,9.8,2022년,비율,6.5,4.3,1.4,12.2,87.8,2.0,100,2024,https://api.odcloud.kr/api/3051420/v1/uddi:76462a9a-5c61-4193-9b23-bd5ba862ade4,PUB-005_장기요양_인정현황
52913.0,98015.0,297796.0,499584.0,123971.0,2023년,인원,75552.0,47410.0,17620.0,140582.0,1097913.0,25634.0,1238495,2024,https://api.odcloud.kr/api/3051420/v1/uddi:76462a9a-5c61-4193-9b23-bd5ba862ade4,PUB-005_장기요양_인정현황
4.3,7.9,24.0,40.3,10.0,2023년,비율,6.1,3.8,1.4,11.4,88.6,2.1,100,2024,https://api.odcloud.kr/api/3051420/v1/uddi:76462a9a-5c61-4193-9b23-bd5ba862ade4,PUB-005_장기요양_인정현황
55340.0,99429.0,310717.0,536261.0,135448.0,2024년,인원,73943.0,43414.0,18682.0,136039.0,1165030.0,27835.0,1301069,2024,https://api.odcloud.kr/api/3051420/v1/uddi:76462a9a-5c61-4193-9b23-bd5ba862ade4,PUB-005_장기요양_인정현황
4.3,7.6,23.9,41.2,10.4,2024년,비율,5.7,3.3,1.4,10.5,89.5,2.1,100,2024,https://api.odcloud.kr/api/3051420/v1/uddi:76462a9a-5c61-4193-9b23-bd5ba862ade4,PUB-005_장기요양_인정현황
