dstrCd,dstrName,largeClass,middleClass,smallClass,source_dataset,source_endpoint
1100000000,서울특별시,11,00,000000,PUB-001_자립형일자리_행정구역코드,https://apis.data.go.kr/B552474/JobBsnInfoService/getJobAdministCodeList
2900000000,전남광주통합(광주),29,00,000000,PUB-001_자립형일자리_행정구역코드,https://apis.data.go.kr/B552474/JobBsnInfoService/getJobAdministCodeList
3000000000,대전광역시,30,00,000000,PUB-001_자립형일자리_행정구역코드,https://apis.data.go.kr/B552474/JobBsnInfoService/getJobAdministCodeList
3100000000,울산광역시,31,00,000000,PUB-001_자립형일자리_행정구역코드,https://apis.data.go.kr/B552474/JobBsnInfoService/getJobAdministCodeList
4100000000,경기도,41,00,000000,PUB-001_자립형일자리_행정구역코드,https://apis.data.go.kr/B552474/JobBsnInfoService/getJobAdministCodeList
4300000000,충청북도,43,00,000000,PUB-001_자립형일자리_행정구역코드,https://apis.data.go.kr/B552474/JobBsnInfoService/getJobAdministCodeList
4500000000,전북특별자치도,45,00,000000,PUB-001_자립형일자리_행정구역코드,https://apis.data.go.kr/B552474/JobBsnInfoService/getJobAdministCodeList
4600000000,전남광주통합(전남),46,00,000000,PUB-001_자립형일자리_행정구역코드,https://apis.data.go.kr/B552474/JobBsnInfoService/getJobAdministCodeList
4800000000,경상남도,48,00,000000,PUB-001_자립형일자리_행정구역코드,https://apis.data.go.kr/B552474/JobBsnInfoService/getJobAdministCodeList
9900000000,임시,99,00,000000,PUB-001_자립형일자리_행정구역코드,https://apis.data.go.kr/B552474/JobBsnInfoService/getJobAdministCodeList
5000000000,제주특별자치도,50,00,000000,PUB-001_자립형일자리_행정구역코드,https://apis.data.go.kr/B552474/JobBsnInfoService/getJobAdministCodeList
2600000000,부산광역시,26,00,000000,PUB-001_자립형일자리_행정구역코드,https://apis.data.go.kr/B552474/JobBsnInfoService/getJobAdministCodeList
2800000000,인천광역시,28,00,000000,PUB-001_자립형일자리_행정구역코드,https://apis.data.go.kr/B552474/JobBsnInfoService/getJobAdministCodeList
2700000000,대구광역시,27,00,000000,PUB-001_자립형일자리_행정구역코드,https://apis.data.go.kr/B552474/JobBsnInfoService/getJobAdministCodeList
4200000000,강원특별자치도,42,00,000000,PUB-001_자립형일자리_행정구역코드,https://apis.data.go.kr/B552474/JobBsnInfoService/getJobAdministCodeList
3600000000,세종특별자치시,36,00,000000,PUB-001_자립형일자리_행정구역코드,https://apis.data.go.kr/B552474/JobBsnInfoService/getJobAdministCodeList
4700000000,경상북도,47,00,000000,PUB-001_자립형일자리_행정구역코드,https://apis.data.go.kr/B552474/JobBsnInfoService/getJobAdministCodeList
4400000000,충청남도,44,00,000000,PUB-001_자립형일자리_행정구역코드,https://apis.data.go.kr/B552474/JobBsnInfoService/getJobAdministCodeList
1200000000,전남광주통합특별시,12,00,000000,PUB-001_자립형일자리_행정구역코드,https://apis.data.go.kr/B552474/JobBsnInfoService/getJobAdministCodeList
